group,object_index,mean_movement,median_movement,max_movement,movement_std,frame_count
pg1_1,0,1.2173229104909522,0.7071067811865476,3.5355339059327378,1.2300620156938105,97
pg1_1,1,0.12089115911941656,0.0,3.605551275463989,0.43038527970925544,97
pg1_1,2,0.07112944921610614,0.0,2.8284271247461903,0.33268125632747253,97
pg1_1,3,0.04856539229342063,0.0,3.1622776601683795,0.33282798870877345,97
pg1_1,4,0.029044225117403514,0.0,1.5811388300841898,0.1826419438419171,97
pg1_1,5,0.04382402897069321,0.0,1.5,0.19373415400161362,97
pg1_1,6,0.046283070402982684,0.0,2.23606797749979,0.252239573459981,97
pg1_1,7,0.10407425764015565,0.0,4.242640687119285,0.5400797279747195,97
pg1_1,8,0.1875985563895859,0.0,4.6097722286464435,0.5677420748478564,97
pg1_1,9,0.982893969580413,1.0,4.242640687119285,1.0362191735139106,97
pg1_10,0,0.12169659537883826,0.0,2.1213203435596424,0.34148644286301133,97
pg1_10,1,0.015625,0.0,0.5,0.08745299489319662,97
pg1_10,2,0.07232473706964936,0.0,2.23606797749979,0.2809352184391753,97
pg1_10,3,0.609044876483964,0.5,3.1622776601683795,0.7443837188832167,97
pg1_10,4,0.9256328316522627,0.8535533905932737,2.692582403567252,0.7677552423367047,97
pg1_10,5,0.49389773771536466,0.25,1.8027756377319946,0.5765801388518147,97
pg1_10,6,1.0495111792467835,0.5,11.672617529928752,1.745697035646155,97
pg1_10,7,0.028199028970693204,0.0,1.0,0.1422992479711814,97
pg1_10,8,1.4471862609157224,1.4142135623730951,5.830951894845301,1.332558223935055,97
pg1_10,9,0.704625535450586,0.25,2.23606797749979,0.821335716090331,97
pg1_11,0,0.015625,0.0,1.5,0.15309310892394862,97
pg1_11,1,0.19371606930592677,0.0,1.118033988749895,0.3103056576531137,97
pg1_11,2,0.08600642227065562,0.0,2.5495097567963922,0.30417927455449456,97
pg1_11,3,0.2859462981210277,0.0,2.23606797749979,0.3960400378580098,97
pg1_11,4,0.4076826533871545,0.0,3.605551275463989,0.5716486406711553,97
pg1_11,5,0.3180503620307928,0.0,1.8027756377319946,0.4108914679643435,97
pg1_11,6,0.4563205502110595,0.5,2.9154759474226504,0.5181959528136997,97
pg1_11,7,0.9013793268720983,0.5,7.5,1.379364726670674,97
pg1_11,8,0.32741422752316623,0.0,1.8027756377319946,0.4496641163670972,97
pg1_11,9,0.4754241898267428,0.5,1.5811388300841898,0.4762937684139702,97
pg1_12,0,0.10732057955970827,0.0,2.5,0.3463235503867342,97
pg1_12,1,0.8041226866890065,0.5,5.656854249492381,1.1626880092730538,97
pg1_12,2,0.8414186744570299,0.5,4.716990566028302,0.9488685948089496,97
pg1_12,3,0.5013251172939167,0.25,5.220153254455275,0.7888874255620553,97
pg1_12,4,1.3035599630047874,1.118033988749895,6.519202405202649,1.36254489677334,97
pg1_12,5,0.5329630651786114,0.5,4.0,0.7414866690139995,97
pg1_12,6,1.1798874427084542,0.6035533905932737,4.924428900898052,1.3103037002873343,97
pg1_12,7,0.4804381811388921,0.0,2.5495097567963922,0.6414719815350635,97
pg1_12,8,0.12791991300956537,0.0,3.1622776601683795,0.39308635186498936,97
pg1_12,9,1.1176025970489636,0.7071067811865476,8.246211251235321,1.3614720584591076,97
pg1_2,0,0.5177708573276905,0.0,3.8078865529319543,0.8383171148074059,97
pg1_2,1,0.09501375357874627,0.0,2.0,0.2740216878962657,97
pg1_2,2,0.48482503923817766,0.5,3.0,0.5566316878044145,97
pg1_2,3,0.6414412431259032,0.5,10.124228365658293,1.1239081280829675,97
pg1_2,4,0.37076551382077844,0.0,3.1622776601683795,0.5831237265215542,97
pg1_2,5,0.9820917425017668,1.118033988749895,6.324555320336759,0.9795680986711217,97
pg1_2,6,0.8665459241902521,0.5,2.5,0.8578640763507638,97
pg1_2,7,0.500379952981051,0.5,2.5495097567963922,0.5473718129662813,97
pg1_2,8,0.09375,0.0,1.0,0.2091650066335189,97
pg1_2,9,0.9893698888089794,1.118033988749895,5.1478150704935,0.9376910804251176,97
pg1_3,0,0.0,0.0,0.0,0.0,97
pg1_3,1,0.015625,0.0,1.5,0.15309310892394862,97
pg1_3,2,0.04813875357874627,0.0,2.1213203435596424,0.24121480705996953,97
pg1_3,3,0.14573650817619344,0.0,3.1622776601683795,0.3968433807160361,97
pg1_3,4,0.9682532946249395,0.5,3.2015621187164243,1.0686864220055303,97
pg1_3,5,0.36259734479946176,0.0,8.246211251235321,0.9283727920243916,97
pg1_3,6,1.2505494832755062,1.0,6.020797289396148,1.068043440021441,97
pg1_3,7,1.063673350566731,0.5,8.5,1.2560820636794554,97
pg1_3,8,1.116644172676749,0.7071067811865476,4.924428900898052,1.113544156930321,97
pg1_3,9,1.0177100070265621,1.0,5.70087712549569,1.0491579018853645,97
pg1_4,0,0.8982689960433682,0.5,7.106335201775948,1.148403146853261,97
pg1_4,1,0.08104491300956536,0.0,3.1622776601683795,0.3608388664914042,97
pg1_4,2,1.0637543366102054,0.5,8.0,1.5865187453532084,97
pg1_4,3,1.0433418780390127,1.0,3.8078865529319543,1.003929236607119,97
pg1_4,4,1.056111686117099,1.0,3.3541019662496847,1.0459158576346395,97
pg1_4,5,0.036458333333333336,0.0,1.0,0.149469089687232,97
pg1_4,6,0.06770833333333333,0.0,0.5,0.17198212371404456,97
pg1_4,7,0.05639805794138641,0.0,1.4142135623730951,0.22230014962710676,97
pg1_4,8,1.0815757318172607,1.0590169943749475,9.12414379544733,1.2965485270680435,97
pg1_4,9,0.2160913113081404,0.0,3.2015621187164243,0.4786740055062675,97
pg1_5,0,0.050028912893041615,0.0,1.8027756377319946,0.2515158748986904,97
pg1_5,1,0.010416666666666666,0.0,0.5,0.07178794308189787,97
pg1_5,2,0.036458333333333336,0.0,3.5,0.3572172541558804,97
pg1_5,3,0.03168105484530322,0.0,3.0413812651491097,0.3104096755364856,97
pg1_5,4,0.02206285404947807,0.0,1.118033988749895,0.13389981035458387,97
pg1_5,5,1.4958160917839376,1.266123775561495,4.527692569068709,1.2137514055616847,97
pg1_5,6,1.0524377657036257,0.5,3.5,1.0841828158853002,97
pg1_5,7,1.1230991139437967,0.7071067811865476,6.800735254367722,1.359799693084983,97
pg1_5,8,0.9958957230205258,1.118033988749895,4.031128874149275,0.8887389294681876,97
pg1_5,9,0.7332977715429853,0.5,4.6097722286464435,0.8374669848135652,97
pg1_6,0,1.1454495152321922,1.0,8.48528137423857,1.2366881033555808,97
pg1_6,1,0.03370904143228948,0.0,2.23606797749979,0.24901733717847874,97
pg1_6,2,0.005208333333333333,0.0,0.5,0.05103103630798282,97
pg1_6,3,0.0,0.0,0.0,0.0,97
pg1_6,4,0.13964874583354825,0.0,1.5811388300841898,0.2786778911700415,97
pg1_6,5,0.9174475099433437,0.7071067811865476,2.692582403567252,0.8519071260467729,97
pg1_6,6,1.2818800552675986,1.4142135623730951,4.47213595499958,1.1459366120757444,97
pg1_6,7,0.7149411978920256,0.5,14.705441169852742,1.568373183375372,97
pg1_6,8,0.8043634268918826,0.5,3.2015621187164243,0.9298440720326786,97
pg1_6,9,1.3713978769236432,1.118033988749895,10.700467279516348,1.5370844405947492,97
pg1_7,0,1.1442495165034396,1.118033988749895,3.5355339059327378,1.1159444063791084,97
pg1_7,1,0.1651811283443691,0.0,2.5,0.3924371717000334,97
pg1_7,2,0.046875,0.0,2.0,0.24146619028889235,97
pg1_7,3,0.7870910210076469,0.5,2.5495097567963922,0.779857082495973,97
pg1_7,4,0.6991083549603939,0.5,4.123105625617661,0.7597074282446459,97
pg1_7,5,1.184648030666189,0.8535533905932737,4.6097722286464435,1.1086951466054573,97
pg1_7,6,0.7857884197743368,0.0,11.704699910719626,1.6414804283985165,97
pg1_7,7,0.9051807807501792,0.5,2.9154759474226504,0.9751770926857478,97
pg1_7,8,0.925865832161442,0.5,4.031128874149275,0.9116564232801513,97
pg1_7,9,0.9038567811721726,1.118033988749895,4.47213595499958,0.8308025304448683,97
pg1_8,0,161.02653637263276,162.19395503362222,345.44174617437307,86.89269789731203,97
pg1_8,1,169.48417600631956,160.53228144144794,366.5276251525934,95.95551063477025,97
pg1_8,2,180.48880942921184,173.6757035396719,365.53317222927933,89.48810908361332,97
pg1_8,3,168.9565730258747,161.45298063278776,366.9727510320078,76.10475380475454,97
pg1_8,4,186.51897230365242,172.19979215331992,354.8309456628607,82.03196457837106,97
pg1_8,5,166.65634551526293,155.31919422730454,355.4490118146343,94.2444246544027,97
pg1_8,6,149.09177618078746,152.61252974873975,361.4505498681666,93.01329324489427,97
pg1_8,7,170.53841874566254,169.37217399700748,354.8309456628607,92.16283828357338,97
pg1_8,8,187.591566507268,165.1098119434457,355.3990714675546,88.12492931440406,97
pg1_8,9,182.96783866796443,167.4577696993946,366.5276251525934,93.2559534583057,97
pg1_9,0,160.52774644921456,166.26826260276164,386.73020311322983,97.72455337183942,97
pg1_9,1,150.13569181448665,145.69537984851846,386.0945480060551,93.79859768702674,97
pg1_9,2,170.059791475371,173.44163283364233,375.3245262436229,81.53382010855307,97
pg1_9,3,182.00520738777882,180.73630617297636,385.852951265116,91.85595304538606,97
pg1_9,4,152.75816060815214,148.64854374953006,386.73020311322983,98.09302294470788,97
pg1_9,5,157.67590836958837,175.74018266915704,328.8453283840292,76.31129531508056,97
pg1_9,6,186.35922014694063,193.78529153357198,384.38294707231745,93.83119739065107,97
pg1_9,7,154.45202956339844,146.79449644401421,386.51778743028115,92.93713348391793,97
pg1_9,8,163.15896746416675,163.62457028209425,385.852951265116,92.54189823554404,97
pg1_9,9,170.10244815153078,173.690843457676,381.07118757523506,97.94311371264415,97
pg2_1,0,0.6925351902759932,0.5,12.165525060596439,1.395322716801128,97
pg2_1,1,0.08150578458684124,0.0,6.324555320336759,0.6497955425773548,97
pg2_1,2,0.2196961734344017,0.0,7.0710678118654755,0.8199257012059411,97
pg2_1,3,0.4894135279541178,0.5,6.082762530298219,0.7434311794923257,97
pg2_1,4,0.2252220869120796,0.0,5.0,0.5971899205130723,97
pg2_1,5,0.17819870957363274,0.0,6.082762530298219,0.6973750868039222,97
pg2_1,6,0.6613806389785586,0.5,5.522680508593631,0.8382768192259147,97
pg2_1,7,0.7045695743699795,0.5,6.96419413859206,0.9224900206433394,97
pg2_1,8,0.7292628320367412,0.5,10.124228365658293,1.3943301326735476,97
pg2_1,9,0.9874463625491882,1.118033988749895,5.522680508593631,0.8819545840108366,97
pg2_10,0,0.07050328675648729,0.0,3.3541019662496847,0.36667512523711565,97
pg2_10,1,0.19791666666666666,0.0,7.5,0.7896673739008772,97
pg2_10,2,0.0812216325514169,0.0,5.5901699437494745,0.5791708452147741,97
pg2_10,3,0.23695441403143125,0.0,4.301162633521313,0.5037736557790918,97
pg2_10,4,0.5386154919100824,0.0,6.800735254367722,0.9741380091350301,97
pg2_10,5,1.0829894547456054,1.118033988749895,3.3541019662496847,0.7247856214977776,97
pg2_10,6,1.1969335524673126,1.4142135623730951,3.5,1.1330703829761628,97
pg2_10,7,0.5527023710609421,0.5,2.692582403567252,0.6682571876965274,97
pg2_10,8,0.9813692348231221,0.5,9.5,1.2441178857432622,97
pg2_10,9,0.3640537038451532,0.0,4.6097722286464435,0.5851372350842692,97
pg2_11,0,0.11220835284019548,0.0,4.272001872658765,0.4621607309046172,97
pg2_11,1,0.18604869454030393,0.0,4.242640687119285,0.4885752088088218,97
pg2_11,2,0.299368274294891,0.0,1.5,0.36844408401285905,97
pg2_11,3,0.09292510027585303,0.0,1.8027756377319946,0.26499320489634354,97
pg2_11,4,0.7329199144478739,0.5,6.708203932499369,0.9286749264383396,97
pg2_11,5,0.41258078387329,0.0,3.1622776601683795,0.5930172740071804,97
pg2_11,6,0.9160112892793976,1.0,5.852349955359813,0.9744020488679666,97
pg2_11,7,0.9545108137414715,1.0,4.527692569068709,0.8842795117718985,97
pg2_11,8,1.0560550053983029,1.118033988749895,5.0,0.8625896826297099,97
pg2_11,9,0.847215824763905,0.7071067811865476,2.692582403567252,0.7188707023913724,97
pg2_12,0,0.12228494096155769,0.0,1.118033988749895,0.2628678625138439,97
pg2_12,1,0.13996242968673925,0.0,5.315072906367325,0.5746340689564171,97
pg2_12,2,0.15488942126411384,0.0,3.1622776601683795,0.3865759222676767,97
pg2_12,3,1.0250558064258675,0.7071067811865476,6.324555320336759,1.2327932212167672,97
pg2_12,4,0.2342503844577085,0.0,2.5495097567963922,0.559437393220009,97
pg2_12,5,0.17513082500042984,0.0,3.1622776601683795,0.465161009328215,97
pg2_12,6,1.2344601493786524,1.0,12.776932339180638,1.5608917201773156,97
pg2_12,7,0.9625320607959756,1.0,3.3541019662496847,0.9308121811013154,97
pg2_12,8,1.2771750479164814,0.5,9.340770846134703,1.4926384062071367,97
pg2_12,9,0.2676321963767851,0.0,3.2015621187164243,0.5513028465314885,97
pg2_2,0,0.13143785404947808,0.0,4.0,0.4570098777027094,97
pg2_2,1,0.16982057955970828,0.0,5.0,0.5687609172372095,97
pg2_2,2,0.4437909162479235,0.0,13.038404810405298,1.3778043699457772,97
pg2_2,3,0.9002795797192918,0.5,4.123105625617661,0.975713941689467,97
pg2_2,4,0.7177795195175856,0.5,8.381527307120106,1.0540153094397287,97
pg2_2,5,1.2637301211710172,1.118033988749895,8.514693182963201,1.3056019920695918,97
pg2_2,6,0.8762524700849323,0.6035533905932737,3.5355339059327378,0.9034404091979971,97
pg2_2,7,0.5681022789525808,0.5,3.8078865529319543,0.7292168897074879,97
pg2_2,8,1.0643758701229096,0.7071067811865476,3.0,0.9458607034509531,97
pg2_2,9,1.264834722905068,1.0,13.536986370680884,1.5924775132790026,97
pg2_3,0,0.43758582665748014,0.5,2.8284271247461903,0.5038565987890958,97
pg2_3,1,0.4034241793643796,0.5,3.1622776601683795,0.5065455497199269,97
pg2_3,2,0.3978346255625518,0.5,3.0,0.4818369524132714,97
pg2_3,3,0.445281502012936,0.5,4.0,0.5376903908643835,97
pg2_3,4,0.4611478751712161,0.5,3.0413812651491097,0.6310800530886624,97
pg2_3,5,0.16279079591321288,0.0,1.8027756377319946,0.3070388120422579,97
pg2_3,6,0.1639858404908259,0.0,2.5,0.3929434114257713,97
pg2_3,7,0.09370158742143005,0.0,2.5,0.3427001328676288,97
pg2_3,8,1.1382332854445707,1.118033988749895,6.020797289396148,1.0803254813589707,97
pg2_3,9,0.43409653025152034,0.0,2.5495097567963922,0.5657764058322603,97
pg2_4,0,0.020833333333333332,0.0,0.5,0.10043763885240248,97
pg2_4,1,0.5157463201876763,0.5,2.0615528128088303,0.5227915997033377,97
pg2_4,2,0.2454634906483956,0.0,2.5,0.3694345149127204,97
pg2_4,3,0.1700877825494395,0.0,2.5,0.3550053229820614,97
pg2_4,4,0.18866692842160637,0.0,3.1622776601683795,0.4114526237550357,97
pg2_4,5,0.3949347656996196,0.5,2.8284271247461903,0.42335187505644245,97
pg2_4,6,1.3243679576658343,1.5811388300841898,3.3541019662496847,0.9820534513267843,97
pg2_4,7,1.2785437598057705,1.118033988749895,7.433034373659253,1.177961137814538,97
pg2_4,8,0.3703639144347959,0.0,2.8284271247461903,0.531450198735452,97
pg2_4,9,1.0067626688469395,1.118033988749895,4.031128874149275,0.7742376702086003,97
pg2_5,0,0.08179531203499806,0.0,5.852349955359813,0.6035658476717521,97
pg2_5,1,0.4241722327023856,0.0,4.123105625617661,0.7485247247079118,97
pg2_5,2,0.5198391454214816,0.5,4.301162633521313,0.6117933710106668,97
pg2_5,3,0.430415627590891,0.25,6.020797289396148,0.7692461737410728,97
pg2_5,4,0.46798636415367745,0.5,4.123105625617661,0.5450728705002115,97
pg2_5,5,1.220016172278163,1.118033988749895,5.220153254455275,1.1337400230186212,97
pg2_5,6,0.3766821863978058,0.0,6.800735254367722,0.8406051136454569,97
pg2_5,7,0.8053215458557498,0.6035533905932737,7.158910531638177,0.9732738671586653,97
pg2_5,8,0.4733851010391094,0.5,4.031128874149275,0.6068644904404106,97
pg2_5,9,0.6354753732863744,0.5,6.082762530298219,0.8286477303405906,97
pg2_6,0,0.06741808286457895,0.0,4.47213595499958,0.4652521783865387,97
pg2_6,1,0.2673045599543224,0.0,4.47213595499958,0.556214972960825,97
pg2_6,2,0.14357914587216689,0.0,3.1622776601683795,0.39431436525722086,97
pg2_6,3,0.14620347818679935,0.0,5.0,0.5821733882140898,97
pg2_6,4,0.1497701758494019,0.0,2.5495097567963922,0.3817771996293642,97
pg2_6,5,0.868342268561852,0.7071067811865476,5.70087712549569,1.0790553551205904,97
pg2_6,6,1.2187121338258666,1.0590169943749475,4.527692569068709,1.069506086432807,97
pg2_6,7,0.10479424462426566,0.0,4.272001872658765,0.48063274045988985,97
pg2_6,8,0.8088526668560219,1.0,3.0,0.6172324212816134,97
pg2_6,9,1.2478147818526157,0.7071067811865476,6.670832032063167,1.3368226034273265,97
pg2_7,0,0.07343239329996241,0.0,2.5495097567963922,0.30318203020917694,97
pg2_7,1,1.2848106531872672,0.0,113.81783691495811,11.616698105111606,97
pg2_7,2,1.2639206130856593,0.0,112.49222195334218,11.477960780578094,97
pg2_7,3,0.6570621562487413,0.5,9.513148795220223,1.0932994725829863,97
pg2_7,4,0.8563650985646438,0.5,2.692582403567252,0.8528424703320399,97
pg2_7,5,0.5998042390103686,0.5,2.8284271247461903,0.6258682221064759,97
pg2_7,6,0.7752484966143481,0.5,5.522680508593631,0.9830297836454422,97
pg2_7,7,0.7129472653464748,0.5,3.2015621187164243,0.815661145433622,97
pg2_7,8,1.3469899088842594,1.0,8.54400374531753,1.4958516173068055,97
pg2_7,9,0.6834945005050531,0.5,2.5,0.59073714616675,97
pg2_8,0,0.6074310889739407,0.5,3.3541019662496847,0.677290556681947,97
pg2_8,1,0.7927036616047056,0.5,4.527692569068709,0.8377639842765365,97
pg2_8,2,0.27336084049082593,0.0,2.5,0.38149690879716536,97
pg2_8,3,1.1878003131730648,1.0590169943749475,4.123105625617661,1.1241676216017884,97
pg2_8,4,0.06807847818679935,0.0,2.1213203435596424,0.28200542730025396,97
pg2_8,5,1.0662553609060186,1.0,7.0,1.083889451114588,97
pg2_8,6,1.2638828043334076,1.118033988749895,9.013878188659973,1.2371428231525246,97
pg2_8,7,0.6567561766634628,0.5,2.9154759474226504,0.6793375034684546,97
pg2_8,8,1.5452838583316837,1.5811388300841898,8.276472678623424,1.3089223712626972,97
pg2_8,9,0.08705612834436909,0.0,2.23606797749979,0.2860334564475782,97
pg2_9,0,0.08237840534579151,0.0,5.408326913195984,0.5605309948699261,97
pg2_9,1,0.16917136962106624,0.0,7.826237921249264,0.8143617493036857,97
pg2_9,2,0.2409036755265055,0.0,8.06225774829855,0.8969461653463855,97
pg2_9,3,0.12215429191184224,0.0,6.726812023536855,0.6982498390214559,97
pg2_9,4,0.18763238384948422,0.0,7.810249675906654,0.8326889385660359,97
pg2_9,5,0.34200595325101646,0.0,6.946221994724902,0.7505861925491998,97
pg2_9,6,0.23650951360518727,0.0,4.031128874149275,0.63561053945691,97
pg2_9,7,0.15227392121073913,0.0,6.082762530298219,0.6470501052772535,97
pg2_9,8,0.5470628560156588,0.5,4.6097722286464435,0.6200113261319211,97
pg2_9,9,0.44869416634005815,0.5,6.082762530298219,0.8502176831405893,97
pg3_1,0,0.14524140373631603,0.0,3.5,0.4227089794659352,97
pg3_1,1,0.3083996148968337,0.0,4.123105625617661,0.6558996155785014,97
pg3_1,2,1.0896622966100613,0.5,10.04987562112089,1.5026750309374166,97
pg3_1,3,0.7528143031133222,0.5,20.554804791094465,2.1394637301576007,97
pg3_1,4,1.0493053268010528,1.118033988749895,3.5,0.9265101458819366,97
pg3_1,5,0.9714560646670387,0.5,12.5,1.6979933016558626,97
pg3_1,6,0.3370776848275256,0.0,4.924428900898052,0.6516565845804166,97
pg3_1,7,1.264942518221449,1.0590169943749475,6.576473218982953,1.2810043792076649,97
pg3_1,8,0.7535423723644953,0.5,4.0,0.8077824989498862,97
pg3_1,9,0.8806318180099586,0.5,5.408326913195984,1.0452942658279407,97
pg3_10,0,0.01877891289304161,0.0,1.8027756377319946,0.18399501804849736,97
pg3_10,1,0.08127891289304161,0.0,1.8027756377319946,0.24313303437931474,97
pg3_10,2,0.040875999805121216,0.0,2.1213203435596424,0.282649097188377,97
pg3_10,3,0.18679100766538323,0.0,2.692582403567252,0.385943484650738,97
pg3_10,4,0.6051522130298423,0.5,2.1213203435596424,0.6034455167509506,97
pg3_10,5,0.8549997484196309,0.7071067811865476,2.9154759474226504,0.7579170993371606,97
pg3_10,6,0.57439177552602,0.0,3.2015621187164243,0.7095373768425254,97
pg3_10,7,1.186864280798169,1.0590169943749475,6.5,1.091931678895529,97
pg3_10,8,0.7534349392781735,0.5,3.5355339059327378,0.7574488765683335,97
pg3_10,9,1.2587483648347295,1.5,13.209844813622906,1.5101169183961118,97
pg3_11,0,0.07291666666666667,0.0,2.5,0.2989381793744644,97
pg3_11,1,0.026557393299962418,0.0,2.5495097567963922,0.26020824993326735,97
pg3_11,2,0.8044017818982899,0.5,6.576473218982953,1.000694633661881,97
pg3_11,3,0.8353368140625671,0.5,5.5901699437494745,1.2301578464352612,97
pg3_11,4,0.5372091633574987,0.25,4.242640687119285,0.7454776372180152,97
pg3_11,5,0.9892203831760042,1.0,6.020797289396148,0.9322216317507087,97
pg3_11,6,0.9886150915251634,1.118033988749895,4.031128874149275,0.9592950222765536,97
pg3_11,7,1.27066486000667,1.4142135623730951,3.3541019662496847,1.0182515359816093,97
pg3_11,8,1.209130228509881,1.118033988749895,9.17877987534291,1.1625669994879508,97
pg3_11,9,0.7347898331344812,0.5,9.486832980505138,1.155845803355281,97
pg3_12,0,0.18326516977665855,0.0,4.47213595499958,0.5002707924029101,97
pg3_12,1,0.05354223900666936,0.0,3.640054944640259,0.3800940319896852,97
pg3_12,2,0.06770833333333333,0.0,5.0,0.5161588477788128,97
pg3_12,3,0.08157241557130522,0.0,2.9154759474226504,0.42749220168590435,97
pg3_12,4,0.3938243311392215,0.5,5.0,0.6014073847888491,97
pg3_12,5,0.787247225723204,0.5,2.5495097567963922,0.8721009920799396,97
pg3_12,6,0.7634212350771995,0.5,3.0,0.6653060214904474,97
pg3_12,7,0.8432036112373082,0.5,3.3541019662496847,0.8255443902097878,97
pg3_12,8,0.6323029314560803,0.5,3.1622776601683795,0.6437433967016797,97
pg3_12,9,0.5658574301500444,0.0,4.272001872658765,0.8192507192835141,97
pg3_2,0,0.8551796914948051,0.5,9.17877987534291,1.225999479455825,97
pg3_2,1,0.07478377850193883,0.0,4.47213595499958,0.4697491951356431,97
pg3_2,2,0.09223022881510089,0.0,3.3541019662496847,0.3725217641074011,97
pg3_2,3,0.10098463761761844,0.0,3.1622776601683795,0.4074439178026166,97
pg3_2,4,0.3068325263218368,0.0,4.6097722286464435,0.6321389327299566,97
pg3_2,5,1.2391920244609413,1.0,4.031128874149275,1.2304586228642331,97
pg3_2,6,0.8918810935326392,0.7071067811865476,3.605551275463989,0.8071171508256463,97
pg3_2,7,0.9844295274552796,0.5,13.583077707206124,1.6997407125036228,97
pg3_2,8,0.8870163042527145,0.5,17.00735135169495,1.898662685307536,97
pg3_2,9,0.8202447397359599,0.5,8.0156097709407,1.007399269749936,97
pg3_3,0,0.08502372562675396,0.0,3.1622776601683795,0.3599124563693436,97
pg3_3,1,0.06996865172946147,0.0,4.716990566028302,0.500315913108545,97
pg3_3,2,0.09015755826137299,0.0,5.852349955359813,0.6259281530157401,97
pg3_3,3,0.11060452071614474,0.0,5.0,0.5412033127035841,97
pg3_3,4,0.1421250088765966,0.0,5.522680508593631,0.5899227983190541,97
pg3_3,5,0.14342849389638693,0.0,5.1478150704935,0.5551207895613617,97
pg3_3,6,0.9026707158113755,0.5,10.5,1.3554094955764693,97
pg3_3,7,0.04450001950686214,0.0,4.272001872658765,0.4360093653428401,97
pg3_3,8,0.06980793873662942,0.0,3.2015621187164243,0.34841260721308737,97
pg3_3,9,0.08447679404840046,0.0,4.6097722286464435,0.48465845208288744,97
pg3_4,0,0.5528237892789917,0.5,3.2015621187164243,0.5681089811007153,97
pg3_4,1,0.8529898193093954,0.5,9.848857801796104,1.1693507120702966,97
pg3_4,2,0.7214298608834743,0.7071067811865476,5.408326913195984,0.7731394628686783,97
pg3_4,3,0.4935548672046639,0.0,7.0178344238090995,0.9534687085839145,97
pg3_4,4,0.9761775171121109,1.0,5.1478150704935,0.9432275814465548,97
pg3_4,5,0.21650227513823275,0.0,6.670832032063167,0.7416210511018716,97
pg3_4,6,0.05839115911941656,0.0,3.605551275463989,0.3793718542888363,97
pg3_4,7,1.2470985042108782,0.7071067811865476,17.0,1.9599826819759052,97
pg3_4,8,1.1846844020197886,0.6035533905932737,9.394147114027968,1.6967963475811747,97
pg3_4,9,0.6443201367821948,0.5,6.800735254367722,0.9127503255104694,97
pg3_5,0,0.6207526808881336,0.5,2.23606797749979,0.6135140068777115,97
pg3_5,1,1.1257529168462168,1.118033988749895,8.139410298049853,1.17803277382867,97
pg3_5,2,0.9331281607577947,1.0,4.242640687119285,0.8376665346926194,97
pg3_5,3,1.0409516438174486,1.0,2.692582403567252,0.9704924893141421,97
pg3_5,4,0.3736840529145218,0.0,3.3541019662496847,0.6142567776576843,97
pg3_5,5,0.8493248786269834,0.6035533905932737,2.5,0.8013156027981997,97
pg3_5,6,0.1544627825494395,0.0,2.0,0.3278247266850173,97
pg3_5,7,1.0892792097329664,1.0,4.301162633521313,1.000490390870914,97
pg3_5,8,0.9759829978840381,1.0,3.5355339059327378,0.8947560092753515,97
pg3_5,9,0.9398792475350163,0.7071067811865476,9.340770846134703,1.2104639910950592,97
pg3_7,0,0.03370904143228948,0.0,2.23606797749979,0.23821518910582368,97
pg3_7,1,0.09584960540329608,0.0,3.2015621187164243,0.3820723808779687,97
pg3_7,2,0.0429490169335173,0.0,4.123105625617661,0.4208127057650885,97
pg3_7,3,0.08038531839612814,0.0,4.716990566028302,0.49342697701398136,97
pg3_7,4,0.17315190342301248,0.0,5.0,0.6334680497965144,97
pg3_7,5,1.1668103249313617,1.0590169943749475,3.2015621187164243,1.0452959888085225,97
pg3_7,6,0.8514910194397597,0.6035533905932737,6.576473218982953,0.9026070556483661,97
pg3_7,7,0.7515507359614665,0.5,7.516648189186454,1.0388579922328403,97
pg3_7,8,0.8965015279355072,0.5,8.06225774829855,1.1724619217216796,97
pg3_7,9,0.6860873475186865,0.5,5.0,0.7241058264557324,97
pg3_8,0,0.030369541118985943,0.0,2.9154759474226504,0.2975595178559534,97
pg3_8,1,0.09827374513361609,0.0,4.272001872658765,0.5742075364559907,97
pg3_8,2,0.059551985062794806,0.0,4.716990566028302,0.4856849949808555,97
pg3_8,3,0.0588314069843073,0.0,5.1478150704935,0.5273342203256696,97
pg3_8,4,0.1013313147645452,0.0,4.6097722286464435,0.5182386018876711,97
pg3_8,5,0.6828323778492377,0.25,9.013878188659973,1.1931340181530434,97
pg3_8,6,1.127370920051739,0.5,6.0,1.2236156157177138,97
pg3_8,7,0.9922177450088402,0.5,4.6097722286464435,1.1401217795665923,97
pg3_8,8,0.9961438038536632,0.8535533905932737,4.301162633521313,0.9959864832956189,97
pg3_8,9,0.8638668392938905,0.7071067811865476,5.385164807134504,0.9520530284930502,97
pg3_9,0,0.015625,0.0,0.5,0.08745299489319662,97
pg3_9,1,0.03682847818679935,0.0,3.5355339059327378,0.36084391824351586,97
pg3_9,2,0.14389482028257183,0.0,5.0,0.5961477293670479,97
pg3_9,3,0.16645803176738158,0.0,2.9154759474226504,0.4083342989495947,97
pg3_9,4,1.7296186795353832,1.9013878188659974,11.597413504743201,1.7779593431104879,97
pg3_9,5,1.081912820674052,0.7071067811865476,6.576473218982953,1.1349871608467752,97
pg3_9,6,1.2118722887406055,1.0,4.123105625617661,1.047609275069621,97
pg3_9,7,0.5356438812835841,0.25,10.012492197250394,1.1752098164944709,97
pg3_9,8,1.0661599842292853,0.7071067811865476,3.5355339059327378,1.0839842553270453,97
pg3_9,9,1.3681360391421082,1.4571067811865475,9.962429422585638,1.4484385884423854,97
pg4_1,0,0.3614247048077883,0.0,2.8284271247461903,0.5376335040511667,97
pg4_1,1,1.343956362849254,1.266123775561495,4.123105625617661,1.1325472189374122,97
pg4_1,2,0.07212946771768804,0.0,4.924428900898052,0.5104234014302997,97
pg4_1,3,0.7716674276607343,0.6035533905932737,8.381527307120106,0.9449857731282003,97
pg4_1,4,0.9584259290304132,0.7071067811865476,7.158910531638177,1.125383185745007,97
pg4_1,5,0.3594021775194445,0.0,6.4031242374328485,0.9023343246692573,97
pg4_1,6,0.21312114465858722,0.0,2.8284271247461903,0.4745038434666998,97
pg4_1,7,0.08333333333333333,0.0,5.0,0.5214689104456774,97
pg4_1,8,1.0595539501068327,0.5,8.246211251235321,1.3887713652685914,97
pg4_1,9,0.6768587421488851,0.5,2.23606797749979,0.5131817708638038,97
pg4_10,0,0.3590518031120391,0.0,4.301162633521313,0.6619258430198912,97
pg4_10,1,0.2151413322362774,0.0,1.118033988749895,0.30446785134421644,97
pg4_10,2,0.4795607993636861,0.5,2.5495097567963922,0.5198386208340512,97
pg4_10,3,0.2842850700132251,0.0,2.5,0.4865720252941114,97
pg4_10,4,0.24676147708974341,0.0,1.118033988749895,0.31878787285840715,97
pg4_10,5,0.36856409542376906,0.0,3.8078865529319543,0.586778975031333,97
pg4_10,6,0.32555854434740256,0.0,1.8027756377319946,0.3950365324002915,97
pg4_10,7,0.2825682828639111,0.0,2.5,0.45113769504800694,97
pg4_10,8,0.5645865168401086,0.5,3.3541019662496847,0.558656642880005,97
pg4_10,9,0.45831030412757506,0.5,1.5811388300841898,0.5061241771128693,97
pg4_10,10,0.4438413807811778,0.5,3.640054944640259,0.5035501705605772,97
pg4_11,0,0.2212775071574926,0.0,2.5,0.3879701755128783,97
pg4_11,1,0.20743972460805307,0.0,4.5,0.5193011601924402,97
pg4_11,2,0.19902912464521197,0.0,2.692582403567252,0.3691696389997456,97
pg4_11,3,0.693732402694076,0.5,3.905124837953327,0.7715234002756204,97
pg4_11,4,0.7345887488446654,0.5,2.5495097567963922,0.7376807148924298,97
pg4_11,5,0.9271511989711962,0.5,6.264982043070834,1.1191044483855086,97
pg4_11,6,0.39010236908602386,0.5,2.1213203435596424,0.46329180979064044,97
pg4_11,7,0.3745221976502959,0.5,2.0,0.42654523858123294,97
pg4_11,8,0.2823122652577583,0.0,1.8027756377319946,0.38180705169748785,97
pg4_11,9,0.10018785404947807,0.0,1.118033988749895,0.2185211013414881,97
pg4_12,0,0.20743972460805307,0.0,1.0,0.26395775225822493,97
pg4_12,1,0.19303884935739254,0.0,5.1478150704935,0.681890994941524,97
pg4_12,2,0.05318282578608322,0.0,3.605551275463989,0.3766678329492511,97
pg4_12,3,0.20984100913961212,0.0,3.2015621187164243,0.44156191775147063,97
pg4_12,4,0.37183018609087676,0.5,2.0,0.4642737624824831,97
pg4_12,5,0.8781407964722546,0.7071067811865476,3.8078865529319543,0.8551478738903526,97
pg4_12,6,1.2970973122173712,1.118033988749895,2.9154759474226504,0.9880001172666312,97
pg4_12,7,0.1019608917840702,0.0,2.5,0.33642050360685144,97
pg4_12,8,0.3573774264653968,0.5,2.23606797749979,0.40703047868660075,97
pg4_12,9,1.1279214772458395,1.118033988749895,8.06225774829855,1.0729602020975044,97
pg4_2,0,0.4248527896716004,0.5,2.0,0.4692884903586309,97
pg4_2,1,0.044194173824159216,0.0,4.242640687119285,0.43301270189221924,97
pg4_2,2,0.052724508466758656,0.0,2.0615528128088303,0.24024400131327264,97
pg4_2,3,0.5328994792222723,0.5,3.605551275463989,0.4998709509703964,97
pg4_2,4,1.2009299301374647,1.4142135623730951,3.0413812651491097,0.9419781038823082,97
pg4_2,5,0.48933378547825557,0.5,2.23606797749979,0.5001371901619537,97
pg4_2,6,0.5588575295335246,0.5,2.692582403567252,0.6027752755872651,97
pg4_2,7,0.7360495560280254,0.7071067811865476,3.1622776601683795,0.6344511171316422,97
pg4_2,8,0.4661657177526896,0.5,3.0413812651491097,0.553821121271818,97
pg4_2,9,0.3988673735902119,0.5,1.5811388300841898,0.4003532986511795,97
pg4_3,0,0.10947794186373483,0.0,1.8027756377319946,0.2635666240260592,97
pg4_3,1,0.08333333333333333,0.0,2.5,0.31344156398775175,97
pg4_3,2,0.40090960285431465,0.0,9.055385138137417,1.0069237313539783,97
pg4_3,3,0.4831636209703691,0.5,1.8027756377319946,0.4540934273866531,97
pg4_3,4,0.526250700972498,0.5,2.0615528128088303,0.44619772786809303,97
pg4_3,5,0.5483019544757263,0.5,2.0615528128088303,0.5972660238200963,97
pg4_3,6,0.36611765555194586,0.0,1.5811388300841898,0.4771842276934457,97
pg4_3,7,0.5043584680315414,0.5,2.0615528128088303,0.5556386882591979,97
pg4_3,8,1.4383595535143554,1.6919572339080922,3.605551275463989,1.15456846484847,97
pg4_3,9,0.877311026295676,0.5,2.9154759474226504,0.961693872188369,97
pg4_4,0,0.6753359667897286,0.5,3.0413812651491097,0.6526581104519509,97
pg4_4,1,0.6455197151595341,0.5,3.5,0.7199942437246064,97
pg4_4,2,0.26007603904329885,0.0,1.8027756377319946,0.37706070397627034,97
pg4_4,3,0.5690389785827809,0.5,3.1622776601683795,0.6127134259473459,97
pg4_4,4,0.6554979116915031,0.5,2.5495097567963922,0.7163574440454442,97
pg4_4,5,0.9961863048231915,0.5,3.1622776601683795,1.1037297210341461,97
pg4_4,6,0.7343288683313544,0.5,4.924428900898052,0.7642200486424986,97
pg4_4,7,0.447886389136108,0.0,2.0615528128088303,0.5595316379085131,97
pg4_4,8,0.5736031614434137,0.5,3.2015621187164243,0.6779537607698132,97
pg4_4,9,0.8761984090992194,0.7071067811865476,6.082762530298219,0.9165066939063079,97
pg4_5,0,0.036458333333333336,0.0,1.0,0.14946908968723255,97
pg4_5,1,1.0957727643941935,1.0,5.024937810560445,0.9650801803937714,97
pg4_5,2,0.5202478723317506,0.5,3.640054944640259,0.5621092469963981,97
pg4_5,3,0.812024958073005,0.7071067811865476,4.47213595499958,0.7639859800090527,97
pg4_5,4,0.5503140142933565,0.5,1.5,0.4492898563235075,97
pg4_5,5,0.6198235197905534,0.5,1.5811388300841898,0.5038651157662936,97
pg4_5,6,0.5656272185352739,0.5,3.0413812651491097,0.6094546446282227,97
pg4_5,7,0.7119479392784073,0.5,2.5,0.6496192621649444,97
pg4_5,8,0.9858131526131948,1.0,2.5,0.7860932923136182,97
pg4_5,9,0.5302367835680113,0.5,6.324555320336759,0.9076255866225859,97
pg4_6,0,0.041666666666666664,0.0,0.5,0.13891812557774857,97
pg4_6,1,0.15862621155729154,0.0,2.692582403567252,0.3529488050049516,97
pg4_6,2,0.9516852093784219,0.7071067811865476,2.5,0.829091736248856,97
pg4_6,3,0.8867974653270085,0.8535533905932737,3.605551275463989,0.7108531903135535,97
pg4_6,4,0.4915138213958552,0.25,4.6097722286464435,0.749088988348528,97
pg4_6,5,0.23120518609087673,0.0,1.8027756377319946,0.3459272747538523,97
pg4_6,6,0.4984120967421943,0.5,3.2015621187164243,0.6357937157585886,97
pg4_6,7,0.5503529810617261,0.5,1.5811388300841898,0.5070317465271076,97
pg4_6,8,0.7666329975217886,0.5,2.23606797749979,0.7985400449546247,97
pg4_6,9,1.2186518725362239,1.118033988749895,7.211102550927978,1.0854502383907445,97
pg4_7,0,0.8052556893010029,0.7071067811865476,2.23606797749979,0.600439088329648,97
pg4_7,1,0.43103462611492566,0.5,2.0,0.4747750548211091,97
pg4_7,2,0.11984091220307468,0.0,2.0615528128088303,0.31823961434551223,97
pg4_7,3,0.041666666666666664,0.0,1.0,0.1567207819938759,97
pg4_7,4,0.024220216353504607,0.0,1.118033988749895,0.14303788925720232,97
pg4_7,5,0.020833333333333332,0.0,2.0,0.20412414523193126,97
pg4_7,6,0.5822953264686838,0.5,1.8027756377319946,0.4806737230857059,97
pg4_7,7,0.20323912724731316,0.0,1.118033988749895,0.3168032809331708,97
pg4_7,8,0.42219123016197635,0.5,2.23606797749979,0.4908471544363455,97
pg4_7,9,0.4999146217756336,0.5,1.8027756377319946,0.5232308095885233,97
pg4_8,0,0.015625,0.0,0.5,0.08745299489319662,97
pg4_8,1,0.0533470869120796,0.0,1.4142135623730951,0.19806411717122294,97
pg4_8,2,0.4483622725456833,0.5,3.0413812651491097,0.5520415904005442,97
pg4_8,3,0.7058390575361742,0.5,3.3541019662496847,0.726722690803458,97
pg4_8,4,0.48736954191878507,0.5,2.0615528128088303,0.5375109227046644,97
pg4_8,5,0.6382783827881754,0.5,1.8027756377319946,0.5972715840189665,97
pg4_8,6,0.42471471912297926,0.25,3.0413812651491097,0.5706254288667343,97
pg4_8,7,0.9991223489273583,1.0,14.142135623730951,1.5421053109642449,97
pg4_8,8,1.0582178064760193,0.6035533905932737,4.743416490252569,1.1343758177470389,97
pg4_8,9,1.0856290272369156,0.7071067811865476,3.1622776601683795,1.067980499827794,97
pg4_9,0,0.07455056509887896,0.0,4.242640687119285,0.4613076661584177,97
pg4_9,1,0.053773725626753956,0.0,3.1622776601683795,0.3359574706400701,97
pg4_9,2,0.34272361195486506,0.0,3.605551275463989,0.5958089633574867,97
pg4_9,3,0.33077021841910365,0.5,2.0615528128088303,0.36987539879589204,97
pg4_9,4,0.35278204072455166,0.0,4.527692569068709,0.5942912970594132,97
pg4_9,5,0.4440317031474928,0.0,3.0,0.6076030670515603,97
pg4_9,6,0.7342514652438071,0.5,3.640054944640259,0.7326518483569618,97
pg4_9,7,0.35236693457430673,0.0,3.0413812651491097,0.5008456445505131,97
pg4_9,8,0.24025515731506228,0.0,1.118033988749895,0.3237711358809752,97
pg4_9,9,0.8048676929510542,0.5,4.123105625617661,0.985740692372947,97
pg5_1,0,0.07291666666666667,0.0,6.0,0.6154979441868562,97
pg5_1,1,0.5745685157130639,0.5,7.0710678118654755,0.9035463346527718,97
pg5_1,2,0.4184995639126021,0.0,7.5,0.8969913397485842,97
pg5_1,3,0.21691436997086955,0.0,6.5,0.7069804060830861,97
pg5_1,4,0.3545482401796412,0.0,7.0,0.8155229020438344,97
pg5_1,5,0.3191204470219943,0.0,7.0710678118654755,0.771011403206533,97
pg5_1,6,0.3875911435237986,0.0,6.576473218982953,0.7734285808850967,97
pg5_1,7,1.0217566846431896,1.0,7.648529270389178,1.0040825853492124,97
pg5_1,8,0.5733525909395626,0.5,3.5355339059327378,0.701063953989615,97
pg5_1,9,0.9386718508518315,0.5,9.340770846134703,1.2841705699796067,97
pg5_10,0,0.1375740289706932,0.0,5.0,0.5373722135400227,97
pg5_10,1,0.10018785404947807,0.0,5.0,0.5334731267783365,97
pg5_10,2,0.3868538441055365,0.0,5.408326913195984,0.8216353008154164,97
pg5_10,3,0.6065467813523998,0.5,3.5355339059327378,0.6192669367038164,97
pg5_10,4,0.719293363404971,0.6035533905932737,3.0,0.6011501039166959,97
pg5_10,5,0.7486356369957806,0.5,3.605551275463989,0.7214480290572964,97
pg5_10,6,0.3363831869728015,0.0,4.716990566028302,0.5883719710139876,97
pg5_10,7,0.48098390701534166,0.5,5.1478150704935,0.6451505756060415,97
pg5_10,8,0.9525211890656559,0.5,6.324555320336759,1.0407463157226278,97
pg5_10,9,0.30666135310434695,0.0,7.106335201775948,0.7945342640630643,97
pg5_11,0,0.21667432556633046,0.0,6.800735254367722,0.727237127167837,97
pg5_11,1,0.5617935277622869,0.5,5.830951894845301,0.7725640909388944,97
pg5_11,2,0.47339294560710954,0.5,5.830951894845301,0.7676780810287912,97
pg5_11,3,0.37215890780464894,0.0,4.031128874149275,0.6973920119748289,97
pg5_11,4,0.34731689439061947,0.0,4.6097722286464435,0.5750937094129424,97
pg5_11,5,0.3295479713400995,0.0,4.924428900898052,0.6753106179671378,97
pg5_11,6,0.04913531839612814,0.0,4.716990566028302,0.48142583367880637,97
pg5_11,7,0.0429490169335173,0.0,4.123105625617661,0.4208127057650885,97
pg5_11,8,0.35012091804360024,0.0,7.5,0.9664469539386191,97
pg5_11,9,0.10603377850193883,0.0,4.47213595499958,0.512174481273035,97
pg5_12,0,0.11863568107308482,0.0,3.8078865529319543,0.44306177800116076,97
pg5_12,1,0.15695605684433048,0.0,3.5355339059327378,0.4277852441675109,97
pg5_12,2,0.49393599745421346,0.0,3.1622776601683795,0.8276702503839856,97
pg5_12,3,0.0618254249618112,0.0,2.23606797749979,0.30578718460489707,97
pg5_12,4,0.015625,0.0,1.5,0.15309310892394862,97
pg5_12,5,0.042307841800091985,0.0,2.0615528128088303,0.2312019956691544,97
pg5_12,6,0.3390476506879893,0.0,4.272001872658765,0.6342378957129218,97
pg5_12,7,0.10322464536281646,0.0,2.8284271247461903,0.3587564570277266,97
pg5_12,8,0.11601873777694771,0.0,3.605551275463989,0.4286798171930794,97
pg5_12,9,0.11399140373631601,0.0,2.23606797749979,0.3035330927579657,97
pg5_2,0,0.4794293472797637,0.0,3.5355339059327378,0.8106797673481212,97
pg5_2,1,1.1283602096235619,1.3090169943749475,5.024937810560445,0.9515810156314871,97
pg5_2,2,0.678531531416002,0.5,2.692582403567252,0.5808443603829869,97
pg5_2,3,0.8117051275097057,0.7071067811865476,3.0413812651491097,0.7145034304624467,97
pg5_2,4,0.993446902588435,0.5,6.020797289396148,1.0772971645294083,97
pg5_2,5,1.321895309336263,1.5,4.716990566028302,1.09062467831808,97
pg5_2,6,0.4502812004469842,0.5,4.0,0.5963546868513228,97
pg5_2,7,0.4608818340019893,0.5,3.5355339059327378,0.5768192434955903,97
pg5_2,8,0.8344479754879025,0.5,4.0,0.9011972814895661,97
pg5_2,9,1.1316224107167772,0.5,9.17877987534291,1.365227372919793,97
pg5_3,0,0.026041666666666668,0.0,2.5,0.2551551815399142,97
pg5_3,1,0.22954824017964126,0.0,4.47213595499958,0.5300598786564356,97
pg5_3,2,0.9029799609982506,0.5,4.0,1.0064225869956016,97
pg5_3,3,0.5770157697151851,0.5,3.1622776601683795,0.6327639365596928,97
pg5_3,4,0.1831608596621448,0.0,5.852349955359813,0.7696848401564389,97
pg5_3,5,0.2730705900220715,0.0,2.5,0.42415880187843014,97
pg5_3,6,0.42880524925008273,0.0,11.543396380615196,1.2705079862161022,97
pg5_3,7,0.3248380645111735,0.0,1.5811388300841898,0.38552905900559054,97
pg5_3,8,0.37813417527556076,0.5,4.301162633521313,0.57145609369411,97
pg5_3,9,0.5449367818719912,0.5,3.8078865529319543,0.6133790341967046,97
pg5_5,0,0.12317245125350791,0.0,6.324555320336759,0.6592942042438994,97
pg5_5,1,0.7782534923355463,0.5,5.70087712549569,0.8325917945919962,97
pg5_5,2,0.1781937678937314,0.0,7.0710678118654755,0.7518518203955379,97
pg5_5,3,0.1748494422947302,0.0,4.743416490252569,0.5531256311354621,97
pg5_5,4,0.20420120169779654,0.0,7.0710678118654755,0.7521686502207572,97
pg5_5,5,0.27801147708974344,0.0,7.5,0.8148627484443238,97
pg5_5,6,0.47125668784892755,0.5,4.123105625617661,0.640148378187558,97
pg5_5,7,1.2895970450520988,1.5811388300841898,5.0990195135927845,0.9506019604978173,97
pg5_5,8,1.0801433185182574,0.7071067811865476,4.527692569068709,0.9705987273202756,97
pg5_5,9,0.8048750177446534,0.5,5.220153254455275,0.8724370932400686,97
pg5_6,0,0.5946937946262185,0.5,4.47213595499958,0.7185407134256621,97
pg5_6,1,0.3527741725733469,0.0,3.3541019662496847,0.533635365196106,97
pg5_6,2,0.09375,0.0,3.0,0.3502818414092467,97
pg5_6,3,1.0843771153552746,0.7071067811865476,4.123105625617661,0.9534763104313124,97
pg5_6,4,0.40340278643585076,0.25,5.385164807134504,0.6796094421914297,97
pg5_6,5,0.7302911273295569,0.5,4.0,0.6553487416876255,97
pg5_6,6,0.5450321465578366,0.5,2.23606797749979,0.5304639090355522,97
pg5_6,7,1.0147338184582648,1.0,12.041594578792296,1.3568549806426475,97
pg5_6,8,0.44144978646614,0.0,4.47213595499958,0.7074172464810132,97
pg5_6,9,0.904885201661274,0.7071067811865476,4.0,0.856206726723265,97
pg5_7,0,0.7613671405709003,0.6035533905932737,4.5,0.8149958179863867,97
pg5_7,1,1.0424810355021956,1.118033988749895,7.905694150420948,1.1141217730824386,97
pg5_7,2,0.4576945404557626,0.0,2.9154759474226504,0.5816447453752512,97
pg5_7,3,0.6995519141427856,0.5,3.2015621187164243,0.811238192448269,97
pg5_7,4,0.01685452071614474,0.0,1.118033988749895,0.12450866858923937,97
pg5_7,5,0.5647099395086492,0.0,2.5495097567963922,0.7669890391389547,97
pg5_7,6,0.6189612648296,0.5,2.0,0.584637966729857,97
pg5_7,7,0.6803249622307698,0.5,3.0413812651491097,0.6791415850639949,97
pg5_7,8,0.4044230475739183,0.5,1.5811388300841898,0.45938668340732564,97
pg5_7,9,0.3661677677018373,0.0,2.5495097567963922,0.5319124574395411,97
pg5_8,0,0.005208333333333333,0.0,0.5,0.05103103630798285,97
pg5_8,1,0.3122525401936413,0.0,8.631338250816034,0.9632174248166588,97
pg5_8,2,0.5951593626322013,0.5,4.0,0.5642451126093702,97
pg5_8,3,0.2912119117959857,0.0,1.8027756377319946,0.3784842310989036,97
pg5_8,4,0.10705676294425936,0.0,3.0413812651491097,0.40587435899818797,97
pg5_8,5,0.20828295617871992,0.0,4.949747468305833,0.5766084886817291,97
pg5_8,6,0.328704414955218,0.0,3.0413812651491097,0.4545388308180757,97
pg5_8,7,0.2701261448707974,0.0,2.0615528128088303,0.419837802293559,97
pg5_8,8,0.17440250715749253,0.0,1.5,0.287091430287495,97
pg5_8,9,0.3905209265180598,0.5,2.0615528128088303,0.41813328234379626,97
pg6_1,0,0.06770833333333333,0.0,5.0,0.5161588477788128,97
pg6_1,1,0.9440289099411209,0.8535533905932737,7.211102550927978,0.9983971578208771,97
pg6_1,2,0.8316021459469288,0.5,4.743416490252569,0.7987492565005715,97
pg6_1,3,1.206904822380798,0.8535533905932737,6.082762530298219,1.1546908995030547,97
pg6_1,4,0.9971913072307137,0.7071067811865476,7.905694150420948,1.1620694412225656,97
pg6_1,5,0.5924665645923656,0.5,2.5,0.5853690109634538,97
pg6_1,6,0.8647428262591607,0.5,4.47213595499958,0.9015373131525405,97
pg6_1,7,1.322879604318014,0.8090169943749475,6.020797289396148,1.3562680880696265,97
pg6_1,8,1.4873697589558574,1.118033988749895,4.031128874149275,1.250777422303867,97
pg6_1,9,0.7240981317716338,0.5,5.5901699437494745,0.8154137598352564,97
pg6_10,0,0.7555001105815952,0.5,2.5495097567963922,0.8236956512506365,97
pg6_10,1,0.4249013030183601,0.5,2.5495097567963922,0.47203983706280733,97
pg6_10,2,0.43825530238073845,0.5,2.5,0.5434926023200227,97
pg6_10,3,0.8099935905945984,0.7071067811865476,3.640054944640259,0.7695890686578971,97
pg6_10,4,0.617782717588479,0.5,1.5,0.4657882207896109,97
pg6_10,5,0.4515846337321703,0.5,3.3541019662496847,0.5493809586433602,97
pg6_10,6,0.47757347084813095,0.5,2.1213203435596424,0.41491487617073375,97
pg6_10,7,0.22622982288467305,0.0,1.4142135623730951,0.35298317322063993,97
pg6_10,8,0.3912781719091874,0.0,1.8027756377319946,0.49260354134666123,97
pg6_10,9,0.3726523347585638,0.5,1.5811388300841898,0.41254668367800207,97
pg6_11,0,0.5589794479537074,0.0,5.522680508593631,0.8491731567854722,97
pg6_11,1,0.14836084049082587,0.0,2.0,0.32260371415700767,97
pg6_11,2,0.24597105350412818,0.0,3.605551275463989,0.5149535607110566,97
pg6_11,3,0.6878103556376424,0.0,4.47213595499958,0.9898645511225073,97
pg6_11,4,0.15311638352952173,0.0,4.0,0.48121902024255836,97
pg6_11,5,0.051793082864578954,0.0,4.47213595499958,0.4587451735064486,97
pg6_11,6,1.0703576198783444,0.7071067811865476,2.9154759474226504,0.9234723846471683,97
pg6_11,7,0.12057059906657042,0.0,4.272001872658765,0.49048227760794155,97
pg6_11,8,0.1765598694615191,0.0,2.8284271247461903,0.3907799865530777,97
pg6_11,9,0.5766197798488143,0.5,2.8284271247461903,0.5112515544257628,97
pg6_12,0,0.7681656017326772,0.5,2.5,0.665720617852396,97
pg6_12,1,0.813646958012218,0.7071067811865476,3.1622776601683795,0.755303691175916,97
pg6_12,2,0.4821050212913018,0.5,4.949747468305833,0.619313506620019,97
pg6_12,3,0.8497735417028368,1.0,2.0615528128088303,0.617098073506314,97
pg6_12,4,0.6880830915144364,0.5,12.349089035228468,1.4106661333550181,97
pg6_12,5,0.7541895128386958,0.7071067811865476,4.0,0.7044596671994078,97
pg6_12,6,0.07291666666666667,0.0,3.0,0.3322900339562825,97
pg6_12,7,0.8334750789159195,0.7071067811865476,3.3541019662496847,0.7595750343123364,97
pg6_12,8,0.7661347413642109,0.5,3.640054944640259,0.7957228132510796,97
pg6_12,9,1.1289757417139334,1.0,3.640054944640259,1.0356270531913025,97
pg6_2,0,0.052083333333333336,0.0,5.0,0.5103103630798284,97
pg6_2,1,0.35590350696261375,0.0,7.0,0.7615077744237664,97
pg6_2,2,0.642657747980289,0.5,6.18465843842649,1.0239301878970104,97
pg6_2,3,0.5812258257027911,0.5,5.385164807134504,0.7544181989451524,97
pg6_2,4,0.5381009093685943,0.5,3.0,0.5889593989073346,97
pg6_2,5,0.7237584893623672,0.5,2.0,0.6342228589822752,97
pg6_2,6,0.4959064966335463,0.5,3.605551275463989,0.6315508703374382,97
pg6_2,7,0.8343687183561895,0.7071067811865476,4.123105625617661,0.7463424416202579,97
pg6_2,8,0.1480936375010947,0.0,3.0,0.3992697855235587,97
pg6_2,9,0.5596041756021777,0.5,5.0990195135927845,0.6800692224694274,97
pg6_3,0,0.07926846071506712,0.0,4.6097722286464435,0.48282921758976566,97
pg6_3,1,0.06669921080659218,0.0,6.4031242374328485,0.6535161308899211,97
pg6_3,2,0.37873444307943993,0.0,6.082762530298219,0.7761563954989953,97
pg6_3,3,1.2872406608330929,1.0590169943749475,14.317821063276353,1.7242209596629778,97
pg6_3,4,0.30884458473187654,0.0,3.0413812651491097,0.4930361592189694,97
pg6_3,5,0.23611056633282668,0.0,5.220153254455275,0.5794568495331618,97
pg6_3,6,0.2299791332872988,0.0,4.924428900898052,0.554147248455562,97
pg6_3,7,1.486157657403721,1.540569415042095,10.51189802081432,1.5684997863015724,97
pg6_3,8,0.8322965964502451,0.7071067811865476,4.6097722286464435,0.7980179924866779,97
pg6_3,9,0.25709646316407647,0.0,4.527692569068709,0.5395371820594135,97
pg6_4,0,0.07411910098315137,0.0,5.408326913195984,0.5593474624056614,97
pg6_4,1,0.6775658787528175,0.0,8.06225774829855,1.2646065752893998,97
pg6_4,2,0.8263758020632563,0.7071067811865476,8.276472678623424,1.052275185347764,97
pg6_4,3,0.4995173868504315,0.5,5.830951894845301,0.7221773255231286,97
pg6_4,4,1.2240005130249967,1.4142135623730951,6.519202405202649,1.1467344180897072,97
pg6_4,5,0.3218133931703991,0.0,5.830951894845301,0.6513780488335628,97
pg6_4,6,0.15862400073523641,0.0,6.020797289396148,0.6373009611554014,97
pg6_4,7,0.5118033382185769,0.5,6.363961030678928,0.8117784564696199,97
pg6_4,8,0.5145520620904798,0.5,7.211102550927978,0.8418818071705407,97
pg6_4,9,1.0174511296829845,0.5,6.324555320336759,1.2465537633848756,97
pg6_5,0,0.03755782578608322,0.0,3.605551275463989,0.3679900360969947,97
pg6_5,1,0.010416666666666666,0.0,1.0,0.10206207261596563,97
pg6_5,2,1.0535939150488673,1.0,4.716990566028302,1.0140291014640144,97
pg6_5,3,1.370578033665818,1.540569415042095,3.5,1.0608612288272548,97
pg6_5,4,0.7949637206715527,0.8535533905932737,2.23606797749979,0.647514580614863,97
pg6_5,5,1.0469964925336515,1.118033988749895,4.5,0.8192720843833473,97
pg6_5,6,0.6192741293414413,0.5,3.0,0.5470875717635819,97
pg6_5,7,0.42576645154351384,0.5,3.0,0.5190821977201108,97
pg6_5,8,0.9081183535879167,0.5,3.3541019662496847,0.8573571470032656,97
pg6_5,9,0.2691680635839057,0.0,4.5,0.6451818278223912,97
pg6_5,10,1.2796789623208713,1.266123775561495,6.670832032063167,1.1856265868430493,97
pg6_6,0,0.046875,0.0,3.0,0.3168772383913466,97
pg6_6,1,0.8792471127857663,0.5,6.264982043070834,1.0248735655379662,97
pg6_6,2,1.1597241594317906,0.7071067811865476,5.408326913195984,1.1068391596504925,97
pg6_6,3,1.0009594741743442,1.118033988749895,3.5,0.7647888775191807,97
pg6_6,4,0.9639964242650945,1.5,2.5,0.8524777868653773,97
pg6_6,5,0.6370879586197092,0.5,2.0,0.6651902582304837,97
pg6_6,6,1.0299707959509112,0.7071067811865476,2.5495097567963922,0.8624284886349565,97
pg6_6,7,0.8547643192355304,0.7071067811865476,2.5,0.7770408376583475,97
pg6_6,8,1.1570399353197274,1.4142135623730951,2.23606797749979,0.7727655357305715,97
pg6_6,9,1.0472206786844354,1.0,3.1622776601683795,0.7911987548086911,97
pg6_7,0,0.050563562148434216,0.0,3.3541019662496847,0.35175588595015206,97
pg6_7,1,0.12470974953124563,0.0,3.3541019662496847,0.39412738955421683,97
pg6_7,2,0.3842699018806197,0.5,3.8078865529319543,0.47654808870758797,97
pg6_7,3,0.2394300143149851,0.0,2.5,0.38039638262063424,97
pg6_7,4,0.9700879280719622,0.5,3.2015621187164243,1.0792649717755947,97
pg6_7,5,1.2236696897626833,1.5,3.605551275463989,0.8429442078945711,97
pg6_7,6,0.8368939315622813,0.8535533905932737,2.5495097567963922,0.6921546871691091,97
pg6_7,7,0.7186772338371824,0.0,4.0,0.931418223786529,97
pg6_7,8,1.0191949616060862,1.118033988749895,3.2015621187164243,0.8812622317343268,97
pg6_7,9,0.1269013446978737,0.0,3.3541019662496847,0.4377456684871724,97
pg6_8,0,0.044194173824159216,0.0,4.242640687119285,0.43301270189221924,97
pg6_8,1,0.19514116627811995,0.0,3.905124837953327,0.5628341143054223,97
pg6_8,2,0.23093798310114552,0.0,3.605551275463989,0.49343153105010545,97
pg6_8,3,0.3253798602295076,0.0,3.605551275463989,0.5035273772881457,97
pg6_8,4,0.313912113688661,0.0,2.5,0.4109050568841738,97
pg6_8,5,0.5538891337494908,0.5,3.905124837953327,0.6847808365598823,97
pg6_8,6,1.2642072765270889,1.118033988749895,4.242640687119285,1.0212009253798986,97
pg6_8,7,0.35673983534626935,0.25,4.47213595499958,0.548036900680422,97
pg6_8,8,0.13259673404937936,0.0,5.315072906367325,0.5763965939804582,97
pg6_8,9,0.13312100958838471,0.0,4.031128874149275,0.5311235805584053,97
pg6_9,0,0.21053994117376787,0.0,2.0615528128088303,0.3590132908311254,97
pg6_9,1,0.6571305788309894,0.5,3.3541019662496847,0.7680818393008847,97
pg6_9,2,0.7997404258157635,0.7071067811865476,2.5495097567963922,0.6577462646783295,97
pg6_9,3,0.7679011734543665,0.5,2.8284271247461903,0.8923149528319498,97
pg6_9,4,0.7015293146741995,0.7071067811865476,1.8027756377319946,0.5916456583806491,97
pg6_9,5,1.4972298219721882,1.118033988749895,4.031128874149275,1.4255084949770855,97
pg6_9,6,0.7181842062742904,0.0,4.5,1.1273363986914329,97
pg6_9,7,1.6268208775697925,1.5,10.307764064044152,1.5800785053817412,97
pg6_9,8,0.9059817170152494,0.6035533905932737,3.2015621187164243,0.9014778762482116,97
pg6_9,9,0.7836525320255632,0.6035533905932737,2.0615528128088303,0.6770315709718082,97
pg7_1,0,0.05577189548176755,0.0,3.3541019662496847,0.35468876771703345,97
pg7_1,1,0.06948783366732465,0.0,6.670832032063167,0.6808389432653419,97
pg7_1,2,0.0429490169335173,0.0,4.123105625617661,0.4208127057650885,97
pg7_1,3,1.1571115263314733,1.0590169943749475,7.0710678118654755,1.0635834161756217,97
pg7_1,4,0.6312676573746258,0.5,5.0,0.6901114318584557,97
pg7_1,5,0.643672288224587,0.5,8.514693182963201,0.9650517008003999,97
pg7_1,6,0.3676635783168081,0.5,4.242640687119285,0.5183278310836732,97
pg7_1,7,0.39119225949890385,0.0,4.123105625617661,0.7186169988349452,97
pg7_1,8,0.2984860942291193,0.0,3.3541019662496847,0.44363309815511576,97
pg7_1,9,0.9530748258293086,0.7071067811865476,2.692582403567252,0.7240110796735933,97
pg7_10,0,0.8278346034164487,0.7071067811865476,4.272001872658765,0.7709203485451165,97
pg7_10,1,1.2044914024678668,0.7071067811865476,6.363961030678928,1.245933360947464,97
pg7_10,2,0.7115262311982168,0.5,2.5495097567963922,0.6739367496670412,97
pg7_10,3,0.13143785404947808,0.0,2.5,0.3530545312017052,97
pg7_10,4,0.3650144499494141,0.0,4.0,0.5800125890421435,97
pg7_10,5,0.13362944921610614,0.0,1.0,0.2572270008953025,97
pg7_10,6,0.03125,0.0,1.5,0.21536382924569394,97
pg7_10,7,0.01877891289304161,0.0,1.8027756377319946,0.18399501804849736,97
pg7_10,8,0.8048316672045647,0.7071067811865476,5.220153254455275,0.7851625027685819,97
pg7_10,9,1.049949028213117,0.7071067811865476,4.031128874149275,0.9674724294334445,97
pg7_11,0,0.11830612834436909,0.0,1.118033988749895,0.26470144770510434,97
pg7_11,1,0.30843657736559643,0.0,2.8284271247461903,0.49061958962034774,97
pg7_11,2,0.078125,0.0,1.0,0.20936149799355483,97
pg7_11,3,0.7269473949566051,0.5,6.670832032063167,0.8538985429485507,97
pg7_11,4,1.1275913331987442,0.5,6.103277807866851,1.289388379644141,97
pg7_11,5,0.9239356835289801,1.0,5.5901699437494745,0.9475670444791272,97
pg7_11,6,0.4201599396956326,0.5,2.8284271247461903,0.5482287268265467,97
pg7_11,7,0.5537109543812512,0.5,3.640054944640259,0.657481648203584,97
pg7_11,8,1.0871434028151852,0.7071067811865476,3.905124837953327,1.0835586850970584,97
pg7_11,9,0.37927838921300333,0.0,2.692582403567252,0.5275584151611229,97
pg7_12,0,0.4982616252878582,0.5,4.0,0.6701656815216294,97
pg7_12,1,0.0429490169335173,0.0,4.123105625617661,0.4208127057650885,97
pg7_12,2,0.04856539229342063,0.0,3.1622776601683795,0.35575826589432596,97
pg7_12,3,0.23276281978858984,0.0,3.0413812651491097,0.43284689274992494,97
pg7_12,4,0.1841747612511042,0.0,5.852349955359813,0.6648596773402844,97
pg7_12,5,0.7608337572877554,0.5,2.5495097567963922,0.6234764284748278,97
pg7_12,6,0.8549675254152671,0.8535533905932737,3.5355339059327378,0.7439364073458251,97
pg7_12,7,1.2679818129964426,0.5,38.56488039654732,3.9767790771498333,97
pg7_12,8,0.7576094665372488,0.7071067811865476,2.5495097567963922,0.671985886728849,97
pg7_12,9,0.4467466885282331,0.5,4.123105625617661,0.6142181169563162,97
pg7_2,0,0.2034125582543983,0.0,2.692582403567252,0.4815308897547758,97
pg7_2,1,0.09895833333333333,0.0,3.5,0.388111430463134,97
pg7_2,2,0.056095466740984416,0.0,5.385164807134504,0.5496210815947054,97
pg7_2,3,0.3201531950496544,0.0,3.0,0.4372183056209088,97
pg7_2,4,0.5332914175727806,0.5,4.031128874149275,0.5844261723537792,97
pg7_2,5,1.1122789161842381,0.5,7.5,1.281373518044124,97
pg7_2,6,1.2603043971510048,1.0590169943749475,3.1622776601683795,1.175480870676906,97
pg7_2,7,0.9190369757894244,0.7071067811865476,3.1622776601683795,0.7654762505488134,97
pg7_2,8,0.6911396332283379,0.5,5.024937810560445,0.9467022913837938,97
pg7_2,9,1.108439915431224,1.118033988749895,3.605551275463989,0.942005987087727,97
pg7_3,0,0.03682847818679935,0.0,3.5355339059327378,0.36084391824351586,97
pg7_3,1,0.09648339088496218,0.0,5.656854249492381,0.681378878352762,97
pg7_3,2,0.23694816867960267,0.0,1.118033988749895,0.3643326166033729,97
pg7_3,3,0.5471365990149527,0.5,4.0,0.6366986235241056,97
pg7_3,4,0.4828955926126641,0.5,4.716990566028302,0.6638320751276388,97
pg7_3,5,0.500005030724304,0.5,3.1622776601683795,0.6468508088629931,97
pg7_3,6,0.40218270911481974,0.0,4.272001872658765,0.6322217347114711,97
pg7_3,7,0.7986286150039829,0.5,5.385164807134504,0.9348259854308644,97
pg7_3,8,0.8873795182478917,0.6035533905932737,7.433034373659253,1.0645262286800463,97
pg7_3,9,0.3943086032400007,0.5,3.0,0.4510104402975063,97
pg7_4,0,0.09290514789740957,0.0,3.1622776601683795,0.43433420088367075,97
pg7_4,1,0.07007504727739632,0.0,4.924428900898052,0.5333961776737405,97
pg7_4,2,1.1495648451755929,1.0,7.5,1.1115947008770108,97
pg7_4,3,0.744204180603489,0.0,7.762087348130012,1.095836009662509,97
pg7_4,4,1.17475613212171,0.7071067811865476,3.5355339059327378,1.1998465291513625,97
pg7_4,5,1.0514224613666106,1.118033988749895,6.726812023536855,0.9699323771460768,97
pg7_4,6,0.3492316530296595,0.0,5.0,0.605167016895496,97
pg7_4,7,0.5396771747520468,0.5,5.220153254455275,0.8708124489412973,97
pg7_4,8,0.5637470314219583,0.0,8.5,1.2565205563821713,97
pg7_4,9,0.5645136554777127,0.5,5.830951894845301,0.7480299455503262,97
pg7_5,0,0.3955269385725671,0.5,2.8284271247461903,0.4258936156129478,97
pg7_5,1,0.17384481042307678,0.0,2.1213203435596424,0.39200813983681726,97
pg7_5,2,0.06834950846675865,0.0,2.0615528128088303,0.2523890290898228,97
pg7_5,3,0.24984692425758195,0.0,2.23606797749979,0.37707105830608123,97
pg7_5,4,0.3074400267765814,0.0,1.4142135623730951,0.35800823974373946,97
pg7_5,5,0.6177735998968293,0.0,2.5495097567963922,0.7581983826633761,97
pg7_5,6,0.9094859375612693,1.0,2.23606797749979,0.7563220674339372,97
pg7_5,7,0.4607189501319863,0.5,3.5355339059327378,0.5464994120762567,97
pg7_5,8,1.112407352067,1.118033988749895,5.0990195135927845,0.9273890274055461,97
pg7_5,9,0.6026758628688771,0.5,2.0615528128088303,0.6619830910089255,97
pg7_6,0,0.3848167917444834,0.0,5.408326913195984,0.8337230357478778,97
pg7_6,1,1.067639611039126,1.118033988749895,2.8284271247461903,0.8244550573449714,97
pg7_6,2,0.5148343978891411,0.0,2.0615528128088303,0.6096139598485522,97
pg7_6,3,0.8047613497758878,1.0,1.8027756377319946,0.6032934200227557,97
pg7_6,4,1.3883566373526648,1.5811388300841898,5.024937810560445,1.0346966062408671,97
pg7_6,5,0.07376186281337697,0.0,1.5811388300841898,0.22308086825073917,97
pg7_6,6,0.7535278082984478,0.5,5.385164807134504,0.9161751202610603,97
pg7_6,7,0.38327875739724737,0.0,3.905124837953327,0.565660767191694,97
pg7_6,8,1.1782041579153366,1.5,2.8284271247461903,0.956892758540658,97
pg7_6,9,0.8503769115941252,1.0,2.0615528128088303,0.6331082420952843,97
pg7_7,0,0.02329237476562281,0.0,2.23606797749979,0.22821773229381948,97
pg7_7,1,0.05577189548176755,0.0,3.3541019662496847,0.35468876771703345,97
pg7_7,2,0.04067838372868049,0.0,3.905124837953327,0.39856513478560496,97
pg7_7,3,0.06855352948004365,0.0,2.5,0.31703959084000194,97
pg7_7,4,0.5577749620116678,0.5,2.9154759474226504,0.5143535626935472,97
pg7_7,5,0.5101691422297362,0.5,2.692582403567252,0.438464243832844,97
pg7_7,6,0.19702305794138641,0.0,1.5,0.2995340909406297,97
pg7_7,7,0.1438284976936615,0.0,4.272001872658765,0.5105629800020428,97
pg7_7,8,0.6499335293657823,0.5,3.905124837953327,0.6723743874938884,97
pg7_7,9,0.6758474892482069,0.7071067811865476,3.0413812651491097,0.6480748530726007,97
pg7_8,0,1.3126595565719896,0.5,14.916433890176299,2.250344509999026,97
pg7_8,1,0.1014173747656228,0.0,2.23606797749979,0.2858522537989151,97
pg7_8,2,0.5644681356003852,0.25,3.5355339059327378,0.7463036597554444,97
pg7_8,3,1.3137699258205793,1.118033988749895,11.543396380615196,1.4816591833158617,97
pg7_8,4,1.3148590827791409,1.118033988749895,7.566372975210778,1.177776571044319,97
pg7_8,5,0.5829228441582365,0.5,3.8078865529319543,0.6293630192070416,97
pg7_8,6,1.1331783713569017,0.8535533905932737,12.010412149464313,1.565170415319338,97
pg7_8,7,1.3169966304377725,1.266123775561495,12.589678312014172,1.673288310136954,97
pg7_8,8,0.0585740169335173,0.0,4.123105625617661,0.42822316016751516,97
pg7_8,9,0.07084544409918035,0.0,4.301162633521313,0.4503585543803408,97
pg7_9,0,0.26649684903592324,0.0,6.519202405202649,0.7340014715859099,97
pg7_9,1,0.33380342571814414,0.5,2.23606797749979,0.38461499828389994,97
pg7_9,2,0.30418454582027143,0.25,2.5495097567963922,0.3854906533111584,97
pg7_9,3,0.16361569563735986,0.0,1.5,0.27966278185184784,97
pg7_9,4,0.7390551192367457,0.5,6.5,1.2775987466216545,97
pg7_9,5,0.45160051318259753,0.5,1.8027756377319946,0.379354989191815,97
pg7_9,6,0.3646677768733486,0.0,4.031128874149275,0.708843918689431,97
pg7_9,7,0.4757873465913352,0.5,6.946221994724902,0.8915871978435775,97
pg7_9,8,0.14468729101619812,0.0,2.5,0.3803086894472884,97
pg7_9,9,0.3335309389796561,0.25,2.0615528128088303,0.39829482366922614,97
pg8_1,0,0.7300891724674675,0.7071067811865476,3.3541019662496847,0.6945585559308708,97
pg8_1,1,0.12749327429489102,0.0,1.118033988749895,0.24472464958587967,97
pg8_1,2,0.5635877058383513,0.5,5.1478150704935,0.8445329708529036,97
pg8_1,3,0.5983961642423444,0.5,2.23606797749979,0.5465154203008145,97
pg8_1,4,0.4259793685240103,0.5,2.0,0.4539880759948264,97
pg8_1,5,0.11279611588277282,0.0,0.7071067811865476,0.22427885554439794,97
pg8_1,6,0.052083333333333336,0.0,0.5,0.1535400970545115,97
pg8_1,7,0.779705943919487,0.5,5.220153254455275,0.7704245551204782,97
pg8_1,8,1.092250922725645,0.7071067811865476,6.670832032063167,1.1651556954613758,97
pg8_1,9,0.09906127519706814,0.0,1.8027756377319946,0.25768072698405053,97
pg8_1,10,0.33086981954447076,0.0,1.8027756377319946,0.41977958629189527,97
pg8_1,11,0.8615296131338065,0.7071067811865476,3.0413812651491097,0.7163181127093955,97
