group,object_index,transition_frame,spatial_jump,previous_class,current_class
pg1_1,0,26,0.0,pg_im,pg_el
pg1_1,1,39,0.0,pg_im,pg_el
pg1_1,3,57,0.0,pg_im,pg_el
pg1_1,3,58,0.0,pg_el,pg_im
pg1_1,3,59,0.0,pg_im,pg_el
pg1_1,7,92,3.0413812651491097,pg_im,pg_el
pg1_1,8,40,0.0,pg_im,pg_el
pg1_1,9,16,0.0,pg_im,pg_el
pg1_10,0,55,2.1213203435596424,pg_im,pg_el
pg1_10,2,46,0.0,pg_im,pg_el
pg1_10,3,16,0.7071067811865476,pg_im,pg_el
pg1_10,4,25,1.0,pg_im,pg_el
pg1_10,5,21,1.5,pg_im,pg_el
pg1_10,6,11,0.5,pg_im,pg_el
pg1_10,8,25,1.8027756377319946,pg_im,pg_el
pg1_10,9,52,0.5,pg_im,pg_el
pg1_11,1,48,1.118033988749895,pg_im,pg_el
pg1_11,2,94,2.5495097567963922,pg_im,pg_el
pg1_11,3,22,0.0,pg_im,pg_el
pg1_11,4,21,3.605551275463989,pg_im,pg_el
pg1_11,5,23,0.0,pg_im,pg_el
pg1_11,6,30,1.5811388300841898,pg_im,pg_el
pg1_11,7,15,0.0,pg_im,pg_el
pg1_11,8,40,0.0,pg_im,pg_el
pg1_11,9,24,1.118033988749895,pg_im,pg_el
pg1_12,0,29,2.5,pg_im,pg_el
pg1_12,1,16,3.0,pg_im,pg_el
pg1_12,2,21,0.0,pg_im,pg_el
pg1_12,3,36,0.5,pg_im,pg_el
pg1_12,4,26,1.118033988749895,pg_im,pg_el
pg1_12,5,14,0.5,pg_im,pg_el
pg1_12,6,29,3.0413812651491097,pg_im,pg_el
pg1_12,7,27,1.118033988749895,pg_im,pg_el
pg1_12,8,32,1.0,pg_im,pg_el
pg1_12,9,18,0.0,pg_im,pg_el
pg1_2,0,45,2.0615528128088303,pg_im,pg_el
pg1_2,1,69,0.0,pg_im,pg_el
pg1_2,2,18,1.0,pg_im,pg_el
pg1_2,3,35,0.5,pg_im,pg_el
pg1_2,4,53,0.5,pg_im,pg_el
pg1_2,5,24,0.0,pg_im,pg_el
pg1_2,6,25,0.0,pg_im,pg_el
pg1_2,7,21,2.5495097567963922,pg_im,pg_el
pg1_2,8,54,1.0,pg_im,pg_el
pg1_2,9,15,2.0615528128088303,pg_im,pg_el
pg1_3,3,29,1.4142135623730951,pg_im,pg_el
pg1_3,4,31,3.0413812651491097,pg_im,pg_el
pg1_3,5,34,1.5811388300841898,pg_im,pg_el
pg1_3,6,27,1.4142135623730951,pg_im,pg_el
pg1_3,7,18,1.118033988749895,pg_im,pg_el
pg1_3,8,21,2.9154759474226504,pg_im,pg_el
pg1_3,9,12,1.118033988749895,pg_im,pg_el
pg1_4,0,28,2.0615528128088303,pg_im,pg_el
pg1_4,1,38,1.118033988749895,pg_im,pg_el
pg1_4,2,35,0.0,pg_im,pg_el
pg1_4,2,36,0.0,pg_el,pg_im
pg1_4,2,37,0.0,pg_im,pg_el
pg1_4,3,29,2.5495097567963922,pg_im,pg_el
pg1_4,4,31,1.5811388300841898,pg_im,pg_el
pg1_4,6,85,0.5,pg_im,pg_el
pg1_4,8,26,1.0,pg_im,pg_el
pg1_4,9,36,3.2015621187164243,pg_im,pg_el
pg1_5,0,26,1.8027756377319946,pg_im,pg_el
pg1_5,5,24,0.0,pg_im,pg_el
pg1_5,6,26,2.1213203435596424,pg_im,pg_el
pg1_5,7,27,0.0,pg_im,pg_el
pg1_5,8,26,1.118033988749895,pg_im,pg_el
pg1_5,9,25,1.5,pg_im,pg_el
pg1_6,0,13,2.5495097567963922,pg_im,pg_el
pg1_6,4,15,0.0,pg_im,pg_el
pg1_6,5,11,2.692582403567252,pg_im,pg_el
pg1_6,6,11,1.5,pg_im,pg_el
pg1_6,7,14,1.118033988749895,pg_im,pg_el
pg1_6,8,31,0.0,pg_im,pg_el
pg1_6,9,13,1.5811388300841898,pg_im,pg_el
pg1_7,0,29,0.0,pg_im,pg_el
pg1_7,1,25,2.5,pg_im,pg_el
pg1_7,2,75,0.0,pg_im,pg_el
pg1_7,3,24,0.0,pg_im,pg_el
pg1_7,4,26,1.5,pg_im,pg_el
pg1_7,5,28,2.5,pg_im,pg_el
pg1_7,6,48,2.5,pg_im,pg_el
pg1_7,7,20,0.5,pg_im,pg_el
pg1_7,8,23,0.0,pg_im,pg_el
pg1_7,9,26,3.5355339059327378,pg_im,pg_el
pg1_8,0,28,290.90376415577714,pg_im,pg_el
pg1_8,0,31,203.58843287377601,pg_el,pg_im
pg1_8,0,33,114.48689881379441,pg_im,pg_el
pg1_8,0,36,148.00084459218468,pg_el,pg_im
pg1_8,0,37,145.27387927635166,pg_im,pg_el
pg1_8,0,38,114.05809923017304,pg_el,pg_im
pg1_8,0,39,248.0181444975347,pg_im,pg_el
pg1_8,0,40,117.47872147755099,pg_el,pg_im
pg1_8,0,42,154.50647235633852,pg_im,pg_el
pg1_8,0,45,143.0034964607509,pg_el,pg_im
pg1_8,0,47,236.04289864344574,pg_im,pg_el
pg1_8,0,48,296.2435653309621,pg_el,pg_im
pg1_8,0,51,113.63208173750932,pg_im,pg_el
pg1_8,0,52,241.1850948960155,pg_el,pg_im
pg1_8,0,53,119.19941275023129,pg_im,pg_el
pg1_8,0,54,118.77394495427016,pg_el,pg_im
pg1_8,0,56,195.5230165479246,pg_im,pg_el
pg1_8,0,57,155.32707426588578,pg_el,pg_im
pg1_8,0,58,155.32707426588578,pg_im,pg_el
pg1_8,0,60,165.16204164395643,pg_el,pg_im
pg1_8,0,62,112.64213243720131,pg_im,pg_el
pg1_8,0,63,112.64213243720131,pg_el,pg_im
pg1_8,0,65,125.52390210633192,pg_im,pg_el
pg1_8,0,66,243.59905582739847,pg_el,pg_im
pg1_8,0,67,243.59905582739847,pg_im,pg_el
pg1_8,0,69,124.10580163715152,pg_el,pg_im
pg1_8,0,71,124.01612798341996,pg_im,pg_el
pg1_8,0,72,290.5477585527033,pg_el,pg_im
pg1_8,0,73,307.19903971204076,pg_im,pg_el
pg1_8,0,77,118.93800906354537,pg_el,pg_im
pg1_8,0,78,118.93800906354537,pg_im,pg_el
pg1_8,0,82,326.26714514336254,pg_el,pg_im
pg1_8,0,83,182.26148797812445,pg_im,pg_el
pg1_8,0,87,213.41157419409097,pg_el,pg_im
pg1_8,0,88,153.3101431738944,pg_im,pg_el
pg1_8,0,94,308.8952087682812,pg_el,pg_im
pg1_8,0,96,222.62299971027252,pg_im,pg_el
pg1_8,1,12,327.15630820756,pg_im,pg_el
pg1_8,1,13,99.91121058219643,pg_el,pg_im
pg1_8,1,21,164.26959548254814,pg_im,pg_el
pg1_8,1,22,223.1014343297685,pg_el,pg_im
pg1_8,1,31,155.283611498445,pg_im,pg_el
pg1_8,1,32,214.64913230665528,pg_el,pg_im
pg1_8,1,33,214.64913230665528,pg_im,pg_el
pg1_8,1,35,240.52078912227108,pg_el,pg_im
pg1_8,1,37,196.04400016322867,pg_im,pg_el
pg1_8,1,39,293.23795797952215,pg_el,pg_im
pg1_8,1,41,305.1597942062486,pg_im,pg_el
pg1_8,1,43,264.4168111145734,pg_el,pg_im
pg1_8,1,45,196.11030059637358,pg_im,pg_el
pg1_8,1,46,327.1704448754502,pg_el,pg_im
pg1_8,1,47,247.52474623762367,pg_im,pg_el
pg1_8,1,49,265.84958153060916,pg_el,pg_im
pg1_8,1,50,134.28049001995785,pg_im,pg_el
pg1_8,1,57,249.56061387967452,pg_el,pg_im
pg1_8,1,58,326.7265676372217,pg_im,pg_el
pg1_8,1,62,138.74076545846214,pg_el,pg_im
pg1_8,1,65,201.23183147802436,pg_im,pg_el
pg1_8,1,68,281.8674333795942,pg_el,pg_im
pg1_8,1,70,260.51199588502635,pg_im,pg_el
pg1_8,1,71,206.34982432752398,pg_el,pg_im
pg1_8,1,72,143.96961484980085,pg_im,pg_el
pg1_8,1,74,98.34886882928548,pg_el,pg_im
pg1_8,1,76,106.09547586961472,pg_im,pg_el
pg1_8,1,81,242.5,pg_el,pg_im
pg1_8,1,82,221.45202640752692,pg_im,pg_el
pg1_8,1,91,182.26148797812445,pg_el,pg_im
pg1_8,1,92,182.26148797812445,pg_im,pg_el
pg1_8,1,93,215.8083640640464,pg_el,pg_im
pg1_8,1,94,65.51717332119877,pg_im,pg_el
pg1_8,1,95,142.21462653327893,pg_el,pg_im
pg1_8,1,97,112.00892821556681,pg_im,pg_el
pg1_8,2,33,217.5827428818747,pg_im,pg_el
pg1_8,2,36,327.15630820756,pg_el,pg_im
pg1_8,2,38,240.93619487324855,pg_im,pg_el
pg1_8,2,39,144.16050083153846,pg_el,pg_im
pg1_8,2,40,305.65053574302794,pg_im,pg_el
pg1_8,2,44,226.5226258014859,pg_el,pg_im
pg1_8,2,45,114.12712210513327,pg_im,pg_el
pg1_8,2,49,202.69990133199374,pg_el,pg_im
pg1_8,2,50,234.48294181027327,pg_im,pg_el
pg1_8,2,53,211.03791128610044,pg_el,pg_im
pg1_8,2,54,300.3635297435426,pg_im,pg_el
pg1_8,2,61,154.12008305214476,pg_el,pg_im
pg1_8,2,66,243.59905582739847,pg_im,pg_el
pg1_8,2,69,161.64467204334326,pg_el,pg_im
pg1_8,2,70,160.9425363289643,pg_im,pg_el
pg1_8,2,71,154.53802121160993,pg_el,pg_im
pg1_8,2,72,221.56827390219928,pg_im,pg_el
pg1_8,2,73,182.26148797812445,pg_el,pg_im
pg1_8,2,75,210.22963635034904,pg_im,pg_el
pg1_8,2,76,106.09547586961472,pg_el,pg_im
pg1_8,2,77,106.09547586961472,pg_im,pg_el
pg1_8,2,78,326.26714514336254,pg_el,pg_im
pg1_8,2,79,112.57219905465115,pg_im,pg_el
pg1_8,2,80,217.75330077865638,pg_el,pg_im
pg1_8,2,82,165.16204164395643,pg_im,pg_el
pg1_8,2,83,213.54741862171971,pg_el,pg_im
pg1_8,2,84,242.00929734206494,pg_im,pg_el
pg1_8,2,90,105.27226605331529,pg_el,pg_im
pg1_8,2,92,251.75384803414624,pg_im,pg_el
pg1_8,2,93,308.7430161153447,pg_el,pg_im
pg1_8,2,94,304.6690827767071,pg_im,pg_el
pg1_8,2,95,214.38866574518346,pg_el,pg_im
pg1_8,2,97,153.4095824907949,pg_im,pg_el
pg1_8,3,15,156.52236261953115,pg_im,pg_el
pg1_8,3,16,196.45991957648766,pg_el,pg_im
pg1_8,3,19,310.74949718382493,pg_im,pg_el
pg1_8,3,20,156.52236261953115,pg_el,pg_im
pg1_8,3,23,156.52236261953115,pg_im,pg_el
pg1_8,3,24,309.67240755353066,pg_el,pg_im
pg1_8,3,27,161.20794025109308,pg_im,pg_el
pg1_8,3,29,195.69427687083748,pg_el,pg_im
pg1_8,3,31,196.16319736382766,pg_im,pg_el
pg1_8,3,32,196.337082590121,pg_el,pg_im
pg1_8,3,33,130.12493996156155,pg_im,pg_el
pg1_8,3,34,165.16204164395643,pg_el,pg_im
pg1_8,3,35,114.48689881379441,pg_im,pg_el
pg1_8,3,36,240.52078912227108,pg_el,pg_im
pg1_8,3,37,216.9435410423643,pg_im,pg_el
pg1_8,3,39,113.89688318825937,pg_el,pg_im
pg1_8,3,41,154.37778337571763,pg_im,pg_el
pg1_8,3,51,248.03225596683993,pg_el,pg_im
pg1_8,3,52,226.29184695874486,pg_im,pg_el
pg1_8,3,53,154.40207252495026,pg_el,pg_im
pg1_8,3,54,215.12438262549412,pg_im,pg_el
pg1_8,3,57,127.3184982632139,pg_el,pg_im
pg1_8,3,58,230.9485873522503,pg_im,pg_el
pg1_8,3,69,112.14722466472365,pg_el,pg_im
pg1_8,3,70,251.3901350490906,pg_im,pg_el
pg1_8,3,73,293.0379668234135,pg_el,pg_im
pg1_8,3,75,214.6071993200601,pg_im,pg_el
pg1_8,3,76,152.80052355931247,pg_el,pg_im
pg1_8,3,77,314.3918733046387,pg_im,pg_el
pg1_8,3,80,248.68152323805643,pg_el,pg_im
pg1_8,3,81,117.64777940955791,pg_im,pg_el
pg1_8,3,82,216.18741869035765,pg_el,pg_im
pg1_8,3,83,304.7170818972904,pg_im,pg_el
pg1_8,3,84,119.55333537798099,pg_el,pg_im
pg1_8,3,85,117.8526622524922,pg_im,pg_el
pg1_8,3,87,159.20113064925135,pg_el,pg_im
pg1_8,3,88,303.9230988260024,pg_im,pg_el
pg1_8,3,89,222.03603311174518,pg_el,pg_im
pg1_8,3,90,105.68348972285122,pg_im,pg_el
pg1_8,4,28,137.49363621637184,pg_im,pg_el
pg1_8,4,29,113.92651140099042,pg_el,pg_im
pg1_8,4,31,113.92651140099042,pg_im,pg_el
pg1_8,4,33,182.26148797812445,pg_el,pg_im
pg1_8,4,34,182.26148797812445,pg_im,pg_el
pg1_8,4,37,145.11374848717816,pg_el,pg_im
pg1_8,4,38,213.63169240541066,pg_im,pg_el
pg1_8,4,40,326.94074386653006,pg_el,pg_im
pg1_8,4,41,247.52474623762367,pg_im,pg_el
pg1_8,4,42,247.52474623762367,pg_el,pg_im
pg1_8,4,43,327.1704448754502,pg_im,pg_el
pg1_8,4,45,247.52474623762367,pg_el,pg_im
pg1_8,4,46,247.53232112190926,pg_im,pg_el
pg1_8,4,48,297.0206221796729,pg_el,pg_im
pg1_8,4,49,267.87403756243344,pg_im,pg_el
pg1_8,4,51,154.01298646542764,pg_el,pg_im
pg1_8,4,52,267.81383459410756,pg_im,pg_el
pg1_8,4,54,326.95718374123544,pg_el,pg_im
pg1_8,4,60,109.9840897584737,pg_im,pg_el
pg1_8,4,62,254.9215565620138,pg_el,pg_im
pg1_8,4,64,220.82402496105354,pg_im,pg_el
pg1_8,4,67,165.16204164395643,pg_el,pg_im
pg1_8,4,68,326.49655434629017,pg_im,pg_el
pg1_8,4,73,161.90892501650427,pg_el,pg_im
pg1_8,4,74,253.00296440951044,pg_im,pg_el
pg1_8,4,76,256.1688896021529,pg_el,pg_im
pg1_8,4,77,165.16204164395643,pg_im,pg_el
pg1_8,4,83,138.94693231590253,pg_el,pg_im
pg1_8,4,84,80.23091673413684,pg_im,pg_el
pg1_8,4,87,182.26148797812445,pg_el,pg_im
pg1_8,4,88,275.3270782178898,pg_im,pg_el
pg1_8,4,93,112.50444435665642,pg_el,pg_im
pg1_8,4,94,225.85393509965684,pg_im,pg_el
pg1_8,4,97,117.89508047412326,pg_el,pg_im
pg1_8,5,26,327.15630820756,pg_im,pg_el
pg1_8,5,31,145.57815770231468,pg_el,pg_im
pg1_8,5,34,152.8217916398051,pg_im,pg_el
pg1_8,5,35,111.68818200687126,pg_el,pg_im
pg1_8,5,36,111.68818200687126,pg_im,pg_el
pg1_8,5,37,153.59850259686777,pg_el,pg_im
pg1_8,5,38,262.9923953273174,pg_im,pg_el
pg1_8,5,41,132.07005716664167,pg_el,pg_im
pg1_8,5,44,241.01452238402564,pg_im,pg_el
pg1_8,5,47,155.58920271021378,pg_el,pg_im
pg1_8,5,49,226.51765935573323,pg_im,pg_el
pg1_8,5,54,210.03809178337153,pg_el,pg_im
pg1_8,5,55,299.38478585258804,pg_im,pg_el
pg1_8,5,56,299.1028251287507,pg_el,pg_im
pg1_8,5,57,197.7725966861941,pg_im,pg_el
pg1_8,5,58,281.8802937418648,pg_el,pg_im
pg1_8,5,62,184.00271737123884,pg_im,pg_el
pg1_8,5,66,182.26148797812445,pg_el,pg_im
pg1_8,5,69,107.61621625015442,pg_im,pg_el
pg1_8,5,73,242.8955536851179,pg_el,pg_im
pg1_8,5,75,225.6263504114712,pg_im,pg_el
pg1_8,5,77,165.16204164395643,pg_el,pg_im
pg1_8,5,79,214.53787544394115,pg_im,pg_el
pg1_8,5,80,214.04263593966508,pg_el,pg_im
pg1_8,5,81,121.62442188968464,pg_im,pg_el
pg1_8,5,84,160.8112247326038,pg_el,pg_im
pg1_8,5,87,213.47892167612238,pg_im,pg_el
pg1_8,5,88,72.56031973468694,pg_el,pg_im
pg1_8,5,90,225.85393509965684,pg_im,pg_el
pg1_8,5,91,153.6635936062931,pg_el,pg_im
pg1_8,5,92,105.27226605331529,pg_im,pg_el
pg1_8,5,97,155.04918574439532,pg_el,pg_im
pg1_8,6,18,100.34440691936945,pg_im,pg_el
pg1_8,6,19,164.26959548254814,pg_el,pg_im
pg1_8,6,20,164.26959548254814,pg_im,pg_el
pg1_8,6,21,164.26959548254814,pg_el,pg_im
pg1_8,6,24,156.52236261953115,pg_im,pg_el
pg1_8,6,25,196.45991957648766,pg_el,pg_im
pg1_8,6,27,0.7071067811865476,pg_im,pg_el
pg1_8,6,28,137.99003587215998,pg_el,pg_im
pg1_8,6,29,103.07764064044152,pg_im,pg_el
pg1_8,6,33,214.64913230665528,pg_el,pg_im
pg1_8,6,35,102.37431318450932,pg_im,pg_el
pg1_8,6,37,249.0180716333656,pg_el,pg_im
pg1_8,6,38,165.16204164395643,pg_im,pg_el
pg1_8,6,41,238.71426434128313,pg_el,pg_im
pg1_8,6,45,218.13585216557135,pg_im,pg_el
pg1_8,6,56,262.42189314155934,pg_el,pg_im
pg1_8,6,57,133.29759937823337,pg_im,pg_el
pg1_8,6,58,241.1850948960155,pg_el,pg_im
pg1_8,6,62,274.23530042647684,pg_im,pg_el
pg1_8,6,66,142.12670403551894,pg_el,pg_im
pg1_8,6,67,202.73751502866952,pg_im,pg_el
pg1_8,6,70,304.3098749630054,pg_el,pg_im
pg1_8,6,71,304.3098749630054,pg_im,pg_el
pg1_8,6,77,311.843310013218,pg_el,pg_im
pg1_8,6,81,182.26148797812445,pg_im,pg_el
pg1_8,6,83,204.64664668642874,pg_el,pg_im
pg1_8,6,85,78.79086241436883,pg_im,pg_el
pg1_8,6,86,75.80567261095966,pg_el,pg_im
pg1_8,6,87,217.13878050684545,pg_im,pg_el
pg1_8,6,89,142.20056258679148,pg_el,pg_im
pg1_8,6,90,307.45772067066395,pg_im,pg_el
pg1_8,6,92,116.27230968721659,pg_el,pg_im
pg1_8,6,93,105.27226605331529,pg_im,pg_el
pg1_8,6,94,104.86181383134664,pg_el,pg_im
pg1_8,6,95,153.5358264380011,pg_im,pg_el
pg1_8,6,96,110.86027241532469,pg_el,pg_im
pg1_8,6,97,59.434838268476845,pg_im,pg_el
pg1_8,7,26,216.68698622667674,pg_im,pg_el
pg1_8,7,29,145.57815770231468,pg_el,pg_im
pg1_8,7,31,145.57815770231468,pg_im,pg_el
pg1_8,7,33,241.01452238402564,pg_el,pg_im
pg1_8,7,36,240.16869071550522,pg_im,pg_el
pg1_8,7,38,217.85889929034343,pg_el,pg_im
pg1_8,7,39,217.85889929034343,pg_im,pg_el
pg1_8,7,42,216.8553665464611,pg_el,pg_im
pg1_8,7,43,118.15773355984787,pg_im,pg_el
pg1_8,7,47,327.1704448754502,pg_el,pg_im
pg1_8,7,48,182.26148797812445,pg_im,pg_el
pg1_8,7,50,112.74972283779681,pg_el,pg_im
pg1_8,7,55,133.18408313308313,pg_im,pg_el
pg1_8,7,56,214.63049643515248,pg_el,pg_im
pg1_8,7,57,153.92287029548274,pg_im,pg_el
pg1_8,7,58,226.29184695874486,pg_el,pg_im
pg1_8,7,61,241.76486510657415,pg_im,pg_el
pg1_8,7,65,112.14722466472365,pg_el,pg_im
pg1_8,7,68,215.17260513364613,pg_im,pg_el
pg1_8,7,70,250.8635087054313,pg_el,pg_im
pg1_8,7,71,165.16204164395643,pg_im,pg_el
pg1_8,7,72,214.6071993200601,pg_el,pg_im
pg1_8,7,73,242.8955536851179,pg_im,pg_el
pg1_8,7,75,168.70758726269545,pg_el,pg_im
pg1_8,7,76,300.5698754033744,pg_im,pg_el
pg1_8,7,78,299.5567558910999,pg_el,pg_im
pg1_8,7,80,218.25501139721854,pg_im,pg_el
pg1_8,7,82,82.17207554881402,pg_el,pg_im
pg1_8,7,83,230.70543990118657,pg_im,pg_el
pg1_8,7,84,326.26714514336254,pg_el,pg_im
pg1_8,7,87,306.47716064985985,pg_im,pg_el
pg1_8,7,88,118.06460096066051,pg_el,pg_im
pg1_8,7,91,216.33885457772027,pg_im,pg_el
pg1_8,7,92,215.87033144922904,pg_el,pg_im
pg1_8,7,94,104.86181383134664,pg_im,pg_el
pg1_8,7,97,118.17465887405811,pg_el,pg_im
pg1_8,8,22,310.1632634597463,pg_im,pg_el
pg1_8,8,23,310.1632634597463,pg_el,pg_im
pg1_8,8,25,327.15630820756,pg_im,pg_el
pg1_8,8,26,156.52236261953115,pg_el,pg_im
pg1_8,8,29,226.5226258014859,pg_im,pg_el
pg1_8,8,31,226.5226258014859,pg_el,pg_im
pg1_8,8,32,327.15630820756,pg_im,pg_el
pg1_8,8,34,307.02809317715537,pg_el,pg_im
pg1_8,8,36,131.09729211543615,pg_im,pg_el
pg1_8,8,37,145.3977303811858,pg_el,pg_im
pg1_8,8,39,147.5008474551926,pg_im,pg_el
pg1_8,8,41,226.5226258014859,pg_el,pg_im
pg1_8,8,42,327.1704448754502,pg_im,pg_el
pg1_8,8,45,154.7142527371024,pg_el,pg_im
pg1_8,8,48,194.79476378999513,pg_im,pg_el
pg1_8,8,49,113.58917201916739,pg_el,pg_im
pg1_8,8,53,154.80633061990713,pg_im,pg_el
pg1_8,8,55,326.95718374123544,pg_el,pg_im
pg1_8,8,56,326.95718374123544,pg_im,pg_el
pg1_8,8,65,201.69283576765935,pg_el,pg_im
pg1_8,8,66,160.0195300580526,pg_im,pg_el
pg1_8,8,68,226.29184695874486,pg_el,pg_im
pg1_8,8,69,226.07189122046995,pg_im,pg_el
pg1_8,8,71,112.07698247187065,pg_el,pg_im
pg1_8,8,73,163.33784007387877,pg_im,pg_el
pg1_8,8,75,248.57393266390585,pg_el,pg_im
pg1_8,8,76,157.0390078929436,pg_im,pg_el
pg1_8,8,79,165.1098119434457,pg_el,pg_im
pg1_8,8,80,165.1098119434457,pg_im,pg_el
pg1_8,8,81,163.40440630533806,pg_el,pg_im
pg1_8,8,84,182.26148797812445,pg_im,pg_el
pg1_8,8,85,216.97062013092923,pg_el,pg_im
pg1_8,8,89,182.26148797812445,pg_im,pg_el
pg1_8,8,90,304.1792234851026,pg_el,pg_im
pg1_8,8,91,142.48245506026348,pg_im,pg_el
pg1_8,8,92,143.07078667568723,pg_el,pg_im
pg1_8,8,93,157.57934509319423,pg_im,pg_el
pg1_8,8,94,116.303482321038,pg_el,pg_im
pg1_8,8,95,201.76037767609378,pg_im,pg_el
pg1_8,8,96,194.65353837010002,pg_el,pg_im
pg1_8,8,97,303.40237309553135,pg_im,pg_el
pg1_8,9,17,248.2629654217479,pg_im,pg_el
pg1_8,9,18,248.2629654217479,pg_el,pg_im
pg1_8,9,29,203.07449372090036,pg_im,pg_el
pg1_8,9,31,308.5012155567624,pg_el,pg_im
pg1_8,9,32,149.50083611806323,pg_im,pg_el
pg1_8,9,33,145.51460407807872,pg_el,pg_im
pg1_8,9,36,326.7116465631429,pg_im,pg_el
pg1_8,9,38,153.59850259686777,pg_el,pg_im
pg1_8,9,40,114.62220552755038,pg_im,pg_el
pg1_8,9,43,114.62220552755038,pg_el,pg_im
pg1_8,9,49,216.5975530794381,pg_im,pg_el
pg1_8,9,50,137.05838172107534,pg_el,pg_im
pg1_8,9,51,294.7719457478951,pg_im,pg_el
pg1_8,9,52,293.0187707297947,pg_el,pg_im
pg1_8,9,54,136.40014662748717,pg_im,pg_el
pg1_8,9,55,241.1850948960155,pg_el,pg_im
pg1_8,9,56,241.1850948960155,pg_im,pg_el
pg1_8,9,62,182.26148797812445,pg_el,pg_im
pg1_8,9,63,165.16204164395643,pg_im,pg_el
pg1_8,9,64,215.24404753674375,pg_el,pg_im
pg1_8,9,66,252.50445540623636,pg_im,pg_el
pg1_8,9,67,250.36024045363112,pg_el,pg_im
pg1_8,9,69,123.43419299367578,pg_im,pg_el
pg1_8,9,70,122.36216735576402,pg_el,pg_im
pg1_8,9,73,254.069380288141,pg_im,pg_el
pg1_8,9,75,182.26148797812445,pg_el,pg_im
pg1_8,9,78,122.7975976963719,pg_im,pg_el
pg1_8,9,79,122.7975976963719,pg_el,pg_im
pg1_8,9,80,121.98053123347185,pg_im,pg_el
pg1_8,9,81,249.70382456021773,pg_el,pg_im
pg1_8,9,82,253.02025610610704,pg_im,pg_el
pg1_8,9,85,119.26546021376012,pg_el,pg_im
pg1_8,9,86,117.92476415070755,pg_im,pg_el
pg1_8,9,88,159.00078616157845,pg_el,pg_im
pg1_8,9,89,309.5339238274215,pg_im,pg_el
pg1_8,9,90,276.9702150051518,pg_el,pg_im
pg1_8,9,93,182.26148797812445,pg_im,pg_el
pg1_8,9,94,182.26148797812445,pg_el,pg_im
pg1_8,9,96,165.16204164395643,pg_im,pg_el
pg1_8,9,97,165.16204164395643,pg_el,pg_im
pg1_9,0,26,308.6486675817668,pg_im,pg_el
pg1_9,0,27,147.02720836634285,pg_el,pg_im
pg1_9,0,30,157.96281207929923,pg_im,pg_el
pg1_9,0,32,278.18878482066816,pg_el,pg_im
pg1_9,0,33,188.79221382249852,pg_im,pg_el
pg1_9,0,35,195.94961086973356,pg_el,pg_im
pg1_9,0,38,93.9002129923037,pg_im,pg_el
pg1_9,0,40,147.58048651498612,pg_el,pg_im
pg1_9,0,41,98.11472876179192,pg_im,pg_el
pg1_9,0,42,82.77831841732471,pg_el,pg_im
pg1_9,0,44,322.5468958151667,pg_im,pg_el
pg1_9,0,53,105.79815688375672,pg_el,pg_im
pg1_9,0,54,86.75540328993924,pg_im,pg_el
pg1_9,1,27,120.88527619193331,pg_im,pg_el
pg1_9,1,28,107.57439286372943,pg_el,pg_im
pg1_9,1,29,196.55151996359632,pg_im,pg_el
pg1_9,1,31,86.03632953584201,pg_el,pg_im
pg1_9,1,32,351.18442448377465,pg_im,pg_el
pg1_9,1,33,350.89350236218394,pg_el,pg_im
pg1_9,1,34,244.13520843991347,pg_im,pg_el
pg1_9,1,35,80.98456643089472,pg_el,pg_im
pg1_9,1,37,243.97387155185285,pg_im,pg_el
pg1_9,1,40,308.4870337631713,pg_el,pg_im
pg1_9,1,41,123.86484569885033,pg_im,pg_el
pg1_9,1,47,107.08524641611467,pg_el,pg_im
pg1_9,1,48,109.74743732771167,pg_im,pg_el
pg1_9,1,50,109.74743732771167,pg_el,pg_im
pg1_9,1,51,86.05230967266364,pg_im,pg_el
pg1_9,1,58,145.36935715617648,pg_el,pg_im
pg1_9,1,59,323.0468232315557,pg_im,pg_el
pg1_9,2,19,169.24612255528928,pg_im,pg_el
pg1_9,2,20,279.15945264310864,pg_el,pg_im
pg1_9,2,26,158.2126733229674,pg_im,pg_el
pg1_9,2,27,243.6621636610822,pg_el,pg_im
pg1_9,2,32,96.28733042306241,pg_im,pg_el
pg1_9,2,34,85.70297544426332,pg_el,pg_im
pg1_9,2,36,300.4205385788395,pg_im,pg_el
pg1_9,2,38,85.37124808739767,pg_el,pg_im
pg1_9,2,39,243.97387155185285,pg_im,pg_el
pg1_9,2,44,109.60155108391487,pg_el,pg_im
pg1_9,2,45,168.1814496310458,pg_im,pg_el
pg1_9,2,46,168.1814496310458,pg_el,pg_im
pg1_9,2,47,150.06415294799754,pg_im,pg_el
pg1_9,2,56,195.8679402046185,pg_el,pg_im
pg1_9,2,57,199.27995383379633,pg_im,pg_el
pg1_9,3,18,79.26064597263891,pg_im,pg_el
pg1_9,3,19,79.26064597263891,pg_el,pg_im
pg1_9,3,27,79.72766144820754,pg_im,pg_el
pg1_9,3,29,147.2964697472414,pg_el,pg_im
pg1_9,3,33,91.10021953870364,pg_im,pg_el
pg1_9,3,36,300.4205385788395,pg_el,pg_im
pg1_9,3,38,348.6850297904973,pg_im,pg_el
pg1_9,3,39,147.1334428333681,pg_el,pg_im
pg1_9,3,41,204.25780278853486,pg_im,pg_el
pg1_9,3,44,114.5043667289593,pg_el,pg_im
pg1_9,3,47,270.3849108215915,pg_im,pg_el
pg1_9,4,13,279.525490787513,pg_im,pg_el
pg1_9,4,14,279.64486406869696,pg_el,pg_im
pg1_9,4,24,108.584068813063,pg_im,pg_el
pg1_9,4,26,146.60576387031992,pg_el,pg_im
pg1_9,4,28,94.50529085717899,pg_im,pg_el
pg1_9,4,31,189.43732472773152,pg_el,pg_im
pg1_9,4,33,0.0,pg_im,pg_el
pg1_9,4,34,114.69306866589628,pg_el,pg_im
pg1_9,4,35,193.19484982783572,pg_im,pg_el
pg1_9,4,36,197.5512591708795,pg_el,pg_im
pg1_9,4,39,153.6310515488324,pg_im,pg_el
pg1_9,4,60,160.1912918981553,pg_el,pg_im
pg1_9,4,61,199.13814300630605,pg_im,pg_el
pg1_9,5,25,158.23558386153223,pg_im,pg_el
pg1_9,5,26,278.67409280376245,pg_el,pg_im
pg1_9,5,31,189.43732472773152,pg_im,pg_el
pg1_9,5,33,93.9002129923037,pg_el,pg_im
pg1_9,5,35,153.18697725329005,pg_im,pg_el
pg1_9,5,37,146.60576387031992,pg_el,pg_im
pg1_9,5,40,189.7636688093904,pg_im,pg_el
pg1_9,5,51,322.5468958151667,pg_el,pg_im
pg1_9,5,52,206.65490557932566,pg_im,pg_el
pg1_9,5,63,199.13814300630605,pg_el,pg_im
pg1_9,5,64,100.57832768544127,pg_im,pg_el
pg1_9,6,16,95.11703317492614,pg_im,pg_el
pg1_9,6,17,159.14223198133172,pg_el,pg_im
pg1_9,6,23,199.99062478026315,pg_im,pg_el
pg1_9,6,24,120.9390342279944,pg_el,pg_im
pg1_9,6,27,115.90729053860244,pg_im,pg_el
pg1_9,6,29,123.2933493745709,pg_el,pg_im
pg1_9,6,32,108.18618211213482,pg_im,pg_el
pg1_9,6,34,277.7035289656939,pg_el,pg_im
pg1_9,6,36,93.9002129923037,pg_im,pg_el
pg1_9,6,37,277.7035289656939,pg_el,pg_im
pg1_9,6,40,193.68143948246563,pg_im,pg_el
pg1_9,6,41,198.07637415906018,pg_el,pg_im
pg1_9,6,42,82.6513762740827,pg_im,pg_el
pg1_9,6,43,265.5484889808262,pg_el,pg_im
pg1_9,6,44,171.12130200533187,pg_im,pg_el
pg1_9,6,49,322.5468958151667,pg_el,pg_im
pg1_9,6,50,166.62082702951633,pg_im,pg_el
pg1_9,6,57,197.8642211214549,pg_el,pg_im
pg1_9,6,58,145.87066188922296,pg_im,pg_el
pg1_9,7,15,243.50051334648145,pg_im,pg_el
pg1_9,7,16,158.78444508200417,pg_el,pg_im
pg1_9,7,20,243.6621636610822,pg_im,pg_el
pg1_9,7,21,158.2126733229674,pg_el,pg_im
pg1_9,7,22,158.2126733229674,pg_im,pg_el
pg1_9,7,25,158.23558386153223,pg_el,pg_im
pg1_9,7,31,86.03632953584201,pg_im,pg_el
pg1_9,7,32,86.03632953584201,pg_el,pg_im
pg1_9,7,34,210.92474961464336,pg_im,pg_el
pg1_9,7,36,93.9002129923037,pg_el,pg_im
pg1_9,7,37,144.9413674559475,pg_im,pg_el
pg1_9,7,39,198.55100100477964,pg_el,pg_im
pg1_9,7,42,145.07325735641285,pg_im,pg_el
pg1_9,7,48,196.60747696870533,pg_el,pg_im
pg1_9,7,49,239.8921632734175,pg_im,pg_el
pg1_9,7,61,107.55115062146011,pg_el,pg_im
pg1_9,7,62,239.2618858071632,pg_im,pg_el
pg1_9,8,21,243.6621636610822,pg_im,pg_el
pg1_9,8,22,168.31518053936787,pg_el,pg_im
pg1_9,8,29,308.0137983922149,pg_im,pg_el
pg1_9,8,32,197.05138923641212,pg_el,pg_im
pg1_9,8,34,193.19484982783572,pg_im,pg_el
pg1_9,8,40,193.19484982783572,pg_el,pg_im
pg1_9,8,42,384.7076812334269,pg_im,pg_el
pg1_9,8,52,208.33146665830392,pg_el,pg_im
pg1_9,8,53,163.62457028209425,pg_im,pg_el
pg1_9,8,54,163.62457028209425,pg_el,pg_im
pg1_9,8,56,108.11683495182422,pg_im,pg_el
pg1_9,8,62,101.6821026533185,pg_el,pg_im
pg1_9,8,63,200.80151891855797,pg_im,pg_el
pg1_9,9,14,279.64486406869696,pg_im,pg_el
pg1_9,9,15,265.96475330389177,pg_el,pg_im
pg1_9,9,17,136.10749428301148,pg_im,pg_el
pg1_9,9,18,158.50946343988426,pg_el,pg_im
pg1_9,9,36,283.8203657245195,pg_im,pg_el
pg1_9,9,38,64.40496875241847,pg_el,pg_im
pg1_9,9,40,187.57931655702342,pg_im,pg_el
pg1_9,9,42,298.34962711557057,pg_el,pg_im
pg1_9,9,43,144.23331792619902,pg_im,pg_el
pg1_9,9,59,323.0468232315557,pg_el,pg_im
pg1_9,9,60,147.57455742776258,pg_im,pg_el
pg2_1,0,26,0.7071067811865476,pg_im,pg_el
pg2_1,2,33,0.0,pg_im,pg_el
pg2_1,3,26,0.0,pg_im,pg_el
pg2_1,3,27,0.0,pg_el,pg_im
pg2_1,3,29,0.0,pg_im,pg_el
pg2_1,4,65,2.5,pg_im,pg_el
pg2_1,5,62,0.0,pg_im,pg_el
pg2_1,6,14,0.0,pg_im,pg_el
pg2_1,6,18,0.0,pg_el,pg_im
pg2_1,6,19,0.0,pg_im,pg_el
pg2_1,7,18,0.0,pg_im,pg_el
pg2_1,8,34,2.5,pg_im,pg_el
pg2_1,9,31,2.9154759474226504,pg_im,pg_el
pg2_10,3,21,0.5,pg_im,pg_el
pg2_10,4,18,0.0,pg_im,pg_el
pg2_10,5,19,2.5,pg_im,pg_el
pg2_10,6,19,1.5811388300841898,pg_im,pg_el
pg2_10,7,51,1.0,pg_im,pg_el
pg2_10,8,18,1.5,pg_im,pg_el
pg2_10,9,16,0.0,pg_im,pg_el
pg2_11,1,20,0.0,pg_im,pg_el
pg2_11,2,15,1.0,pg_im,pg_el
pg2_11,3,66,0.0,pg_im,pg_el
pg2_11,3,67,0.0,pg_el,pg_im
pg2_11,3,68,1.118033988749895,pg_im,pg_el
pg2_11,4,20,0.5,pg_im,pg_el
pg2_11,5,39,0.0,pg_im,pg_el
pg2_11,6,21,3.905124837953327,pg_im,pg_el
pg2_11,7,19,1.5,pg_im,pg_el
pg2_11,8,18,0.0,pg_im,pg_el
pg2_11,8,20,2.5495097567963922,pg_el,pg_im
pg2_11,8,21,0.0,pg_im,pg_el
pg2_11,9,25,1.5811388300841898,pg_im,pg_el
pg2_12,3,30,0.0,pg_im,pg_el
pg2_12,6,25,2.0615528128088303,pg_im,pg_el
pg2_12,7,28,0.0,pg_im,pg_el
pg2_12,8,23,1.118033988749895,pg_im,pg_el
pg2_12,9,31,0.5,pg_im,pg_el
pg2_2,1,41,0.0,pg_im,pg_el
pg2_2,1,43,0.0,pg_el,pg_im
pg2_2,1,44,0.0,pg_im,pg_el
pg2_2,2,29,0.0,pg_im,pg_el
pg2_2,3,24,0.0,pg_im,pg_el
pg2_2,4,19,1.118033988749895,pg_im,pg_el
pg2_2,5,19,2.5,pg_im,pg_el
pg2_2,6,28,1.118033988749895,pg_im,pg_el
pg2_2,7,37,0.0,pg_im,pg_el
pg2_2,8,36,2.8284271247461903,pg_im,pg_el
pg2_2,9,17,0.0,pg_im,pg_el
pg2_3,0,38,0.0,pg_im,pg_el
pg2_3,1,39,0.0,pg_im,pg_el
pg2_3,2,28,0.0,pg_im,pg_el
pg2_3,3,28,1.0,pg_im,pg_el
pg2_3,4,19,0.7071067811865476,pg_im,pg_el
pg2_3,5,33,0.0,pg_im,pg_el
pg2_3,6,57,2.1213203435596424,pg_im,pg_el
pg2_3,7,59,2.5,pg_im,pg_el
pg2_3,8,19,1.118033988749895,pg_im,pg_el
pg2_3,9,30,0.0,pg_im,pg_el
pg2_4,1,20,1.118033988749895,pg_im,pg_el
pg2_4,2,65,1.118033988749895,pg_im,pg_el
pg2_4,3,33,0.0,pg_im,pg_el
pg2_4,4,48,1.4142135623730951,pg_im,pg_el
pg2_4,5,29,2.8284271247461903,pg_im,pg_el
pg2_4,6,21,0.5,pg_im,pg_el
pg2_4,6,22,0.0,pg_el,pg_im
pg2_4,6,23,0.0,pg_im,pg_el
pg2_4,7,15,1.0,pg_im,pg_el
pg2_4,8,38,2.8284271247461903,pg_im,pg_el
pg2_4,9,15,0.0,pg_im,pg_el
pg2_5,1,34,0.0,pg_im,pg_el
pg2_5,2,26,2.0615528128088303,pg_im,pg_el
pg2_5,3,29,0.0,pg_im,pg_el
pg2_5,4,25,0.0,pg_im,pg_el
pg2_5,5,37,0.7071067811865476,pg_im,pg_el
pg2_5,7,31,1.8027756377319946,pg_im,pg_el
pg2_5,8,24,0.0,pg_im,pg_el
pg2_5,9,21,4.716990566028302,pg_im,pg_el
pg2_6,1,25,0.0,pg_im,pg_el
pg2_6,2,29,0.0,pg_im,pg_el
pg2_6,3,41,0.0,pg_im,pg_el
pg2_6,4,81,0.0,pg_im,pg_el
pg2_6,5,32,0.0,pg_im,pg_el
pg2_6,6,27,4.527692569068709,pg_im,pg_el
pg2_6,6,28,0.5,pg_el,pg_im
pg2_6,6,29,0.5,pg_im,pg_el
pg2_6,7,34,0.0,pg_im,pg_el
pg2_6,8,50,0.5,pg_im,pg_el
pg2_6,9,22,0.5,pg_im,pg_el
pg2_7,2,80,112.49222195334218,pg_im,pg_el
pg2_7,2,81,0.0,pg_el,pg_im
pg2_7,2,82,0.5,pg_im,pg_el
pg2_7,3,23,1.8027756377319946,pg_im,pg_el
pg2_7,4,14,1.5811388300841898,pg_im,pg_el
pg2_7,5,32,2.1213203435596424,pg_im,pg_el
pg2_7,6,28,3.5355339059327378,pg_im,pg_el
pg2_7,7,28,2.9154759474226504,pg_im,pg_el
pg2_7,8,28,1.118033988749895,pg_im,pg_el
pg2_7,9,18,1.118033988749895,pg_im,pg_el
pg2_8,0,16,0.0,pg_im,pg_el
pg2_8,1,31,0.5,pg_im,pg_el
pg2_8,2,37,0.5,pg_im,pg_el
pg2_8,3,24,2.5,pg_im,pg_el
pg2_8,5,18,0.0,pg_im,pg_el
pg2_8,5,19,0.5,pg_el,pg_im
pg2_8,5,20,0.0,pg_im,pg_el
pg2_8,6,16,1.8027756377319946,pg_im,pg_el
pg2_8,6,17,0.0,pg_el,pg_im
pg2_8,6,18,0.0,pg_im,pg_el
pg2_8,7,40,0.0,pg_im,pg_el
pg2_8,8,14,1.5,pg_im,pg_el
pg2_8,9,34,2.23606797749979,pg_im,pg_el
pg2_9,4,52,0.0,pg_im,pg_el
pg2_9,5,36,1.118033988749895,pg_im,pg_el
pg2_9,5,37,0.0,pg_el,pg_im
pg2_9,5,40,0.0,pg_im,pg_el
pg2_9,6,30,0.0,pg_im,pg_el
pg2_9,6,31,4.031128874149275,pg_el,pg_im
pg2_9,6,32,0.0,pg_im,pg_el
pg2_9,8,17,0.0,pg_im,pg_el
pg2_9,9,21,5.0,pg_im,pg_el
pg3_1,1,31,0.0,pg_im,pg_el
pg3_1,1,32,0.0,pg_el,pg_im
pg3_1,1,37,2.5,pg_im,pg_el
pg3_1,2,20,0.5,pg_im,pg_el
pg3_1,3,34,2.0615528128088303,pg_im,pg_el
pg3_1,4,15,2.5,pg_im,pg_el
pg3_1,5,25,1.4142135623730951,pg_im,pg_el
pg3_1,6,20,3.5355339059327378,pg_im,pg_el
pg3_1,7,20,3.5,pg_im,pg_el
pg3_1,8,17,3.0413812651491097,pg_im,pg_el
pg3_1,9,36,0.0,pg_im,pg_el
pg3_10,3,17,1.118033988749895,pg_im,pg_el
pg3_10,4,17,1.118033988749895,pg_im,pg_el
pg3_10,5,14,0.0,pg_im,pg_el
pg3_10,6,56,0.0,pg_im,pg_el
pg3_10,7,18,1.8027756377319946,pg_im,pg_el
pg3_10,8,16,1.5,pg_im,pg_el
pg3_10,9,18,0.5,pg_im,pg_el
pg3_11,2,23,0.5,pg_im,pg_el
pg3_11,3,38,0.5,pg_im,pg_el
pg3_11,4,27,1.0,pg_im,pg_el
pg3_11,5,17,2.1213203435596424,pg_im,pg_el
pg3_11,6,20,4.031128874149275,pg_im,pg_el
pg3_11,7,18,0.0,pg_im,pg_el
pg3_11,8,11,0.0,pg_im,pg_el
pg3_11,9,21,2.5495097567963922,pg_im,pg_el
pg3_12,3,24,2.9154759474226504,pg_im,pg_el
pg3_12,4,18,1.118033988749895,pg_im,pg_el
pg3_12,5,31,2.1213203435596424,pg_im,pg_el
pg3_12,6,15,0.0,pg_im,pg_el
pg3_12,7,16,3.0413812651491097,pg_im,pg_el
pg3_12,8,15,1.118033988749895,pg_im,pg_el
pg3_12,9,22,0.0,pg_im,pg_el
pg3_2,0,31,0.0,pg_im,pg_el
pg3_2,1,83,0.0,pg_im,pg_el
pg3_2,2,61,0.5,pg_im,pg_el
pg3_2,3,30,0.0,pg_im,pg_el
pg3_2,3,31,0.0,pg_el,pg_im
pg3_2,3,33,1.118033988749895,pg_im,pg_el
pg3_2,4,17,1.4142135623730951,pg_im,pg_el
pg3_2,5,21,0.0,pg_im,pg_el
pg3_2,6,26,3.605551275463989,pg_im,pg_el
pg3_2,7,37,1.118033988749895,pg_im,pg_el
pg3_2,8,27,2.5,pg_im,pg_el
pg3_2,9,12,2.0615528128088303,pg_im,pg_el
pg3_3,2,33,0.5,pg_im,pg_el
pg3_3,3,21,0.5,pg_im,pg_el
pg3_3,5,64,0.0,pg_im,pg_el
pg3_3,6,37,0.5,pg_im,pg_el
pg3_4,0,20,2.0615528128088303,pg_im,pg_el
pg3_4,1,13,1.118033988749895,pg_im,pg_el
pg3_4,2,26,2.23606797749979,pg_im,pg_el
pg3_4,3,33,0.5,pg_im,pg_el
pg3_4,4,16,1.5811388300841898,pg_im,pg_el
pg3_4,5,24,1.5811388300841898,pg_im,pg_el
pg3_4,7,30,1.118033988749895,pg_im,pg_el
pg3_4,8,27,0.5,pg_im,pg_el
pg3_4,9,36,0.0,pg_im,pg_el
pg3_5,0,36,1.118033988749895,pg_im,pg_el
pg3_5,1,17,1.118033988749895,pg_im,pg_el
pg3_5,2,26,1.8027756377319946,pg_im,pg_el
pg3_5,3,18,2.692582403567252,pg_im,pg_el
pg3_5,4,32,0.0,pg_im,pg_el
pg3_5,5,30,2.0,pg_im,pg_el
pg3_5,6,31,0.0,pg_im,pg_el
pg3_5,7,12,0.0,pg_im,pg_el
pg3_5,8,16,2.8284271247461903,pg_im,pg_el
pg3_5,9,13,2.23606797749979,pg_im,pg_el
pg3_7,3,14,0.5,pg_im,pg_el
pg3_7,4,35,2.9154759474226504,pg_im,pg_el
pg3_7,5,28,1.118033988749895,pg_im,pg_el
pg3_7,6,8,0.5,pg_im,pg_el
pg3_7,7,17,0.0,pg_im,pg_el
pg3_7,7,23,0.0,pg_el,pg_im
pg3_7,7,24,1.5811388300841898,pg_im,pg_el
pg3_7,8,16,0.5,pg_im,pg_el
pg3_7,9,14,0.5,pg_im,pg_el
pg3_8,3,23,0.5,pg_im,pg_el
pg3_8,4,35,1.5,pg_im,pg_el
pg3_8,5,9,1.0,pg_im,pg_el
pg3_8,6,14,2.5,pg_im,pg_el
pg3_8,7,21,0.7071067811865476,pg_im,pg_el
pg3_8,8,12,1.4142135623730951,pg_im,pg_el
pg3_8,9,14,1.8027756377319946,pg_im,pg_el
pg3_9,2,44,0.0,pg_im,pg_el
pg3_9,2,45,0.0,pg_el,pg_im
pg3_9,2,46,0.0,pg_im,pg_el
pg3_9,3,18,1.0,pg_im,pg_el
pg3_9,4,10,1.0,pg_im,pg_el
pg3_9,5,30,0.0,pg_im,pg_el
pg3_9,6,17,2.5,pg_im,pg_el
pg3_9,7,29,1.0,pg_im,pg_el
pg3_9,8,25,3.5355339059327378,pg_im,pg_el
pg3_9,9,30,2.5,pg_im,pg_el
pg4_1,0,3,1.0,pg_im,pg_el
pg4_1,1,26,0.5,pg_im,pg_el
pg4_1,3,3,0.0,pg_im,pg_el
pg4_1,4,14,1.0,pg_im,pg_el
pg4_1,5,48,1.118033988749895,pg_im,pg_el
pg4_1,6,34,0.7071067811865476,pg_im,pg_el
pg4_1,6,35,0.0,pg_el,pg_im
pg4_1,6,36,0.7071067811865476,pg_im,pg_el
pg4_1,8,38,0.0,pg_im,pg_el
pg4_1,9,25,0.7071067811865476,pg_im,pg_el
pg4_10,0,33,1.0,pg_im,pg_el
pg4_10,1,37,0.5,pg_im,pg_el
pg4_10,1,38,1.118033988749895,pg_el,pg_im
pg4_10,1,40,1.0,pg_im,pg_el
pg4_10,2,50,0.5,pg_im,pg_el
pg4_10,3,25,0.0,pg_im,pg_el
pg4_10,3,26,0.0,pg_el,pg_im
pg4_10,3,28,1.8027756377319946,pg_im,pg_el
pg4_10,4,35,0.0,pg_im,pg_el
pg4_10,5,41,3.8078865529319543,pg_im,pg_el
pg4_10,6,32,1.8027756377319946,pg_im,pg_el
pg4_10,7,20,1.5811388300841898,pg_im,pg_el
pg4_10,8,31,3.3541019662496847,pg_im,pg_el
pg4_10,9,22,0.5,pg_im,pg_el
pg4_10,10,29,2.0615528128088303,pg_im,pg_el
pg4_11,0,29,2.5,pg_im,pg_el
pg4_11,1,45,0.0,pg_im,pg_el
pg4_11,2,82,0.5,pg_im,pg_el
pg4_11,3,26,1.4142135623730951,pg_im,pg_el
pg4_11,4,21,2.5495097567963922,pg_im,pg_el
pg4_11,5,13,0.0,pg_im,pg_el
pg4_11,5,14,0.0,pg_el,pg_im
pg4_11,5,15,0.0,pg_im,pg_el
pg4_11,6,31,2.1213203435596424,pg_im,pg_el
pg4_11,7,24,0.0,pg_im,pg_el
pg4_11,7,25,0.0,pg_el,pg_im
pg4_11,7,27,2.0,pg_im,pg_el
pg4_11,8,33,1.5811388300841898,pg_im,pg_el
pg4_11,9,28,0.0,pg_im,pg_el
pg4_12,0,66,0.5,pg_im,pg_el
pg4_12,1,69,0.0,pg_im,pg_el
pg4_12,3,43,0.0,pg_im,pg_el
pg4_12,4,45,0.5,pg_im,pg_el
pg4_12,5,28,2.8284271247461903,pg_im,pg_el
pg4_12,6,18,0.0,pg_im,pg_el
pg4_12,7,47,1.5811388300841898,pg_im,pg_el
pg4_12,8,21,0.7071067811865476,pg_im,pg_el
pg4_12,9,11,2.0615528128088303,pg_im,pg_el
pg4_12,9,12,1.4142135623730951,pg_el,pg_im
pg4_12,9,13,0.5,pg_im,pg_el
pg4_2,0,30,1.8027756377319946,pg_im,pg_el
pg4_2,3,23,0.0,pg_im,pg_el
pg4_2,4,15,0.0,pg_im,pg_el
pg4_2,5,24,0.7071067811865476,pg_im,pg_el
pg4_2,6,26,1.5811388300841898,pg_im,pg_el
pg4_2,7,24,0.7071067811865476,pg_im,pg_el
pg4_2,8,22,0.7071067811865476,pg_im,pg_el
pg4_2,9,23,1.5811388300841898,pg_im,pg_el
pg4_3,0,44,0.0,pg_im,pg_el
pg4_3,1,57,2.5,pg_im,pg_el
pg4_3,2,47,0.0,pg_im,pg_el
pg4_3,3,24,0.0,pg_im,pg_el
pg4_3,4,12,0.0,pg_im,pg_el
pg4_3,5,31,0.0,pg_im,pg_el
pg4_3,6,31,0.0,pg_im,pg_el
pg4_3,6,32,0.0,pg_el,pg_im
pg4_3,6,33,1.0,pg_im,pg_el
pg4_3,7,20,0.7071067811865476,pg_im,pg_el
pg4_3,8,16,1.0,pg_im,pg_el
pg4_3,9,27,0.5,pg_im,pg_el
pg4_4,0,49,1.8027756377319946,pg_im,pg_el
pg4_4,1,29,0.0,pg_im,pg_el
pg4_4,2,37,0.0,pg_im,pg_el
pg4_4,3,40,0.0,pg_im,pg_el
pg4_4,4,18,0.0,pg_im,pg_el
pg4_4,4,19,0.0,pg_el,pg_im
pg4_4,4,21,2.0615528128088303,pg_im,pg_el
pg4_4,5,20,1.0,pg_im,pg_el
pg4_4,6,18,2.1213203435596424,pg_im,pg_el
pg4_4,7,39,0.5,pg_im,pg_el
pg4_4,8,50,0.5,pg_im,pg_el
pg4_4,9,31,1.5811388300841898,pg_im,pg_el
pg4_5,0,89,0.0,pg_im,pg_el
pg4_5,1,14,0.0,pg_im,pg_el
pg4_5,2,29,3.640054944640259,pg_im,pg_el
pg4_5,3,39,1.8027756377319946,pg_im,pg_el
pg4_5,4,24,1.5,pg_im,pg_el
pg4_5,5,12,1.0,pg_im,pg_el
pg4_5,6,19,0.5,pg_im,pg_el
pg4_5,7,18,2.5,pg_im,pg_el
pg4_5,8,13,1.118033988749895,pg_im,pg_el
pg4_5,9,27,0.7071067811865476,pg_im,pg_el
pg4_6,1,43,0.0,pg_im,pg_el
pg4_6,2,24,1.5811388300841898,pg_im,pg_el
pg4_6,3,23,0.7071067811865476,pg_im,pg_el
pg4_6,4,22,1.0,pg_im,pg_el
pg4_6,5,27,1.8027756377319946,pg_im,pg_el
pg4_6,6,19,0.0,pg_im,pg_el
pg4_6,7,33,1.5,pg_im,pg_el
pg4_6,8,29,0.5,pg_im,pg_el
pg4_6,9,17,0.0,pg_im,pg_el
pg4_7,0,16,2.23606797749979,pg_im,pg_el
pg4_7,1,32,1.8027756377319946,pg_im,pg_el
pg4_7,2,66,0.0,pg_im,pg_el
pg4_7,6,30,1.118033988749895,pg_im,pg_el
pg4_7,7,42,1.118033988749895,pg_im,pg_el
pg4_7,8,35,1.118033988749895,pg_im,pg_el
pg4_7,9,23,0.5,pg_im,pg_el
pg4_8,1,46,1.4142135623730951,pg_im,pg_el
pg4_8,2,40,0.0,pg_im,pg_el
pg4_8,3,16,0.0,pg_im,pg_el
pg4_8,4,34,0.0,pg_im,pg_el
pg4_8,5,27,0.5,pg_im,pg_el
pg4_8,6,37,0.5,pg_im,pg_el
pg4_8,7,18,0.7071067811865476,pg_im,pg_el
pg4_8,8,17,2.0615528128088303,pg_im,pg_el
pg4_8,8,18,0.0,pg_el,pg_im
pg4_8,8,19,0.0,pg_im,pg_el
pg4_8,9,29,0.5,pg_im,pg_el
pg4_9,2,35,1.118033988749895,pg_im,pg_el
pg4_9,3,39,0.0,pg_im,pg_el
pg4_9,4,29,0.0,pg_im,pg_el
pg4_9,4,30,0.0,pg_el,pg_im
pg4_9,4,31,4.527692569068709,pg_im,pg_el
pg4_9,5,37,0.0,pg_im,pg_el
pg4_9,6,27,0.0,pg_im,pg_el
pg4_9,7,44,3.0413812651491097,pg_im,pg_el
pg4_9,8,37,0.0,pg_im,pg_el
pg4_9,9,29,1.5,pg_im,pg_el
pg5_1,1,20,0.0,pg_im,pg_el
pg5_1,2,37,0.0,pg_im,pg_el
pg5_1,3,45,0.0,pg_im,pg_el
pg5_1,4,31,2.23606797749979,pg_im,pg_el
pg5_1,5,26,1.5,pg_im,pg_el
pg5_1,6,38,0.5,pg_im,pg_el
pg5_1,7,16,1.8027756377319946,pg_im,pg_el
pg5_1,8,30,3.0,pg_im,pg_el
pg5_1,9,22,0.0,pg_im,pg_el
pg5_10,2,48,4.301162633521313,pg_im,pg_el
pg5_10,3,22,3.1622776601683795,pg_im,pg_el
pg5_10,4,30,1.5811388300841898,pg_im,pg_el
pg5_10,5,29,0.7071067811865476,pg_im,pg_el
pg5_10,6,31,2.0615528128088303,pg_im,pg_el
pg5_10,7,33,2.0615528128088303,pg_im,pg_el
pg5_10,8,24,2.23606797749979,pg_im,pg_el
pg5_10,9,40,2.0615528128088303,pg_im,pg_el
pg5_11,0,22,0.0,pg_im,pg_el
pg5_11,1,22,1.0,pg_im,pg_el
pg5_11,2,34,2.5495097567963922,pg_im,pg_el
pg5_11,3,36,3.0413812651491097,pg_im,pg_el
pg5_11,4,24,0.0,pg_im,pg_el
pg5_11,5,36,2.23606797749979,pg_im,pg_el
pg5_11,8,22,2.5,pg_im,pg_el
pg5_11,9,63,2.0,pg_im,pg_el
pg5_12,0,39,0.0,pg_im,pg_el
pg5_12,1,34,1.0,pg_im,pg_el
pg5_12,2,32,0.0,pg_im,pg_el
pg5_12,3,66,1.118033988749895,pg_im,pg_el
pg5_12,6,59,0.7071067811865476,pg_im,pg_el
pg5_12,7,53,0.0,pg_im,pg_el
pg5_12,8,49,1.4142135623730951,pg_im,pg_el
pg5_12,9,28,1.0,pg_im,pg_el
pg5_12,9,29,0.5,pg_el,pg_im
pg5_12,9,30,0.0,pg_im,pg_el
pg5_2,0,37,0.5,pg_im,pg_el
pg5_2,1,30,2.692582403567252,pg_im,pg_el
pg5_2,2,27,0.0,pg_im,pg_el
pg5_2,3,25,1.0,pg_im,pg_el
pg5_2,4,29,1.5811388300841898,pg_im,pg_el
pg5_2,5,17,3.0413812651491097,pg_im,pg_el
pg5_2,6,27,0.0,pg_im,pg_el
pg5_2,7,24,0.0,pg_im,pg_el
pg5_2,8,26,0.0,pg_im,pg_el
pg5_2,9,32,0.0,pg_im,pg_el
pg5_3,1,33,1.0,pg_im,pg_el
pg5_3,1,34,0.5,pg_el,pg_im
pg5_3,1,35,0.0,pg_im,pg_el
pg5_3,2,33,1.8027756377319946,pg_im,pg_el
pg5_3,3,31,1.5811388300841898,pg_im,pg_el
pg5_3,4,85,5.852349955359813,pg_im,pg_el
pg5_3,5,37,2.23606797749979,pg_im,pg_el
pg5_3,6,17,1.4142135623730951,pg_im,pg_el
pg5_3,7,46,1.0,pg_im,pg_el
pg5_3,8,25,2.692582403567252,pg_im,pg_el
pg5_3,9,26,0.0,pg_im,pg_el
pg5_5,0,78,0.0,pg_im,pg_el
pg5_5,1,24,1.118033988749895,pg_im,pg_el
pg5_5,2,28,0.5,pg_im,pg_el
pg5_5,3,39,1.8027756377319946,pg_im,pg_el
pg5_5,4,55,0.0,pg_im,pg_el
pg5_5,5,19,1.4142135623730951,pg_im,pg_el
pg5_5,6,36,4.123105625617661,pg_im,pg_el
pg5_5,7,22,1.5811388300841898,pg_im,pg_el
pg5_5,8,33,1.0,pg_im,pg_el
pg5_5,9,25,1.118033988749895,pg_im,pg_el
pg5_6,0,24,0.0,pg_im,pg_el
pg5_6,1,35,0.0,pg_im,pg_el
pg5_6,1,36,0.0,pg_el,pg_im
pg5_6,1,38,2.9154759474226504,pg_im,pg_el
pg5_6,3,27,3.5355339059327378,pg_im,pg_el
pg5_6,4,31,1.5811388300841898,pg_im,pg_el
pg5_6,5,32,0.0,pg_im,pg_el
pg5_6,6,29,0.0,pg_im,pg_el
pg5_6,6,30,0.0,pg_el,pg_im
pg5_6,6,31,1.5811388300841898,pg_im,pg_el
pg5_6,7,19,1.0,pg_im,pg_el
pg5_6,8,39,0.0,pg_im,pg_el
pg5_6,9,39,1.5,pg_im,pg_el
pg5_7,0,43,4.5,pg_im,pg_el
pg5_7,1,38,0.0,pg_im,pg_el
pg5_7,2,31,0.0,pg_im,pg_el
pg5_7,3,27,0.0,pg_im,pg_el
pg5_7,5,40,0.5,pg_im,pg_el
pg5_7,6,38,0.0,pg_im,pg_el
pg5_7,7,28,2.0615528128088303,pg_im,pg_el
pg5_7,8,29,0.0,pg_im,pg_el
pg5_7,9,41,1.0,pg_im,pg_el
pg5_8,0,56,0.0,pg_im,pg_el
pg5_8,1,19,1.0,pg_im,pg_el
pg5_8,2,28,0.7071067811865476,pg_im,pg_el
pg5_8,3,42,0.0,pg_im,pg_el
pg5_8,3,43,0.0,pg_el,pg_im
pg5_8,3,44,1.8027756377319946,pg_im,pg_el
pg5_8,4,26,0.0,pg_im,pg_el
pg5_8,5,63,0.7071067811865476,pg_im,pg_el
pg5_8,6,36,0.0,pg_im,pg_el
pg5_8,7,40,2.0615528128088303,pg_im,pg_el
pg5_8,8,29,0.0,pg_im,pg_el
pg5_8,8,30,0.0,pg_el,pg_im
pg5_8,8,31,0.5,pg_im,pg_el
pg5_8,9,22,2.0615528128088303,pg_im,pg_el
pg6_1,0,78,0.5,pg_im,pg_el
pg6_1,1,24,0.0,pg_im,pg_el
pg6_1,2,14,0.0,pg_im,pg_el
pg6_1,3,8,0.0,pg_im,pg_el
pg6_1,4,21,0.0,pg_im,pg_el
pg6_1,5,31,0.7071067811865476,pg_im,pg_el
pg6_1,6,22,1.118033988749895,pg_im,pg_el
pg6_1,7,20,1.118033988749895,pg_im,pg_el
pg6_1,8,20,0.0,pg_im,pg_el
pg6_1,9,18,1.5811388300841898,pg_im,pg_el
pg6_10,0,19,2.5495097567963922,pg_im,pg_el
pg6_10,1,26,2.5495097567963922,pg_im,pg_el
pg6_10,2,15,1.0,pg_im,pg_el
pg6_10,3,32,0.0,pg_im,pg_el
pg6_10,4,20,0.0,pg_im,pg_el
pg6_10,5,16,3.3541019662496847,pg_im,pg_el
pg6_10,6,24,0.0,pg_im,pg_el
pg6_10,7,36,0.5,pg_im,pg_el
pg6_10,8,24,1.118033988749895,pg_im,pg_el
pg6_10,9,28,0.0,pg_im,pg_el
pg6_11,0,28,1.118033988749895,pg_im,pg_el
pg6_11,1,61,0.0,pg_im,pg_el
pg6_11,2,25,1.4142135623730951,pg_im,pg_el
pg6_11,3,50,1.5811388300841898,pg_im,pg_el
pg6_11,4,53,1.5811388300841898,pg_im,pg_el
pg6_11,5,41,0.0,pg_im,pg_el
pg6_11,6,18,1.118033988749895,pg_im,pg_el
pg6_11,7,27,0.0,pg_im,pg_el
pg6_11,8,29,1.5,pg_im,pg_el
pg6_11,9,32,0.5,pg_im,pg_el
pg6_12,0,19,0.7071067811865476,pg_im,pg_el
pg6_12,1,22,3.1622776601683795,pg_im,pg_el
pg6_12,2,37,1.4142135623730951,pg_im,pg_el
pg6_12,3,16,2.0615528128088303,pg_im,pg_el
pg6_12,4,31,0.0,pg_im,pg_el
pg6_12,4,32,0.0,pg_el,pg_im
pg6_12,4,33,0.0,pg_im,pg_el
pg6_12,5,14,2.0615528128088303,pg_im,pg_el
pg6_12,7,20,2.5,pg_im,pg_el
pg6_12,7,21,1.5811388300841898,pg_el,pg_im
pg6_12,7,22,0.5,pg_im,pg_el
pg6_12,8,39,1.118033988749895,pg_im,pg_el
pg6_12,9,25,0.0,pg_im,pg_el
pg6_2,1,28,0.5,pg_im,pg_el
pg6_2,2,28,0.0,pg_im,pg_el
pg6_2,3,42,0.5,pg_im,pg_el
pg6_2,4,26,2.1213203435596424,pg_im,pg_el
pg6_2,5,21,1.8027756377319946,pg_im,pg_el
pg6_2,6,24,1.4142135623730951,pg_im,pg_el
pg6_2,7,19,0.0,pg_im,pg_el
pg6_2,8,35,0.0,pg_im,pg_el
pg6_2,9,26,0.0,pg_im,pg_el
pg6_3,2,40,0.0,pg_im,pg_el
pg6_3,3,25,2.0615528128088303,pg_im,pg_el
pg6_3,4,34,1.118033988749895,pg_im,pg_el
pg6_3,5,34,1.118033988749895,pg_im,pg_el
pg6_3,6,58,0.0,pg_im,pg_el
pg6_3,7,16,2.0615528128088303,pg_im,pg_el
pg6_3,8,20,0.5,pg_im,pg_el
pg6_3,9,31,0.0,pg_im,pg_el
pg6_4,1,42,0.0,pg_im,pg_el
pg6_4,2,13,2.23606797749979,pg_im,pg_el
pg6_4,3,39,0.5,pg_im,pg_el
pg6_4,4,25,1.5811388300841898,pg_im,pg_el
pg6_4,5,22,0.0,pg_im,pg_el
pg6_4,6,39,0.0,pg_im,pg_el
pg6_4,7,33,0.0,pg_im,pg_el
pg6_4,8,24,2.0615528128088303,pg_im,pg_el
pg6_4,9,25,0.5,pg_im,pg_el
pg6_5,2,22,2.0,pg_im,pg_el
pg6_5,3,22,2.0615528128088303,pg_im,pg_el
pg6_5,4,22,1.118033988749895,pg_im,pg_el
pg6_5,5,17,3.3541019662496847,pg_im,pg_el
pg6_5,6,27,0.0,pg_im,pg_el
pg6_5,7,29,1.8027756377319946,pg_im,pg_el
pg6_5,8,26,2.5,pg_im,pg_el
pg6_5,9,41,0.0,pg_im,pg_el
pg6_5,10,28,2.0615528128088303,pg_im,pg_el
pg6_6,1,11,0.0,pg_im,pg_el
pg6_6,2,11,0.0,pg_im,pg_el
pg6_6,3,23,0.0,pg_im,pg_el
pg6_6,4,22,1.5811388300841898,pg_im,pg_el
pg6_6,5,31,0.5,pg_im,pg_el
pg6_6,6,22,0.5,pg_im,pg_el
pg6_6,7,22,1.4142135623730951,pg_im,pg_el
pg6_6,8,15,1.118033988749895,pg_im,pg_el
pg6_6,9,8,0.5,pg_im,pg_el
pg6_7,1,64,0.0,pg_im,pg_el
pg6_7,2,12,0.0,pg_im,pg_el
pg6_7,3,14,0.5,pg_im,pg_el
pg6_7,4,18,1.5811388300841898,pg_im,pg_el
pg6_7,5,14,1.5811388300841898,pg_im,pg_el
pg6_7,6,14,0.0,pg_im,pg_el
pg6_7,7,20,0.0,pg_im,pg_el
pg6_7,8,28,0.0,pg_im,pg_el
pg6_7,9,18,2.1213203435596424,pg_im,pg_el
pg6_8,1,38,3.5,pg_im,pg_el
pg6_8,2,31,0.0,pg_im,pg_el
pg6_8,3,38,0.0,pg_im,pg_el
pg6_8,4,17,1.5,pg_im,pg_el
pg6_8,5,23,0.0,pg_im,pg_el
pg6_8,5,24,1.8027756377319946,pg_el,pg_im
pg6_8,5,25,0.0,pg_im,pg_el
pg6_8,6,32,2.0615528128088303,pg_im,pg_el
pg6_8,7,30,0.0,pg_im,pg_el
pg6_8,8,69,0.0,pg_im,pg_el
pg6_8,9,84,3.0413812651491097,pg_im,pg_el
pg6_9,0,27,0.0,pg_im,pg_el
pg6_9,1,24,1.118033988749895,pg_im,pg_el
pg6_9,2,25,0.0,pg_im,pg_el
pg6_9,3,24,0.0,pg_im,pg_el
pg6_9,4,25,0.0,pg_im,pg_el
pg6_9,4,26,0.5,pg_el,pg_im
pg6_9,4,27,0.0,pg_im,pg_el
pg6_9,5,27,0.0,pg_im,pg_el
pg6_9,6,28,0.7071067811865476,pg_im,pg_el
pg6_9,7,21,2.5495097567963922,pg_im,pg_el
pg6_9,8,39,1.118033988749895,pg_im,pg_el
pg6_9,9,31,1.4142135623730951,pg_im,pg_el
pg7_1,3,24,1.8027756377319946,pg_im,pg_el
pg7_1,4,32,0.0,pg_im,pg_el
pg7_1,5,30,0.0,pg_im,pg_el
pg7_1,6,19,0.0,pg_im,pg_el
pg7_1,7,28,0.5,pg_im,pg_el
pg7_1,8,31,0.0,pg_im,pg_el
pg7_1,9,21,0.7071067811865476,pg_im,pg_el
pg7_10,0,16,1.8027756377319946,pg_im,pg_el
pg7_10,1,23,0.7071067811865476,pg_im,pg_el
pg7_10,2,27,0.5,pg_im,pg_el
pg7_10,3,41,1.118033988749895,pg_im,pg_el
pg7_10,4,15,2.5495097567963922,pg_im,pg_el
pg7_10,5,54,0.0,pg_im,pg_el
pg7_10,8,19,1.5811388300841898,pg_im,pg_el
pg7_10,9,13,0.7071067811865476,pg_im,pg_el
pg7_11,0,46,0.0,pg_im,pg_el
pg7_11,1,18,1.8027756377319946,pg_im,pg_el
pg7_11,2,58,0.0,pg_im,pg_el
pg7_11,2,59,0.0,pg_el,pg_im
pg7_11,2,60,1.0,pg_im,pg_el
pg7_11,3,52,0.5,pg_im,pg_el
pg7_11,4,27,2.692582403567252,pg_im,pg_el
pg7_11,4,28,0.0,pg_el,pg_im
pg7_11,4,29,0.7071067811865476,pg_im,pg_el
pg7_11,5,16,0.7071067811865476,pg_im,pg_el
pg7_11,6,16,2.5,pg_im,pg_el
pg7_11,7,15,1.8027756377319946,pg_im,pg_el
pg7_11,8,19,1.4142135623730951,pg_im,pg_el
pg7_11,9,22,1.5811388300841898,pg_im,pg_el
pg7_12,0,31,2.692582403567252,pg_im,pg_el
pg7_12,3,51,0.0,pg_im,pg_el
pg7_12,4,42,2.1213203435596424,pg_im,pg_el
pg7_12,4,43,0.0,pg_el,pg_im
pg7_12,4,45,0.0,pg_im,pg_el
pg7_12,5,27,2.0615528128088303,pg_im,pg_el
pg7_12,6,20,1.118033988749895,pg_im,pg_el
pg7_12,7,27,0.0,pg_im,pg_el
pg7_12,8,24,0.0,pg_im,pg_el
pg7_12,9,50,0.5,pg_im,pg_el
pg7_2,0,44,1.8027756377319946,pg_im,pg_el
pg7_2,1,59,0.0,pg_im,pg_el
pg7_2,3,35,0.0,pg_im,pg_el
pg7_2,4,26,0.0,pg_im,pg_el
pg7_2,5,18,0.0,pg_im,pg_el
pg7_2,6,24,1.5,pg_im,pg_el
pg7_2,7,23,1.4142135623730951,pg_im,pg_el
pg7_2,8,21,0.7071067811865476,pg_im,pg_el
pg7_2,9,28,0.5,pg_im,pg_el
pg7_3,1,86,3.605551275463989,pg_im,pg_el
pg7_3,2,37,0.0,pg_im,pg_el
pg7_3,3,43,1.8027756377319946,pg_im,pg_el
pg7_3,4,35,1.5,pg_im,pg_el
pg7_3,5,21,0.0,pg_im,pg_el
pg7_3,6,30,2.5,pg_im,pg_el
pg7_3,7,32,0.5,pg_im,pg_el
pg7_3,8,31,1.118033988749895,pg_im,pg_el
pg7_3,9,22,0.0,pg_im,pg_el
pg7_4,0,18,0.0,pg_im,pg_el
pg7_4,1,66,0.0,pg_im,pg_el
pg7_4,2,15,1.8027756377319946,pg_im,pg_el
pg7_4,3,23,2.0615528128088303,pg_im,pg_el
pg7_4,4,37,0.0,pg_im,pg_el
pg7_4,5,14,1.8027756377319946,pg_im,pg_el
pg7_4,6,24,1.5811388300841898,pg_im,pg_el
pg7_4,7,29,4.123105625617661,pg_im,pg_el
pg7_4,8,35,3.0413812651491097,pg_im,pg_el
pg7_4,9,31,2.23606797749979,pg_im,pg_el
pg7_5,0,30,1.8027756377319946,pg_im,pg_el
pg7_5,1,74,0.0,pg_im,pg_el
pg7_5,2,54,0.5,pg_im,pg_el
pg7_5,3,18,0.0,pg_im,pg_el
pg7_5,4,40,1.118033988749895,pg_im,pg_el
pg7_5,5,35,1.0,pg_im,pg_el
pg7_5,6,19,1.8027756377319946,pg_im,pg_el
pg7_5,7,36,0.5,pg_im,pg_el
pg7_5,8,21,0.5,pg_im,pg_el
pg7_5,9,31,0.0,pg_im,pg_el
pg7_6,0,30,1.0,pg_im,pg_el
pg7_6,1,15,0.0,pg_im,pg_el
pg7_6,2,24,0.0,pg_im,pg_el
pg7_6,3,15,1.5811388300841898,pg_im,pg_el
pg7_6,4,13,1.118033988749895,pg_im,pg_el
pg7_6,5,35,0.0,pg_im,pg_el
pg7_6,6,34,0.0,pg_im,pg_el
pg7_6,7,27,0.5,pg_im,pg_el
pg7_6,8,16,0.0,pg_im,pg_el
pg7_6,9,13,0.0,pg_im,pg_el
pg7_7,3,22,1.5811388300841898,pg_im,pg_el
pg7_7,4,32,1.118033988749895,pg_im,pg_el
pg7_7,5,34,0.5,pg_im,pg_el
pg7_7,6,47,0.0,pg_im,pg_el
pg7_7,7,26,0.0,pg_im,pg_el
pg7_7,8,25,1.5,pg_im,pg_el
pg7_7,9,28,2.9154759474226504,pg_im,pg_el
pg7_8,0,31,1.8027756377319946,pg_im,pg_el
pg7_8,2,24,2.0,pg_im,pg_el
pg7_8,3,19,0.7071067811865476,pg_im,pg_el
pg7_8,4,14,1.118033988749895,pg_im,pg_el
pg7_8,5,25,3.2015621187164243,pg_im,pg_el
pg7_8,6,17,1.5811388300841898,pg_im,pg_el
pg7_8,7,27,2.5495097567963922,pg_im,pg_el
pg7_8,8,55,0.0,pg_im,pg_el
pg7_9,0,40,0.5,pg_im,pg_el
pg7_9,1,53,1.5811388300841898,pg_im,pg_el
pg7_9,2,23,1.5811388300841898,pg_im,pg_el
pg7_9,3,33,0.0,pg_im,pg_el
pg7_9,4,24,2.5495097567963922,pg_im,pg_el
pg7_9,5,33,1.118033988749895,pg_im,pg_el
pg7_9,6,33,0.7071067811865476,pg_im,pg_el
pg7_9,7,21,0.0,pg_im,pg_el
pg7_9,8,45,0.5,pg_im,pg_el
pg7_9,9,25,0.0,pg_im,pg_el
pg8_1,0,29,0.0,pg_im,pg_el
pg8_1,1,37,0.0,pg_im,pg_el
pg8_1,2,35,0.5,pg_im,pg_el
pg8_1,3,16,0.5,pg_im,pg_el
pg8_1,4,39,0.5,pg_im,pg_el
pg8_1,5,27,0.0,pg_im,pg_el
pg8_1,6,38,0.0,pg_im,pg_el
pg8_1,6,40,0.0,pg_el,pg_im
pg8_1,6,42,0.0,pg_im,pg_el
pg8_1,7,26,0.0,pg_im,pg_el
pg8_1,8,19,0.0,pg_im,pg_el
pg8_1,9,36,0.7071067811865476,pg_im,pg_el
pg8_1,10,27,0.0,pg_im,pg_el
pg8_1,11,4,0.0,pg_im,pg_el
pg8_1,11,8,0.0,pg_el,pg_im
pg8_1,11,12,0.0,pg_im,pg_el
