group,frame,object_count,mean_identity_distance,median_identity_distance,max_identity_distance,mean_nearest_distance,median_nearest_distance,max_nearest_distance,identity_is_nearest_count,identity_is_nearest_fraction
pg1_8,3,10,194.0027891142897,208.37267983319003,310.3550386251204,0.2825140769936442,0.0,1.118033988749895,0,0.0
pg1_8,4,10,208.4953134679828,216.31456882858743,256.9985408518889,1.022446323827975,0.25,7.810249675906654,0,0.0
pg1_8,5,10,197.266767802247,195.39947021760966,327.82960513047016,0.29142135623730947,0.25,0.7071067811865476,0,0.0
pg1_8,7,10,179.33846168667074,176.92211063607533,294.96652352428066,0.07071067811865475,0.0,0.7071067811865476,0,0.0
pg1_8,9,10,203.63829169760191,200.7734146990636,354.8309456628607,0.1,0.0,0.5,0,0.0
pg1_8,16,10,203.23852795813033,183.2483401539036,365.53317222927933,0.05,0.0,0.5,0,0.0
pg1_8,11,10,194.51856641893735,183.1067086656602,354.8309456628607,0.05,0.0,0.5,0,0.0
pg1_8,10,10,175.70126303960956,130.22555992666977,354.8309456628607,0.05,0.0,0.5,0,0.0
pg1_8,17,10,188.44921976268552,169.28063495914853,294.96652352428066,0.15811388300841897,0.0,1.5811388300841898,0,0.0
pg1_8,22,10,209.886416473701,193.99350035419684,366.5276251525934,0.0,0.0,0.0,0,0.0
pg1_8,19,10,188.22783152597793,190.65121355012764,310.74949718382493,0.12071067811865474,0.0,0.7071067811865476,0,0.0
pg1_8,29,10,203.47425664309395,199.38438529586892,366.5276251525934,0.1,0.0,1.0,0,0.0
pg1_8,26,10,208.870124039434,216.67689054921684,327.15630820756,0.12071067811865474,0.0,0.7071067811865476,0,0.0
pg1_8,18,10,189.75078302355044,147.6443653551919,366.9727510320078,0.0,0.0,0.0,0,0.0
pg1_8,35,10,176.82062641888564,167.01410853198922,354.9788726107513,0.1,0.0,0.5,0,0.0
pg1_8,34,10,200.25504558157473,173.71176481104044,307.02809317715537,0.1,0.0,0.5,0,0.0
pg1_8,45,10,184.2829175177226,164.9133024808171,360.01111093964863,0.3383914467816184,0.0,1.8027756377319946,0,0.0
pg1_8,54,10,182.6212481198782,159.61503633336326,326.95718374123544,0.358113883008419,0.0,1.5811388300841898,0,0.0
pg1_8,51,10,188.66950710637147,158.85467586372891,352.7187264662879,0.5389979937555021,0.0,2.1213203435596424,0,0.0
pg1_8,58,10,220.8263511188593,228.62021715549758,326.7265676372217,0.3268659593995378,0.0,2.0615528128088303,0,0.0
pg1_8,60,10,161.09220668440875,153.45895546619175,354.36210293991655,0.39431747586863375,0.0,2.23606797749979,0,0.0
pg1_8,65,10,165.02354482460905,118.83556338552779,355.68314551015766,0.43866935827452724,0.0,2.0615528128088303,0,0.0
pg1_8,56,10,211.73947782367463,227.907795665584,326.95718374123544,0.2943174758686337,0.0,2.23606797749979,0,0.0
pg1_8,49,10,197.03652232691343,221.55760621758566,267.87403756243344,0.5239354332309538,0.5,1.4142135623730951,0,0.0
pg1_8,38,10,205.54300628941382,215.74529584787706,274.93453766305896,0.05,0.0,0.5,0,0.0
pg1_8,47,10,184.05412684155743,166.24289998113568,327.1704448754502,0.608113883008419,0.5,2.0,0,0.0
pg1_8,39,10,171.17541600167286,145.8306741433655,293.23795797952215,0.12071067811865474,0.0,0.7071067811865476,0,0.0
pg1_8,40,10,175.00682032159511,143.70736942439788,326.94074386653006,0.22071067811865475,0.0,0.7071067811865476,0,0.0
pg1_8,36,10,204.63337184797678,194.08476765384495,327.15630820756,0.15,0.0,0.5,0,0.0
pg1_8,76,10,147.05337218196397,115.85946056681291,300.5698754033744,0.6972894052485528,0.0,3.1622776601683795,0,0.0
pg1_8,81,10,175.65937888686997,163.2807695779256,253.9488137400921,0.5224829954690242,0.0,2.692582403567252,0,0.0
pg1_8,72,10,177.51260210227866,157.02156418337518,290.5477585527033,0.5953057177604879,0.0,2.23606797749979,0,0.0
pg1_9,2,10,171.26168003088492,168.59959829212443,244.76110802167898,1.5748488046335658,1.1035533905932737,5.0,0,0.0
pg1_9,6,10,168.43945311617816,147.7771322521868,278.4353605417243,0.15,0.0,0.5,0,0.0
pg1_9,8,10,184.61712151463854,193.6918881251923,243.98821692860497,0.05,0.0,0.5,0,0.0
pg1_9,16,10,211.02851819222286,204.02518732469852,320.5471884138122,0.0,0.0,0.0,0,0.0
pg1_9,14,10,220.38485882086417,229.0755268715494,350.60305189772663,0.15,0.0,1.0,0,0.0
pg1_8,96,10,181.2173330295197,171.5592484959435,267.29431344493656,0.9698235514641489,0.0,5.656854249492381,0,0.0
pg1_8,97,10,161.60616138458263,154.2293841175951,303.40237309553135,0.6692582403567252,0.0,2.692582403567252,0,0.0
pg1_8,93,10,182.88041938312364,183.3261885619911,308.7430161153447,0.4192582403567252,0.0,2.692582403567252,0,0.0
pg1_9,26,10,178.59009946923646,155.80746116432263,308.6486675817668,0.1,0.0,0.5,0,0.0
pg1_9,27,10,173.41890744874232,150.10709280981644,385.852951265116,0.15,0.0,0.5,0,0.0
pg1_9,19,10,187.44044346819575,188.05661482773786,350.31307426357927,0.07071067811865475,0.0,0.7071067811865476,0,0.0
pg1_9,32,10,180.312723341697,176.8219443394965,351.18442448377465,0.25,0.0,1.0,0,0.0
pg1_9,18,10,173.74833519937323,152.42320170531218,386.0945480060551,0.258113883008419,0.0,1.5811388300841898,0,0.0
pg1_9,13,10,185.9047648819533,170.92399382622807,308.66567674427296,0.2,0.0,1.0,0,0.0
pg1_9,11,10,214.99039562521017,204.14745331704395,386.51778743028115,0.05,0.0,0.5,0,0.0
pg1_9,10,10,184.71388239947177,159.11349093709015,386.73020311322983,0.2,0.0,0.5,0,0.0
pg1_8,83,10,202.8751779097691,193.4540673322766,354.4643846707311,0.4192582403567252,0.0,2.692582403567252,0,0.0
pg1_8,84,10,177.38782429310427,168.22645271755337,326.26714514336254,0.49352407963338746,0.0,2.23606797749979,0,0.0
pg1_8,88,10,183.60766424146158,160.34940358803044,303.9230988260024,0.5748682575630477,0.0,2.5495097567963922,0,0.0
pg1_8,79,10,145.56189725864542,126.54431875764817,223.20002240143256,0.5059392175714934,0.0,2.5495097567963922,0,0.0
pg1_8,74,10,200.3778538659128,192.59929014894948,355.3621392326425,0.5724829954690243,0.0,2.692582403567252,0,0.0
pg1_9,79,10,213.95273186658068,237.2017784668298,336.71241438355077,1.1657951400805202,1.266123775561495,2.23606797749979,0,0.0
pg1_9,77,10,154.283913256753,152.739375925663,300.26987860922713,1.2073039622920851,1.266123775561495,2.23606797749979,0,0.0
pg1_9,74,10,200.81962813874776,186.6632296475556,367.2005582784427,0.9370557094787723,0.8535533905932737,2.8284271247461903,0,0.0
pg1_9,57,10,186.30380944323443,194.76823370852594,328.8453283840292,0.692080962648189,0.25,2.5,0,0.0
pg1_9,58,10,199.43139769132435,184.0049072940874,375.5292931317076,0.6009882418918543,0.5,1.8027756377319946,0,0.0
pg1_9,60,10,169.1500545181064,153.88292466295894,295.93284711231365,0.4788245611270738,0.25,1.5811388300841898,0,0.0
pg1_9,47,10,218.89335977071704,238.43293559004374,384.591341556203,0.37071067811865477,0.5,1.0,0,0.0
pg1_9,42,10,170.63809995954347,128.1356394607734,384.7076812334269,0.6730265607889769,0.25,3.905124837953327,0,0.0
pg1_9,44,10,204.74231587066257,185.40959941976246,322.5468958151667,0.35,0.0,1.5,0,0.0
pg1_9,35,10,182.5853839956369,194.57223034878464,265.0080187466032,0.15,0.0,1.0,0,0.0
pg1_9,34,10,183.97103905250736,196.72858889396954,277.7035289656939,0.1,0.0,0.5,0,0.0
pg1_9,69,10,192.8442129614665,157.50912293656086,308.2162390270831,0.8404918347287665,0.7071067811865476,2.1213203435596424,0,0.0
pg1_9,68,10,167.28183202259135,155.96426666049047,337.4203609742601,0.8867270739977975,0.7071067811865476,2.23606797749979,0,0.0
pg1_9,72,10,155.17743908447045,153.75299152698747,289.84176717650615,1.1495187147646413,0.7071067811865476,3.3541019662496847,0,0.0
pg1_9,70,10,183.70688147696234,171.38337993878832,309.78218154051405,1.069657252446672,1.25,1.8027756377319946,0,0.0
pg1_9,73,10,183.5348010714662,144.26615189195724,374.66384933697566,1.8202270574343657,0.8535533905932737,9.192388155425117,0,0.0
pg1_9,85,10,201.55471861476298,216.99261822017175,333.4205302617102,1.370025226449957,1.266123775561495,3.3541019662496847,0,0.0
pg1_9,84,10,213.27093739038168,231.98197364349963,371.1256525760514,1.3770240630699562,1.4142135623730951,3.5355339059327378,0,0.0
pg1_9,83,10,214.53996374151907,212.21377370685963,371.6517186829626,1.3051919181192766,1.4571067811865475,2.692582403567252,0,0.0
pg1_9,80,10,204.072416994797,196.64566998635115,335.95907488859416,1.248635613036654,1.118033988749895,3.2015621187164243,0,0.0
pg1_9,78,10,177.18710393053928,169.54620675525098,255.64086136609694,1.0689883252590617,0.9125703849682212,2.692582403567252,0,0.0
pg1_9,96,10,189.3338053375365,167.9407383853202,322.31118503706944,1.3360943228047666,1.290569415042095,3.0,0,0.0
pg1_9,97,10,184.9057441000743,180.28384781681473,358.380035716277,1.3042129970041534,1.266123775561495,3.0,0,0.0
pg1_9,88,10,190.2171281469694,193.01400641054025,319.8863079283013,1.2045340811657168,1.118033988749895,2.9154759474226504,0,0.0
pg1_9,9,10,162.39216122919356,171.09302462911955,245.48930730278255,0.1,0.0,0.5,1,0.1
pg1_8,90,10,157.38789926004557,105.47787788808326,307.45772067066395,0.5810616392317147,0.0,2.692582403567252,1,0.1
pg1_8,94,10,159.6584980691209,149.28248514958122,308.8952087682812,0.4167543745546287,0.0,2.5495097567963922,1,0.1
pg1_9,33,10,174.8135664464507,179.88477575104346,350.89350236218394,0.05,0.0,0.5,1,0.1
pg1_9,21,10,170.55414490681753,184.01758804961298,245.12496812850378,0.15,0.0,1.0,1,0.1
pg1_8,70,10,180.09496349573703,162.5167826086032,304.3098749630054,0.3975766375181925,0.0,2.0615528128088303,1,0.1
pg1_8,69,10,131.0239428713315,130.8683242351326,226.07189122046995,0.542080962648189,0.5,1.8027756377319946,1,0.1
pg1_8,75,10,189.5736844656673,196.24556216423673,312.52679885091453,0.7156305722736739,0.0,2.692582403567252,1,0.1
pg1_8,25,10,182.04887745174474,183.1979684738662,327.15630820756,0.0,0.0,0.0,1,0.1
pg1_8,21,10,156.03825227866926,109.91132789662765,366.5276251525934,0.0,0.0,0.0,1,0.1
pg1_8,20,10,167.15941341765995,160.39597905103966,354.8309456628607,0.0,0.0,0.0,1,0.1
pg1_8,92,10,157.47926435788185,162.66613732690584,256.09080420819487,0.47683155286227796,0.0,2.23606797749979,1,0.1
pg1_8,91,10,163.23712778309852,167.96254079220876,276.12723516524045,0.4667543745546287,0.0,2.5495097567963922,1,0.1
pg1_8,95,10,175.58496195100057,178.12736813273978,291.3211286535874,0.592080962648189,0.0,2.5,1,0.1
pg1_8,71,10,140.2531886483037,139.27707459751494,304.3098749630054,0.5838309543664733,0.25,1.8027756377319946,1,0.1
pg1_8,80,10,172.1571912865303,189.57622394155538,248.68152323805643,0.5943174758686338,0.0,2.5,1,0.1
pg1_8,66,10,165.7578896327536,166.05807994570552,252.50445540623636,0.447213595499958,0.0,2.23606797749979,1,0.1
pg1_8,68,10,199.331932486699,220.73222604619548,326.49655434629017,0.4354101966249685,0.0,2.23606797749979,1,0.1
pg1_8,67,10,186.902951164546,184.61913288886387,326.3299710415824,0.37169892001050897,0.0,1.8027756377319946,1,0.1
pg1_9,37,10,166.64886089930076,163.61484127610217,277.7035289656939,0.12071067811865474,0.0,0.7071067811865476,1,0.1
pg1_9,36,10,166.4730186143931,141.4607428715576,300.4205385788395,0.1,0.0,0.5,1,0.1
pg1_9,39,10,161.5160369980905,167.1274851153584,245.48930730278255,0.547213595499958,0.0,4.47213595499958,1,0.1
pg1_9,50,10,164.6472714746445,179.80134573121052,270.6704638485699,0.35,0.25,1.0,1,0.1
pg1_9,61,10,169.51795653498078,157.51729888386316,375.3245262436229,0.6591021249002733,0.6035533905932737,1.8027756377319946,1,0.1
pg1_9,45,10,163.86743283448618,159.00108791703244,279.0524144314111,0.9207106781186548,0.5,4.5,1,0.1
pg1_9,46,10,146.46249095236675,141.160857109044,248.29518722681678,0.1,0.0,0.5,1,0.1
pg1_9,48,10,189.83229042953275,188.14039581308458,384.38294707231745,0.3,0.25,1.0,1,0.1
pg1_8,82,10,196.98267677005973,218.81972254894228,326.26714514336254,0.5915654779058516,0.0,2.23606797749979,1,0.1
pg1_8,85,10,145.0546474615662,125.16588992213494,252.67073435599937,0.4854101966249685,0.25,2.23606797749979,1,0.1
pg1_9,24,10,152.16730227692452,156.6389639253416,245.48930730278255,0.07071067811865475,0.0,0.7071067811865476,1,0.1
pg1_9,20,10,189.66034102521792,196.4167167436094,350.31307426357927,0.35,0.0,2.0,1,0.1
pg1_8,50,10,147.76454925210697,129.37468081524673,295.39507443422275,0.3621320343559643,0.0,1.4142135623730951,1,0.1
pg1_8,55,10,186.32940550053792,187.18458901454932,345.44174617437307,0.3679586801558725,0.0,2.0615528128088303,1,0.1
pg1_8,41,10,177.22196418485848,188.19001780827256,305.1597942062486,0.05,0.0,0.5,1,0.1
pg1_8,61,10,147.29216983034584,153.4672564995289,248.649351497244,0.3975766375181925,0.0,2.0615528128088303,1,0.1
pg1_8,37,10,170.67127531106627,149.49811648902678,354.9788726107513,0.25,0.0,1.0,1,0.1
pg1_8,14,10,161.39697202434988,154.76322376616017,309.18158095203535,0.0,0.0,0.0,1,0.1
pg1_8,12,10,196.10427617210058,170.24247413615674,327.15630820756,0.0,0.0,0.0,1,0.1
pg1_8,15,10,169.1774207061361,165.09903307960153,327.15630820756,0.0,0.0,0.0,1,0.1
pg1_8,6,10,202.82072858047468,209.6222438169055,365.53317222927933,0.2,0.0,1.0,1,0.1
pg1_8,28,10,181.8385470229343,169.48824644251312,355.3990714675546,0.16180339887498948,0.0,1.118033988749895,1,0.1
pg1_8,33,10,172.25509768083606,198.45531014238986,262.2675160975907,0.1,0.0,0.5,1,0.1
pg1_8,27,10,141.72872387937585,138.85879825163408,241.72556753475624,0.2509882418918542,0.0,1.8027756377319946,1,0.1
pg1_8,63,10,161.09023041928376,164.32704531520096,333.4823833428087,0.526831552862278,0.0,2.23606797749979,1,0.1
pg1_8,62,10,151.25564460868748,151.12802763171098,274.23530042647684,0.3443174758686337,0.0,2.23606797749979,1,0.1
pg1_8,57,10,161.31846120684787,154.62497228068426,354.2799034661718,0.43866935827452724,0.0,2.0615528128088303,1,0.1
pg1_8,46,10,174.0675892678042,164.9133024808171,327.1704448754502,0.5955594827522204,0.0,3.0413812651491097,1,0.1
pg1_8,43,10,168.46675643205887,144.04687546554632,327.1704448754502,0.2,0.0,0.5,1,0.1
pg1_8,31,10,186.06750821291962,175.72340443113632,365.53317222927933,0.1,0.0,0.5,1,0.1
pg1_8,2,10,177.31349395448086,167.45385257173444,353.7686390849251,1.1373866804086767,0.9125703849682212,3.605551275463989,1,0.1
pg1_8,8,10,155.0529957301075,163.04675331485913,241.72556753475624,0.30322475511229896,0.0,1.118033988749895,1,0.1
pg1_9,90,10,152.9249616262743,159.50055801530698,270.033794181395,1.3837934188628853,1.8027756377319946,2.5495097567963922,1,0.1
pg1_9,81,10,174.47622980587423,189.27020371737007,261.6725052427175,1.0399518291100966,1.0590169943749475,2.23606797749979,1,0.1
pg1_9,75,10,158.7919485624902,146.70679281883784,297.9484015731583,0.8781484302351069,0.7071067811865476,2.1213203435596424,1,0.1
pg1_9,71,10,185.38109320107245,189.08706990669984,340.3560635569756,0.9163450313601175,0.7071067811865476,2.1213203435596424,1,0.1
pg1_9,66,10,143.99724530973856,144.41234236193077,272.47018185482244,0.679812803018928,0.5,1.8027756377319946,1,0.1
pg1_9,67,10,177.600340432123,185.11572372324412,374.5110145242727,0.8148920287139918,0.7071067811865476,2.1213203435596424,1,0.1
pg1_9,87,10,133.83885893557814,146.5544636625366,216.27991122617004,1.5746395915284928,0.9125703849682212,7.3824115301167,1,0.1
pg1_9,86,10,187.65163888839373,176.60825766077863,335.1048343429262,1.122348639653047,0.7071067811865476,2.9154759474226504,1,0.1
pg1_9,93,10,148.65156401303702,172.1949557438282,275.5358415887124,1.3773894405371203,1.6919572339080922,3.0,1,0.1
pg1_9,52,10,168.05286472458872,189.92717342505108,249.3275957450358,0.6723585264213885,0.25,1.8027756377319946,1,0.1
pg1_9,59,10,185.2219627894612,219.94671672915223,323.0468232315557,0.5524313588770526,0.5,1.5811388300841898,1,0.1
pg1_9,56,10,160.33726089814513,158.47579448843095,278.5107717845039,0.8524313588770527,1.0,2.0,1,0.1
pg1_9,65,10,141.904430443178,110.11963349665211,322.0314425642316,0.9670046377709971,0.7071067811865476,2.23606797749979,1,0.1
pg1_9,64,10,141.21231218238051,147.53045202730775,297.9572116932228,1.0597518456502253,1.0590169943749475,2.23606797749979,1,0.1
pg1_9,63,10,175.3736660530153,195.69724115180492,273.4236639356586,0.8015117230294371,0.7071067811865476,1.8027756377319946,1,0.1
pg1_9,62,10,147.17250631742743,140.98065520873183,249.67278586181556,0.48172068075839797,0.0,1.5811388300841898,1,0.1
pg1_8,87,10,158.4049506556245,170.73130931368792,306.47716064985985,0.6090169943749475,0.0,2.23606797749979,2,0.2
pg1_8,86,10,134.72044260472148,133.56845413318246,354.55218233709974,0.565154392492244,0.0,2.9154759474226504,2,0.2
pg1_8,73,10,184.76057472623387,212.57852083162118,307.19903971204076,0.40388436152317847,0.0,1.8027756377319946,2,0.2
pg1_8,77,10,171.48912300070862,165.16204164395643,314.3918733046387,0.7335087491092575,0.0,2.5495097567963922,2,0.2
pg1_8,13,10,161.9177303623756,196.07036067050174,259.8966140602836,0.05,0.0,0.5,2,0.2
pg1_8,32,10,148.06505265479618,159.71842674465398,327.15630820756,0.27071067811865474,0.0,1.0,2,0.2
pg1_8,23,10,172.81423796073472,169.3919252988278,366.5276251525934,0.0,0.0,0.0,2,0.2
pg1_8,24,10,158.16071863169145,155.74101739632425,354.8309456628607,0.05,0.0,0.5,2,0.2
pg1_8,64,10,110.10585973897716,103.88005249446054,220.82402496105354,0.40098824189185417,0.0,1.8027756377319946,2,0.2
pg1_8,59,10,132.68339984603,100.59007359211026,295.54779647292247,0.32882456112707376,0.0,1.5811388300841898,2,0.2
pg1_8,42,10,137.21990195021672,127.31569716442122,327.1704448754502,0.05,0.0,0.5,2,0.2
pg1_8,44,10,151.2083345562519,159.89058759038946,361.4505498681666,0.22882456112707375,0.0,1.5811388300841898,2,0.2
pg1_8,52,10,165.70234772393715,182.12463396311517,294.02891014320346,0.29142135623730947,0.0,1.4142135623730951,2,0.2
pg1_9,15,10,128.0139686442818,118.71212313572855,265.96475330389177,0.0,0.0,0.0,2,0.2
pg1_9,25,10,189.32297868128703,192.70832882882877,385.852951265116,0.05,0.0,0.5,2,0.2
pg1_9,29,10,176.00447856490933,162.05920704336893,350.31307426357927,0.2,0.0,0.5,2,0.2
pg1_9,40,10,153.62590853581975,188.6714926832069,308.4870337631713,0.3118033988749895,0.25,1.118033988749895,2,0.2
pg1_9,95,10,140.93323660442846,183.78758428224307,256.85501747094605,1.6734777956815488,0.9125703849682212,6.800735254367722,2,0.2
pg1_9,54,10,131.95869605486953,116.7892130038839,378.4246952829585,0.7749236751228079,0.75,1.8027756377319946,2,0.2
pg1_9,53,10,146.52390783902138,126.31058980079264,381.07118757523506,0.7711834352681716,0.75,2.0615528128088303,2,0.2
pg1_9,43,10,140.87181288930643,138.23208832720485,308.322071866417,0.38251407699364426,0.25,1.118033988749895,2,0.2
pg1_9,41,10,145.83110546057685,173.401338351167,245.48930730278255,0.4443174758686338,0.25,1.118033988749895,2,0.2
pg1_9,49,10,174.92607908249494,177.36734199376488,322.5468958151667,0.353224755112299,0.25,1.118033988749895,2,0.2
pg1_9,51,10,158.89036709639595,149.65752481825817,322.5468958151667,0.7740616717359093,0.5,2.9154759474226504,2,0.2
pg1_9,94,10,161.72750754442222,183.05766603251152,311.4161203277698,1.1049395191454026,0.9125703849682212,3.0413812651491097,2,0.2
pg1_9,91,10,154.50869164900547,155.09105810609287,319.86325203123914,1.2507852425245605,1.4976761962286425,3.0413812651491097,2,0.2
pg1_9,17,10,174.85447704947367,183.00466954075907,350.60305189772663,0.4118033988749895,0.25,1.5,2,0.2
pg1_9,4,10,120.03624353077421,95.04451189140929,386.73020311322983,0.22071067811865475,0.0,0.7071067811865476,2,0.2
pg1_9,30,10,158.5139387486287,179.18682006504048,319.5316885693812,0.35615528128088303,0.0,2.0615528128088303,2,0.2
pg1_9,7,10,162.62789854088882,153.42146199179433,320.0660088169314,0.2,0.0,1.0,2,0.2
pg1_9,5,10,143.99489297313585,136.97079980784227,308.96035344360934,0.05,0.0,0.5,2,0.2
pg1_9,22,10,130.76720094532988,136.4174394252589,265.15844319953305,0.0,0.0,0.0,2,0.2
pg1_9,92,10,135.3535953325161,156.38546444719736,311.96353953627334,1.2396576001663815,1.266123775561495,2.5,2,0.2
pg1_9,82,10,119.92126902756442,143.56921871942814,182.66499390961587,1.3090053370418726,1.266123775561495,2.9154759474226504,2,0.2
pg1_8,78,10,157.45245581580812,125.5568069220032,355.4490118146343,0.7273721233651441,0.0,3.0,3,0.3
pg1_8,53,10,115.13778000808705,136.80074263759076,249.08683224931823,0.3914213562373095,0.0,2.0,3,0.3
pg1_9,3,10,103.55784972848619,95.3963106401207,308.16594555531276,0.17071067811865476,0.0,0.7071067811865476,3,0.3
pg1_8,89,10,146.5710802532792,164.21556626365484,309.5339238274215,0.6357388321059432,0.0,2.23606797749979,3,0.3
pg1_9,23,10,150.37378217673003,156.6389639253416,321.03154050653654,0.0,0.0,0.0,3,0.3
pg1_9,12,10,109.87113077359052,105.15612114464648,208.84503824606415,0.25,0.0,2.5,3,0.3
pg1_9,55,10,148.280901540773,107.82293405178461,378.4246952829585,0.6327089226502521,0.3535533905932738,1.8027756377319946,3,0.3
pg1_9,38,10,97.14243759421818,89.63573053985068,348.6850297904973,0.15,0.0,0.5,3,0.3
pg1_9,89,10,114.55766570386086,118.67448019599601,275.46914527765176,1.3999752166201465,1.0606601717798214,4.6097722286464435,3,0.3
pg1_9,31,10,105.51539048173922,100.32926753169619,237.95903008711394,0.1,0.0,0.5,3,0.3
pg1_8,48,10,168.34742852999346,188.5281258840598,356.03370626950476,0.44953523924572847,0.25,1.5811388300841898,4,0.4
pg1_9,28,10,78.7646376764061,79.45221840712448,238.66294224282078,0.07071067811865475,0.0,0.7071067811865476,4,0.4
pg1_8,30,10,44.780644579056826,0.0,223.40322289528413,0.1,0.0,0.5,8,0.8
pg1_9,76,10,17.793934511898094,1.0606601717798214,85.59351610957457,0.8935223090686536,0.7071067811865476,2.692582403567252,8,0.8
pg2_7,80,10,23.58534512233914,1.3090169943749475,113.81783691495811,1.2543392355091088,1.0590169943749475,3.0,8,0.8
