group,object_index,frame_count,mean_step_distance,median_step_distance,max_step_distance,p95_step_distance,large_jump_count,very_large_jump_count
pg1_1,0,97,1.2173229104909522,0.7071067811865476,3.5355339059327378,3.2102337366887057,0,0
pg1_1,1,97,0.12089115911941656,0.0,3.605551275463989,0.625,0,0
pg1_1,2,97,0.07112944921610614,0.0,2.8284271247461903,0.5,0,0
pg1_1,3,97,0.04856539229342063,0.0,3.1622776601683795,0.0,0,0
pg1_1,4,97,0.02904422511740351,0.0,1.5811388300841898,0.0,0,0
pg1_1,5,97,0.04382402897069321,0.0,1.5,0.5,0,0
pg1_1,6,97,0.046283070402982684,0.0,2.23606797749979,0.125,0,0
pg1_1,7,97,0.10407425764015565,0.0,4.242640687119285,0.5,0,0
pg1_1,8,97,0.1875985563895859,0.0,4.6097722286464435,0.5,0,0
pg1_1,9,97,0.9828939695804128,1.0,4.242640687119285,2.7483057895311016,0,0
pg1_10,0,97,0.12169659537883826,0.0,2.1213203435596424,0.5,0,0
pg1_10,1,97,0.015625,0.0,0.5,0.0,0,0
pg1_10,2,97,0.07232473706964936,0.0,2.23606797749979,0.5,0,0
pg1_10,3,97,0.609044876483964,0.5,3.1622776601683795,2.23606797749979,0,0
pg1_10,4,97,0.9256328316522625,0.8535533905932737,2.692582403567252,2.23606797749979,0,0
pg1_10,5,97,0.49389773771536477,0.25,1.8027756377319946,1.5202847075210475,0,0
pg1_10,6,97,1.0495111792467835,0.5,11.672617529928752,4.335924546761251,1,0
pg1_10,7,97,0.028199028970693204,0.0,1.0,0.0,0,0
pg1_10,8,97,1.4471862609157222,1.4142135623730951,5.830951894845301,3.1622776601683795,0,0
pg1_10,9,97,0.7046255354505861,0.25,2.23606797749979,2.0615528128088303,0,0
pg1_11,0,97,0.015625,0.0,1.5,0.0,0,0
pg1_11,1,97,0.19371606930592677,0.0,1.118033988749895,0.7071067811865476,0,0
pg1_11,2,97,0.08600642227065562,0.0,2.5495097567963922,0.5,0,0
pg1_11,3,97,0.2859462981210276,0.0,2.23606797749979,1.0295084971874737,0,0
pg1_11,4,97,0.4076826533871545,0.0,3.605551275463989,1.118033988749895,0,0
pg1_11,5,97,0.31805036203079273,0.0,1.8027756377319946,1.2135254915624212,0,0
pg1_11,6,97,0.4563205502110595,0.5,2.9154759474226504,1.192078882155695,0,0
pg1_11,7,97,0.9013793268720983,0.5,7.5,3.0103453162872773,0,0
pg1_11,8,97,0.3274142275231662,0.0,1.8027756377319946,1.192078882155695,0,0
pg1_11,9,97,0.47542418982674284,0.5,1.5811388300841898,1.118033988749895,0,0
pg1_12,0,97,0.10732057955970827,0.0,2.5,0.5,0,0
pg1_12,1,97,0.8041226866890065,0.5,5.656854249492381,3.2102337366887057,0,0
pg1_12,2,97,0.8414186744570299,0.5,4.716990566028302,2.5495097567963922,0,0
pg1_12,3,97,0.5013251172939167,0.25,5.220153254455275,2.0615528128088303,0,0
pg1_12,4,97,1.3035599630047874,1.118033988749895,6.519202405202649,3.605551275463989,0,0
pg1_12,5,97,0.5329630651786114,0.5,4.0,2.23606797749979,0,0
pg1_12,6,97,1.1798874427084545,0.6035533905932737,4.924428900898052,3.5355339059327378,0,0
pg1_12,7,97,0.4804381811388922,0.0,2.5495097567963922,1.8027756377319946,0,0
pg1_12,8,97,0.12791991300956537,0.0,3.1622776601683795,0.5,0,0
pg1_12,9,97,1.1176025970489636,0.7071067811865476,8.246211251235321,3.3905764746872635,0,0
pg1_2,0,97,0.5177708573276903,0.0,3.8078865529319543,2.5,0,0
pg1_2,1,97,0.09501375357874627,0.0,2.0,0.5,0,0
pg1_2,2,97,0.48482503923817766,0.5,3.0,1.5,0,0
pg1_2,3,97,0.641441243125903,0.5,10.124228365658293,1.5,1,0
pg1_2,4,97,0.37076551382077844,0.0,3.1622776601683795,1.2135254915624212,0,0
pg1_2,5,97,0.9820917425017667,1.118033988749895,6.324555320336759,2.1500072520446794,0,0
pg1_2,6,97,0.8665459241902519,0.5,2.5,2.23606797749979,0,0
pg1_2,7,97,0.500379952981051,0.5,2.5495097567963922,1.5,0,0
pg1_2,8,97,0.09375,0.0,1.0,0.5,0,0
pg1_2,9,97,0.9893698888089796,1.118033988749895,5.1478150704935,2.5,0,0
pg1_3,0,97,0.0,0.0,0.0,0.0,0,0
pg1_3,1,97,0.015625,0.0,1.5,0.0,0,0
pg1_3,2,97,0.04813875357874627,0.0,2.1213203435596424,0.5,0,0
pg1_3,3,97,0.14573650817619344,0.0,3.1622776601683795,0.5,0,0
pg1_3,4,97,0.9682532946249395,0.5,3.2015621187164243,3.0413812651491097,0,0
pg1_3,5,97,0.36259734479946176,0.0,8.246211251235321,1.0,0,0
pg1_3,6,97,1.2505494832755062,1.0,6.020797289396148,2.9154759474226504,0,0
pg1_3,7,97,1.063673350566731,0.5,8.5,2.88166565984692,0,0
pg1_3,8,97,1.116644172676749,0.7071067811865476,4.924428900898052,2.9154759474226504,0,0
pg1_3,9,97,1.0177100070265621,1.0,5.70087712549569,2.5123774391990983,0,0
pg1_4,0,97,0.8982689960433682,0.5,7.106335201775948,3.0716053639039274,0,0
pg1_4,1,97,0.08104491300956536,0.0,3.1622776601683795,0.5,0,0
pg1_4,2,97,1.0637543366102054,0.5,8.0,4.098637313992285,0,0
pg1_4,3,97,1.0433418780390127,1.0,3.8078865529319543,3.0,0,0
pg1_4,4,97,1.0561116861170987,1.0,3.3541019662496847,2.9469522768542653,0,0
pg1_4,5,97,0.036458333333333336,0.0,1.0,0.5,0,0
pg1_4,6,97,0.06770833333333333,0.0,0.5,0.5,0,0
pg1_4,7,97,0.05639805794138641,0.0,1.4142135623730951,0.5,0,0
pg1_4,8,97,1.0815757318172607,1.0590169943749475,9.12414379544733,2.619239098783842,0,0
pg1_4,9,97,0.2160913113081404,0.0,3.2015621187164243,1.118033988749895,0,0
pg1_5,0,97,0.050028912893041615,0.0,1.8027756377319946,0.125,0,0
pg1_5,1,97,0.010416666666666666,0.0,0.5,0.0,0,0
pg1_5,2,97,0.036458333333333336,0.0,3.5,0.0,0,0
pg1_5,3,97,0.03168105484530322,0.0,3.0413812651491097,0.0,0,0
pg1_5,4,97,0.02206285404947807,0.0,1.118033988749895,0.0,0,0
pg1_5,5,97,1.4958160917839376,1.266123775561495,4.527692569068709,3.3541019662496847,0,0
pg1_5,6,97,1.0524377657036255,0.5,3.5,2.5495097567963922,0,0
pg1_5,7,97,1.1230991139437967,0.7071067811865476,6.800735254367722,2.986997490246094,0,0
pg1_5,8,97,0.9958957230205258,1.118033988749895,4.031128874149275,2.5,0,0
pg1_5,9,97,0.7332977715429853,0.5,4.6097722286464435,2.1500072520446794,0,0
pg1_6,0,97,1.1454495152321924,1.0,8.48528137423857,2.9154759474226504,0,0
pg1_6,1,97,0.03370904143228948,0.0,2.23606797749979,0.0,0,0
pg1_6,2,97,0.005208333333333333,0.0,0.5,0.0,0,0
pg1_6,3,97,0.0,0.0,0.0,0.0,0,0
pg1_6,4,97,0.13964874583354825,0.0,1.5811388300841898,0.5,0,0
pg1_6,5,97,0.9174475099433436,0.7071067811865476,2.692582403567252,2.5,0,0
pg1_6,6,97,1.2818800552675986,1.4142135623730951,4.47213595499958,3.6516504294495533,0,0
pg1_6,7,97,0.7149411978920255,0.5,14.705441169852742,1.8674699315012036,1,0
pg1_6,8,97,0.8043634268918826,0.5,3.2015621187164243,2.5,0,0
pg1_6,9,97,1.3713978769236432,1.118033988749895,10.700467279516348,3.2015621187164243,1,0
pg1_7,0,97,1.1442495165034396,1.118033988749895,3.5355339059327378,3.040569415042095,0,0
pg1_7,1,97,0.1651811283443691,0.0,2.5,0.5517766952966369,0,0
pg1_7,2,97,0.046875,0.0,2.0,0.125,0,0
pg1_7,3,97,0.7870910210076468,0.5,2.5495097567963922,2.1213203435596424,0,0
pg1_7,4,97,0.6991083549603939,0.5,4.123105625617661,1.5811388300841898,0,0
pg1_7,5,97,1.184648030666189,0.8535533905932737,4.6097722286464435,3.2102337366887057,0,0
pg1_7,6,97,0.7857884197743368,0.0,11.704699910719626,3.0251324521294087,1,0
pg1_7,7,97,0.9051807807501792,0.5,2.9154759474226504,2.692582403567252,0,0
pg1_7,8,97,0.9258658321614419,0.5,4.031128874149275,2.23606797749979,0,0
pg1_7,9,97,0.9038567811721725,1.118033988749895,4.47213595499958,1.8027756377319946,0,0
pg1_8,0,97,161.02653637263276,162.19395503362222,345.44174617437307,295.285783975951,85,85
pg1_8,1,97,169.48417600631956,160.53228144144794,366.5276251525934,327.15984237453256,85,85
pg1_8,2,97,180.48880942921178,173.6757035396719,365.53317222927933,337.1003414532284,89,89
pg1_8,3,97,168.9565730258747,161.45298063278776,366.9727510320078,304.485602515289,92,92
pg1_8,4,97,186.5189723036524,172.19979215331992,354.8309456628607,326.9448538352064,92,92
pg1_8,5,97,166.65634551526293,155.31919422730454,355.4490118146343,334.3143636190839,87,87
pg1_8,6,97,149.09177618078743,152.61252974873975,361.4505498681666,305.09683638992004,81,81
pg1_8,7,97,170.53841874566254,169.37217399700748,354.8309456628607,326.54008950004936,85,85
pg1_8,8,97,187.591566507268,165.1098119434457,355.3990714675546,327.00696485781657,90,90
pg1_8,9,97,182.9678386679644,167.4577696993946,366.5276251525934,357.02805743704073,89,89
pg1_9,0,97,160.52774644921453,166.26826260276164,386.73020311322983,345.7428030672868,84,84
pg1_9,1,97,150.13569181448668,145.69537984851846,386.0945480060551,312.01885552809534,82,82
pg1_9,2,97,170.059791475371,173.44163283364233,375.3245262436229,311.02867720806245,89,89
pg1_9,3,97,182.00520738777882,180.73630617297636,385.852951265116,354.75242849290566,91,91
pg1_9,4,97,152.75816060815214,148.64854374953006,386.73020311322983,311.9010643916408,80,80
pg1_9,5,97,157.67590836958837,175.74018266915704,328.8453283840292,278.7686732106746,88,88
pg1_9,6,97,186.35922014694063,193.78529153357198,384.38294707231745,325.8999405835236,89,89
pg1_9,7,97,154.45202956339847,146.79449644401421,386.51778743028115,319.8690160055047,84,84
pg1_9,8,97,163.15896746416672,163.62457028209425,385.852951265116,308.7249709704286,85,85
pg1_9,9,97,170.10244815153078,173.690843457676,381.07118757523506,319.17029678145263,84,84
pg2_1,0,97,0.6925351902759932,0.5,12.165525060596439,1.6858541225631423,1,0
pg2_1,1,97,0.08150578458684124,0.0,6.324555320336759,0.0,0,0
pg2_1,2,97,0.21969617343440165,0.0,7.0710678118654755,0.5,0,0
pg2_1,3,97,0.4894135279541178,0.5,6.082762530298219,1.3385254915624212,0,0
pg2_1,4,97,0.22522208691207965,0.0,5.0,0.5517766952966369,0,0
pg2_1,5,97,0.17819870957363274,0.0,6.082762530298219,1.118033988749895,0,0
pg2_1,6,97,0.6613806389785585,0.5,5.522680508593631,2.0,0,0
pg2_1,7,97,0.7045695743699795,0.5,6.96419413859206,2.0615528128088303,0,0
pg2_1,8,97,0.7292628320367415,0.5,10.124228365658293,2.625,1,0
pg2_1,9,97,0.9874463625491883,1.118033988749895,5.522680508593631,2.0615528128088303,0,0
pg2_10,0,97,0.0705032867564873,0.0,3.3541019662496847,0.5,0,0
pg2_10,1,97,0.19791666666666666,0.0,7.5,0.5,0,0
pg2_10,2,97,0.0812216325514169,0.0,5.5901699437494745,0.125,0,0
pg2_10,3,97,0.23695441403143125,0.0,4.301162633521313,0.7071067811865476,0,0
pg2_10,4,97,0.5386154919100824,0.0,6.800735254367722,2.548145600891813,0,0
pg2_10,5,97,1.0829894547456054,1.118033988749895,3.3541019662496847,2.10518160398157,0,0
pg2_10,6,97,1.1969335524673126,1.4142135623730951,3.5,3.0,0,0
pg2_10,7,97,0.5527023710609422,0.5,2.692582403567252,1.8520817282989959,0,0
pg2_10,8,97,0.9813692348231221,0.5,9.5,3.0103453162872773,0,0
pg2_10,9,97,0.36405370384515306,0.0,4.6097722286464435,1.118033988749895,0,0
pg2_11,0,97,0.11220835284019548,0.0,4.272001872658765,0.5,0,0
pg2_11,1,97,0.18604869454030393,0.0,4.242640687119285,0.5,0,0
pg2_11,2,97,0.29936827429489105,0.0,1.5,1.0,0,0
pg2_11,3,97,0.09292510027585303,0.0,1.8027756377319946,0.5,0,0
pg2_11,4,97,0.7329199144478739,0.5,6.708203932499369,1.5811388300841898,0,0
pg2_11,5,97,0.41258078387329,0.0,3.1622776601683795,1.4356601717798214,0,0
pg2_11,6,97,0.9160112892793978,1.0,5.852349955359813,2.183542048805721,0,0
pg2_11,7,97,0.9545108137414715,1.0,4.527692569068709,2.23606797749979,0,0
pg2_11,8,97,1.0560550053983029,1.118033988749895,5.0,2.23606797749979,0,0
pg2_11,9,97,0.8472158247639049,0.7071067811865476,2.692582403567252,2.0,0,0
pg2_12,0,97,0.12228494096155769,0.0,1.118033988749895,0.7071067811865476,0,0
pg2_12,1,97,0.13996242968673925,0.0,5.315072906367325,0.5517766952966369,0,0
pg2_12,2,97,0.15488942126411384,0.0,3.1622776601683795,0.5,0,0
pg2_12,3,97,1.0250558064258675,0.7071067811865476,6.324555320336759,3.5355339059327378,0,0
pg2_12,4,97,0.2342503844577085,0.0,2.5495097567963922,1.5,0,0
pg2_12,5,97,0.17513082500042984,0.0,3.1622776601683795,1.0,0,0
pg2_12,6,97,1.2344601493786524,1.0,12.776932339180638,3.0413812651491097,1,0
pg2_12,7,97,0.9625320607959754,1.0,3.3541019662496847,2.5495097567963922,0,0
pg2_12,8,97,1.2771750479164816,0.5,9.340770846134703,3.2015621187164243,0,0
pg2_12,9,97,0.2676321963767851,0.0,3.2015621187164243,0.7071067811865476,0,0
pg2_2,0,97,0.13143785404947808,0.0,4.0,0.5,0,0
pg2_2,1,97,0.16982057955970828,0.0,5.0,0.5,0,0
pg2_2,2,97,0.44379091624792344,0.0,13.038404810405298,1.0,1,0
pg2_2,3,97,0.9002795797192918,0.5,4.123105625617661,3.2015621187164243,0,0
pg2_2,4,97,0.7177795195175856,0.5,8.381527307120106,2.0615528128088303,0,0
pg2_2,5,97,1.263730121171017,1.118033988749895,8.514693182963201,2.5495097567963922,0,0
pg2_2,6,97,0.8762524700849325,0.6035533905932737,3.5355339059327378,2.23606797749979,0,0
pg2_2,7,97,0.5681022789525808,0.5,3.8078865529319543,1.70124232576535,0,0
pg2_2,8,97,1.0643758701229096,0.7071067811865476,3.0,2.548145600891813,0,0
pg2_2,9,97,1.264834722905068,1.0,13.536986370680884,2.5495097567963922,1,0
pg2_3,0,97,0.43758582665748014,0.5,2.8284271247461903,1.192078882155695,0,0
pg2_3,1,97,0.4034241793643796,0.5,3.1622776601683795,1.118033988749895,0,0
pg2_3,2,97,0.39783462556255184,0.5,3.0,1.118033988749895,0,0
pg2_3,3,97,0.445281502012936,0.5,4.0,1.118033988749895,0,0
pg2_3,4,97,0.4611478751712161,0.5,3.0413812651491097,1.6403882032022077,0,0
pg2_3,5,97,0.16279079591321288,0.0,1.8027756377319946,0.5,0,0
pg2_3,6,97,0.16398584049082587,0.0,2.5,0.7071067811865476,0,0
pg2_3,7,97,0.09370158742143005,0.0,2.5,0.5517766952966369,0,0
pg2_3,8,97,1.138233285444571,1.118033988749895,6.020797289396148,2.692582403567252,0,0
pg2_3,9,97,0.43409653025152034,0.0,2.5495097567963922,1.5811388300841898,0,0
pg2_4,0,97,0.020833333333333332,0.0,0.5,0.0,0,0
pg2_4,1,97,0.5157463201876764,0.5,2.0615528128088303,1.5811388300841898,0,0
pg2_4,2,97,0.2454634906483956,0.0,2.5,0.7071067811865476,0,0
pg2_4,3,97,0.1700877825494395,0.0,2.5,0.7071067811865476,0,0
pg2_4,4,97,0.18866692842160637,0.0,3.1622776601683795,0.7071067811865476,0,0
pg2_4,5,97,0.39493476569961955,0.5,2.8284271247461903,1.0,0,0
pg2_4,6,97,1.3243679576658343,1.5811388300841898,3.3541019662496847,2.692582403567252,0,0
pg2_4,7,97,1.2785437598057705,1.118033988749895,7.433034373659253,3.2015621187164243,0,0
pg2_4,8,97,0.3703639144347959,0.0,2.8284271247461903,1.4356601717798214,0,0
pg2_4,9,97,1.0067626688469395,1.118033988749895,4.031128874149275,2.0153882032022077,0,0
pg2_5,0,97,0.08179531203499806,0.0,5.852349955359813,0.125,0,0
pg2_5,1,97,0.42417223270238563,0.0,4.123105625617661,1.8520817282989959,0,0
pg2_5,2,97,0.5198391454214816,0.5,4.301162633521313,1.4356601717798214,0,0
pg2_5,3,97,0.430415627590891,0.25,6.020797289396148,1.2338101990834687,0,0
pg2_5,4,97,0.4679863641536774,0.5,4.123105625617661,1.118033988749895,0,0
pg2_5,5,97,1.220016172278163,1.118033988749895,5.220153254455275,2.9469522768542653,0,0
pg2_5,6,97,0.3766821863978058,0.0,6.800735254367722,1.2338101990834687,0,0
pg2_5,7,97,0.8053215458557498,0.6035533905932737,7.158910531638177,1.8520817282989959,0,0
pg2_5,8,97,0.47338510103910947,0.5,4.031128874149275,1.192078882155695,0,0
pg2_5,9,97,0.6354753732863745,0.5,6.082762530298219,1.118033988749895,0,0
pg2_6,0,97,0.06741808286457895,0.0,4.47213595499958,0.125,0,0
pg2_6,1,97,0.2673045599543224,0.0,4.47213595499958,1.0,0,0
pg2_6,2,97,0.14357914587216689,0.0,3.1622776601683795,0.5,0,0
pg2_6,3,97,0.14620347818679935,0.0,5.0,0.5,0,0
pg2_6,4,97,0.1497701758494019,0.0,2.5495097567963922,0.5,0,0
pg2_6,5,97,0.868342268561852,0.7071067811865476,5.70087712549569,1.8027756377319946,0,0
pg2_6,6,97,1.2187121338258666,1.0590169943749475,4.527692569068709,2.769436802675439,0,0
pg2_6,7,97,0.10479424462426563,0.0,4.272001872658765,0.5,0,0
pg2_6,8,97,0.8088526668560219,1.0,3.0,1.5811388300841898,0,0
pg2_6,9,97,1.2478147818526157,0.7071067811865476,6.670832032063167,3.5355339059327378,0,0
pg2_7,0,97,0.07343239329996241,0.0,2.5495097567963922,0.5,0,0
pg2_7,1,97,1.2848106531872672,0.0,113.81783691495811,0.5,1,1
pg2_7,2,97,1.2639206130856593,0.0,112.49222195334218,0.5,1,1
pg2_7,3,97,0.6570621562487414,0.5,9.513148795220223,1.8520817282989959,0,0
pg2_7,4,97,0.8563650985646438,0.5,2.692582403567252,2.5,0,0
pg2_7,5,97,0.5998042390103685,0.5,2.8284271247461903,1.8027756377319946,0,0
pg2_7,6,97,0.7752484966143482,0.5,5.522680508593631,2.3020509831248424,0,0
pg2_7,7,97,0.7129472653464748,0.5,3.2015621187164243,2.215990257669732,0,0
pg2_7,8,97,1.3469899088842594,1.0,8.54400374531753,3.3541019662496847,0,0
pg2_7,9,97,0.6834945005050533,0.5,2.5,1.8520817282989959,0,0
pg2_8,0,97,0.6074310889739407,0.5,3.3541019662496847,2.0615528128088303,0,0
pg2_8,1,97,0.7927036616047056,0.5,4.527692569068709,2.0,0,0
pg2_8,2,97,0.2733608404908259,0.0,2.5,0.7071067811865476,0,0
pg2_8,3,97,1.1878003131730648,1.0590169943749475,4.123105625617661,3.5355339059327378,0,0
pg2_8,4,97,0.06807847818679935,0.0,2.1213203435596424,0.5,0,0
pg2_8,5,97,1.0662553609060186,1.0,7.0,2.5495097567963922,0,0
pg2_8,6,97,1.2638828043334076,1.118033988749895,9.013878188659973,2.5495097567963922,0,0
pg2_8,7,97,0.6567561766634628,0.5,2.9154759474226504,1.636548031996141,0,0
pg2_8,8,97,1.5452838583316837,1.5811388300841898,8.276472678623424,3.2015621187164243,0,0
pg2_8,9,97,0.08705612834436909,0.0,2.23606797749979,0.5,0,0
pg2_9,0,97,0.08237840534579151,0.0,5.408326913195984,0.5,0,0
pg2_9,1,97,0.16917136962106624,0.0,7.826237921249264,0.5,0,0
pg2_9,2,97,0.2409036755265055,0.0,8.06225774829855,1.0,0,0
pg2_9,3,97,0.12215429191184224,0.0,6.726812023536855,0.5,0,0
pg2_9,4,97,0.18763238384948422,0.0,7.810249675906654,0.5,0,0
pg2_9,5,97,0.3420059532510164,0.0,6.946221994724902,1.0295084971874737,0,0
pg2_9,6,97,0.23650951360518727,0.0,4.031128874149275,1.0,0,0
pg2_9,7,97,0.15227392121073913,0.0,6.082762530298219,0.7071067811865476,0,0
pg2_9,8,97,0.5470628560156588,0.5,4.6097722286464435,1.2135254915624212,0,0
pg2_9,9,97,0.44869416634005815,0.5,6.082762530298219,1.192078882155695,0,0
pg3_1,0,97,0.14524140373631603,0.0,3.5,0.5,0,0
pg3_1,1,97,0.30839961489683376,0.0,4.123105625617661,1.3385254915624212,0,0
pg3_1,2,97,1.0896622966100613,0.5,10.04987562112089,3.3541019662496847,1,0
pg3_1,3,97,0.7528143031133222,0.5,20.554804791094465,1.6858541225631423,1,0
pg3_1,4,97,1.0493053268010526,1.118033988749895,3.5,2.5123774391990983,0,0
pg3_1,5,97,0.9714560646670386,0.5,12.5,2.3020509831248424,1,0
pg3_1,6,97,0.33707768482752565,0.0,4.924428900898052,0.7071067811865476,0,0
pg3_1,7,97,1.264942518221449,1.0590169943749475,6.576473218982953,3.0,0,0
pg3_1,8,97,0.7535423723644955,0.5,4.0,2.5,0,0
pg3_1,9,97,0.8806318180099586,0.5,5.408326913195984,2.850189330415305,0,0
pg3_10,0,97,0.01877891289304161,0.0,1.8027756377319946,0.0,0,0
pg3_10,1,97,0.08127891289304161,0.0,1.8027756377319946,0.5,0,0
pg3_10,2,97,0.040875999805121216,0.0,2.1213203435596424,0.0,0,0
pg3_10,3,97,0.18679100766538323,0.0,2.692582403567252,0.7803300858899107,0,0
pg3_10,4,97,0.6051522130298425,0.5,2.1213203435596424,1.5811388300841898,0,0
pg3_10,5,97,0.8549997484196309,0.7071067811865476,2.9154759474226504,2.0764946954965335,0,0
pg3_10,6,97,0.57439177552602,0.0,3.2015621187164243,1.5811388300841898,0,0
pg3_10,7,97,1.186864280798169,1.0590169943749475,6.5,2.5,0,0
pg3_10,8,97,0.7534349392781737,0.5,3.5355339059327378,2.0,0,0
pg3_10,9,97,1.2587483648347295,1.5,13.209844813622906,2.3144284223239406,1,0
pg3_11,0,97,0.07291666666666667,0.0,2.5,0.5,0,0
pg3_11,1,97,0.026557393299962418,0.0,2.5495097567963922,0.0,0,0
pg3_11,2,97,0.8044017818982899,0.5,6.576473218982953,2.10518160398157,0,0
pg3_11,3,97,0.8353368140625671,0.5,5.5901699437494745,2.625,0,0
pg3_11,4,97,0.5372091633574988,0.25,4.242640687119285,1.5,0,0
pg3_11,5,97,0.9892203831760042,1.0,6.020797289396148,2.0615528128088303,0,0
pg3_11,6,97,0.9886150915251634,1.118033988749895,4.031128874149275,2.5,0,0
pg3_11,7,97,1.2706648600066701,1.4142135623730951,3.3541019662496847,2.585277918489107,0,0
pg3_11,8,97,1.209130228509881,1.118033988749895,9.17877987534291,2.23606797749979,0,0
pg3_11,9,97,0.7347898331344811,0.5,9.486832980505138,1.636548031996141,0,0
pg3_12,0,97,0.1832651697766586,0.0,4.47213595499958,0.5,0,0
pg3_12,1,97,0.05354223900666936,0.0,3.640054944640259,0.0,0,0
pg3_12,2,97,0.06770833333333333,0.0,5.0,0.0,0,0
pg3_12,3,97,0.08157241557130522,0.0,2.9154759474226504,0.5,0,0
pg3_12,4,97,0.39382433113922155,0.5,5.0,1.0295084971874737,0,0
pg3_12,5,97,0.7872472257232039,0.5,2.5495097567963922,2.5123774391990983,0,0
pg3_12,6,97,0.7634212350771995,0.5,3.0,1.6858541225631423,0,0
pg3_12,7,97,0.8432036112373084,0.5,3.3541019662496847,2.3144284223239406,0,0
pg3_12,8,97,0.6323029314560804,0.5,3.1622776601683795,1.5811388300841898,0,0
pg3_12,9,97,0.5658574301500444,0.0,4.272001872658765,1.8027756377319946,0,0
pg3_2,0,97,0.8551796914948048,0.5,9.17877987534291,2.625,0,0
pg3_2,1,97,0.07478377850193883,0.0,4.47213595499958,0.5,0,0
pg3_2,2,97,0.09223022881510089,0.0,3.3541019662496847,0.5,0,0
pg3_2,3,97,0.10098463761761844,0.0,3.1622776601683795,1.0,0,0
pg3_2,4,97,0.3068325263218367,0.0,4.6097722286464435,0.8098385830773844,0,0
pg3_2,5,97,1.2391920244609416,1.0,4.031128874149275,3.399459951170448,0,0
pg3_2,6,97,0.8918810935326391,0.7071067811865476,3.605551275463989,2.1711646096066226,0,0
pg3_2,7,97,0.9844295274552796,0.5,13.583077707206124,3.050390529679106,1,0
pg3_2,8,97,0.8870163042527143,0.5,17.00735135169495,2.215990257669732,1,0
pg3_2,9,97,0.8202447397359599,0.5,8.0156097709407,1.8674699315012036,0,0
pg3_3,0,97,0.08502372562675396,0.0,3.1622776601683795,0.5,0,0
pg3_3,1,97,0.06996865172946147,0.0,4.716990566028302,0.0,0,0
pg3_3,2,97,0.09015755826137299,0.0,5.852349955359813,0.0,0,0
pg3_3,3,97,0.11060452071614474,0.0,5.0,0.5,0,0
pg3_3,4,97,0.1421250088765966,0.0,5.522680508593631,0.5,0,0
pg3_3,5,97,0.14342849389638693,0.0,5.1478150704935,0.5,0,0
pg3_3,6,97,0.9026707158113755,0.5,10.5,2.5,1,0
pg3_3,7,97,0.04450001950686214,0.0,4.272001872658765,0.0,0,0
pg3_3,8,97,0.06980793873662942,0.0,3.2015621187164243,0.5,0,0
pg3_3,9,97,0.08447679404840046,0.0,4.6097722286464435,0.5,0,0
pg3_4,0,97,0.5528237892789917,0.5,3.2015621187164243,1.4356601717798214,0,0
pg3_4,1,97,0.8529898193093954,0.5,9.848857801796104,2.0153882032022077,0,0
pg3_4,2,97,0.721429860883474,0.7071067811865476,5.408326913195984,1.8027756377319946,0,0
pg3_4,3,97,0.4935548672046639,0.0,7.0178344238090995,1.4142135623730951,0,0
pg3_4,4,97,0.9761775171121109,1.0,5.1478150704935,2.5123774391990983,0,0
pg3_4,5,97,0.2165022751382328,0.0,6.670832032063167,1.0,0,0
pg3_4,6,97,0.05839115911941656,0.0,3.605551275463989,0.125,0,0
pg3_4,7,97,1.2470985042108782,0.7071067811865476,17.0,3.0413812651491097,1,0
pg3_4,8,97,1.1846844020197886,0.6035533905932737,9.394147114027968,3.311185325197383,0,0
pg3_4,9,97,0.6443201367821948,0.5,6.800735254367722,1.5811388300841898,0,0
pg3_5,0,97,0.6207526808881336,0.5,2.23606797749979,1.636548031996141,0,0
pg3_5,1,97,1.1257529168462168,1.118033988749895,8.139410298049853,2.3020509831248424,0,0
pg3_5,2,97,0.9331281607577947,1.0,4.242640687119285,2.0615528128088303,0,0
pg3_5,3,97,1.0409516438174486,1.0,2.692582403567252,2.585277918489107,0,0
pg3_5,4,97,0.3736840529145217,0.0,3.3541019662496847,1.2135254915624212,0,0
pg3_5,5,97,0.8493248786269835,0.6035533905932737,2.5,2.0153882032022077,0,0
pg3_5,6,97,0.1544627825494395,0.0,2.0,0.7071067811865476,0,0
pg3_5,7,97,1.0892792097329664,1.0,4.301162633521313,2.5495097567963922,0,0
pg3_5,8,97,0.9759829978840381,1.0,3.5355339059327378,2.585277918489107,0,0
pg3_5,9,97,0.9398792475350163,0.7071067811865476,9.340770846134703,2.3020509831248424,0,0
pg3_7,0,97,0.03370904143228948,0.0,2.23606797749979,0.0,0,0
pg3_7,1,97,0.09584960540329608,0.0,3.2015621187164243,0.5,0,0
pg3_7,2,97,0.0429490169335173,0.0,4.123105625617661,0.0,0,0
pg3_7,3,97,0.08038531839612814,0.0,4.716990566028302,0.5,0,0
pg3_7,4,97,0.17315190342301248,0.0,5.0,1.0,0,0
pg3_7,5,97,1.1668103249313617,1.0590169943749475,3.2015621187164243,2.936606960566988,0,0
pg3_7,6,97,0.8514910194397597,0.6035533905932737,6.576473218982953,1.8824118141889066,0,0
pg3_7,7,97,0.7515507359614665,0.5,7.516648189186454,2.23606797749979,0,0
pg3_7,8,97,0.8965015279355072,0.5,8.06225774829855,2.585277918489107,0,0
pg3_7,9,97,0.6860873475186864,0.5,5.0,1.5811388300841898,0,0
pg3_8,0,97,0.030369541118985943,0.0,2.9154759474226504,0.0,0,0
pg3_8,1,97,0.09827374513361609,0.0,4.272001872658765,0.0,0,0
pg3_8,2,97,0.059551985062794806,0.0,4.716990566028302,0.0,0,0
pg3_8,3,97,0.0588314069843073,0.0,5.1478150704935,0.0,0,0
pg3_8,4,97,0.1013313147645452,0.0,4.6097722286464435,0.5,0,0
pg3_8,5,97,0.6828323778492379,0.25,9.013878188659973,2.0615528128088303,0,0
pg3_8,6,97,1.1273709200517388,0.5,6.0,2.7483057895311016,0,0
pg3_8,7,97,0.9922177450088402,0.5,4.6097722286464435,3.0413812651491097,0,0
pg3_8,8,97,0.9961438038536631,0.8535533905932737,4.301162633521313,3.040569415042095,0,0
pg3_8,9,97,0.8638668392938903,0.7071067811865476,5.385164807134504,2.585277918489107,0,0
pg3_9,0,97,0.015625,0.0,0.5,0.0,0,0
pg3_9,1,97,0.03682847818679935,0.0,3.5355339059327378,0.0,0,0
pg3_9,2,97,0.14389482028257183,0.0,5.0,0.5517766952966369,0,0
pg3_9,3,97,0.16645803176738158,0.0,2.9154759474226504,1.0,0,0
pg3_9,4,97,1.729618679535383,1.9013878188659974,11.597413504743201,3.987838056966143,1,0
pg3_9,5,97,1.081912820674052,0.7071067811865476,6.576473218982953,2.585277918489107,0,0
pg3_9,6,97,1.2118722887406055,1.0,4.123105625617661,2.9154759474226504,0,0
pg3_9,7,97,0.535643881283584,0.25,10.012492197250394,2.5,1,0
pg3_9,8,97,1.0661599842292853,0.7071067811865476,3.5355339059327378,3.0413812651491097,0,0
pg3_9,9,97,1.368136039142108,1.4571067811865475,9.962429422585638,3.0103453162872773,0,0
pg4_1,0,97,0.3614247048077884,0.0,2.8284271247461903,1.4142135623730951,0,0
pg4_1,1,97,1.343956362849254,1.266123775561495,4.123105625617661,3.2810359488618324,0,0
pg4_1,2,97,0.07212946771768804,0.0,4.924428900898052,0.125,0,0
pg4_1,3,97,0.7716674276607343,0.6035533905932737,8.381527307120106,1.5811388300841898,0,0
pg4_1,4,97,0.9584259290304132,0.7071067811865476,7.158910531638177,2.0590169943749475,0,0
pg4_1,5,97,0.3594021775194445,0.0,6.4031242374328485,1.8520817282989959,0,0
pg4_1,6,97,0.21312114465858722,0.0,2.8284271247461903,0.7803300858899107,0,0
pg4_1,7,97,0.08333333333333333,0.0,5.0,0.5,0,0
pg4_1,8,97,1.0595539501068327,0.5,8.246211251235321,3.0,0,0
pg4_1,9,97,0.6768587421488851,0.5,2.23606797749979,1.636548031996141,0,0
pg4_10,0,97,0.3590518031120391,0.0,4.301162633521313,1.0295084971874737,0,0
pg4_10,1,97,0.2151413322362774,0.0,1.118033988749895,0.7071067811865476,0,0
pg4_10,2,97,0.4795607993636861,0.5,2.5495097567963922,1.192078882155695,0,0
pg4_10,3,97,0.2842850700132251,0.0,2.5,1.118033988749895,0,0
pg4_10,4,97,0.24676147708974341,0.0,1.118033988749895,0.7071067811865476,0,0
pg4_10,5,97,0.36856409542376906,0.0,3.8078865529319543,1.0,0,0
pg4_10,6,97,0.3255585443474026,0.0,1.8027756377319946,1.118033988749895,0,0
pg4_10,7,97,0.28256828286391117,0.0,2.5,1.0,0,0
pg4_10,8,97,0.5645865168401086,0.5,3.3541019662496847,1.5811388300841898,0,0
pg4_10,9,97,0.45831030412757495,0.5,1.5811388300841898,1.5811388300841898,0,0
pg4_10,10,97,0.44384138078117785,0.5,3.640054944640259,1.118033988749895,0,0
pg4_11,0,97,0.22127750715749253,0.0,2.5,0.7803300858899107,0,0
pg4_11,1,97,0.20743972460805307,0.0,4.5,0.7071067811865476,0,0
pg4_11,2,97,0.19902912464521197,0.0,2.692582403567252,0.5517766952966369,0,0
pg4_11,3,97,0.6937324026940761,0.5,3.905124837953327,1.8674699315012036,0,0
pg4_11,4,97,0.7345887488446655,0.5,2.5495097567963922,2.1711646096066226,0,0
pg4_11,5,97,0.9271511989711962,0.5,6.264982043070834,2.0615528128088303,0,0
pg4_11,6,97,0.39010236908602375,0.5,2.1213203435596424,1.118033988749895,0,0
pg4_11,7,97,0.37452219765029576,0.5,2.0,1.118033988749895,0,0
pg4_11,8,97,0.28231226525775827,0.0,1.8027756377319946,1.0295084971874737,0,0
pg4_11,9,97,0.10018785404947807,0.0,1.118033988749895,0.5,0,0
pg4_12,0,97,0.20743972460805307,0.0,1.0,0.5,0,0
pg4_12,1,97,0.19303884935739254,0.0,5.1478150704935,1.1452847075210475,0,0
pg4_12,2,97,0.05318282578608322,0.0,3.605551275463989,0.0,0,0
pg4_12,3,97,0.20984100913961212,0.0,3.2015621187164243,1.0,0,0
pg4_12,4,97,0.37183018609087676,0.5,2.0,1.5,0,0
pg4_12,5,97,0.8781407964722546,0.7071067811865476,3.8078865529319543,2.23606797749979,0,0
pg4_12,6,97,1.297097312217371,1.118033988749895,2.9154759474226504,2.8284271247461903,0,0
pg4_12,7,97,0.1019608917840702,0.0,2.5,0.5,0,0
pg4_12,8,97,0.3573774264653968,0.5,2.23606797749979,1.118033988749895,0,0
pg4_12,9,97,1.1279214772458397,1.118033988749895,8.06225774829855,2.10518160398157,0,0
pg4_2,0,97,0.4248527896716004,0.5,2.0,1.5,0,0
pg4_2,1,97,0.044194173824159216,0.0,4.242640687119285,0.0,0,0
pg4_2,2,97,0.052724508466758656,0.0,2.0615528128088303,0.5,0,0
pg4_2,3,97,0.5328994792222723,0.5,3.605551275463989,1.118033988749895,0,0
pg4_2,4,97,1.200929930137465,1.4142135623730951,3.0413812651491097,2.5,0,0
pg4_2,5,97,0.48933378547825557,0.5,2.23606797749979,1.4142135623730951,0,0
pg4_2,6,97,0.5588575295335246,0.5,2.692582403567252,1.5811388300841898,0,0
pg4_2,7,97,0.7360495560280255,0.7071067811865476,3.1622776601683795,1.5811388300841898,0,0
pg4_2,8,97,0.4661657177526896,0.5,3.0413812651491097,1.5811388300841898,0,0
pg4_2,9,97,0.3988673735902119,0.5,1.5811388300841898,1.118033988749895,0,0
pg4_3,0,97,0.10947794186373482,0.0,1.8027756377319946,0.5,0,0
pg4_3,1,97,0.08333333333333333,0.0,2.5,0.5,0,0
pg4_3,2,97,0.40090960285431465,0.0,9.055385138137417,1.2135254915624212,0,0
pg4_3,3,97,0.48316362097036913,0.5,1.8027756377319946,1.118033988749895,0,0
pg4_3,4,97,0.5262507009724979,0.5,2.0615528128088303,1.118033988749895,0,0
pg4_3,5,97,0.5483019544757263,0.5,2.0615528128088303,1.5811388300841898,0,0
pg4_3,6,97,0.36611765555194586,0.0,1.5811388300841898,1.4142135623730951,0,0
pg4_3,7,97,0.5043584680315414,0.5,2.0615528128088303,1.5202847075210475,0,0
pg4_3,8,97,1.4383595535143552,1.6919572339080922,3.605551275463989,3.2015621187164243,0,0
pg4_3,9,97,0.8773110262956759,0.5,2.9154759474226504,2.548145600891813,0,0
pg4_4,0,97,0.6753359667897286,0.5,3.0413812651491097,1.5811388300841898,0,0
pg4_4,1,97,0.6455197151595341,0.5,3.5,1.8520817282989959,0,0
pg4_4,2,97,0.26007603904329885,0.0,1.8027756377319946,1.0295084971874737,0,0
pg4_4,3,97,0.5690389785827809,0.5,3.1622776601683795,1.5811388300841898,0,0
pg4_4,4,97,0.6554979116915031,0.5,2.5495097567963922,2.0615528128088303,0,0
pg4_4,5,97,0.9961863048231914,0.5,3.1622776601683795,2.7483057895311016,0,0
pg4_4,6,97,0.7343288683313544,0.5,4.924428900898052,2.0615528128088303,0,0
pg4_4,7,97,0.447886389136108,0.0,2.0615528128088303,1.5202847075210475,0,0
pg4_4,8,97,0.5736031614434137,0.5,3.2015621187164243,1.636548031996141,0,0
pg4_4,9,97,0.8761984090992194,0.7071067811865476,6.082762530298219,2.0615528128088303,0,0
pg4_5,0,97,0.036458333333333336,0.0,1.0,0.5,0,0
pg4_5,1,97,1.0957727643941935,1.0,5.024937810560445,2.5,0,0
pg4_5,2,97,0.5202478723317506,0.5,3.640054944640259,1.118033988749895,0,0
pg4_5,3,97,0.812024958073005,0.7071067811865476,4.47213595499958,2.0153882032022077,0,0
pg4_5,4,97,0.5503140142933565,0.5,1.5,1.4142135623730951,0,0
pg4_5,5,97,0.6198235197905534,0.5,1.5811388300841898,1.5202847075210475,0,0
pg4_5,6,97,0.5656272185352739,0.5,3.0413812651491097,1.5202847075210475,0,0
pg4_5,7,97,0.7119479392784073,0.5,2.5,1.5811388300841898,0,0
pg4_5,8,97,0.9858131526131949,1.0,2.5,2.0615528128088303,0,0
pg4_5,9,97,0.5302367835680112,0.5,6.324555320336759,2.4059199699805047,0,0
pg4_6,0,97,0.041666666666666664,0.0,0.5,0.5,0,0
pg4_6,1,97,0.15862621155729154,0.0,2.692582403567252,0.7071067811865476,0,0
pg4_6,2,97,0.9516852093784219,0.7071067811865476,2.5,2.23606797749979,0,0
pg4_6,3,97,0.8867974653270085,0.8535533905932737,3.605551275463989,1.8027756377319946,0,0
pg4_6,4,97,0.4915138213958552,0.25,4.6097722286464435,1.8674699315012036,0,0
pg4_6,5,97,0.23120518609087673,0.0,1.8027756377319946,0.7071067811865476,0,0
pg4_6,6,97,0.4984120967421943,0.5,3.2015621187164243,1.5811388300841898,0,0
pg4_6,7,97,0.5503529810617263,0.5,1.5811388300841898,1.5811388300841898,0,0
pg4_6,8,97,0.7666329975217886,0.5,2.23606797749979,2.0,0,0
pg4_6,9,97,1.2186518725362239,1.118033988749895,7.211102550927978,2.23606797749979,0,0
pg4_7,0,97,0.8052556893010031,0.7071067811865476,2.23606797749979,1.8027756377319946,0,0
pg4_7,1,97,0.43103462611492566,0.5,2.0,1.118033988749895,0,0
pg4_7,2,97,0.11984091220307468,0.0,2.0615528128088303,0.5517766952966369,0,0
pg4_7,3,97,0.041666666666666664,0.0,1.0,0.5,0,0
pg4_7,4,97,0.024220216353504607,0.0,1.118033988749895,0.0,0,0
pg4_7,5,97,0.020833333333333332,0.0,2.0,0.0,0,0
pg4_7,6,97,0.5822953264686838,0.5,1.8027756377319946,1.118033988749895,0,0
pg4_7,7,97,0.20323912724731316,0.0,1.118033988749895,0.7071067811865476,0,0
pg4_7,8,97,0.42219123016197635,0.5,2.23606797749979,1.2135254915624212,0,0
pg4_7,9,97,0.4999146217756336,0.5,1.8027756377319946,1.5811388300841898,0,0
pg4_8,0,97,0.015625,0.0,0.5,0.0,0,0
pg4_8,1,97,0.0533470869120796,0.0,1.4142135623730951,0.5,0,0
pg4_8,2,97,0.44836227254568334,0.5,3.0413812651491097,1.2338101990834687,0,0
pg4_8,3,97,0.7058390575361742,0.5,3.3541019662496847,1.8674699315012036,0,0
pg4_8,4,97,0.48736954191878507,0.5,2.0615528128088303,1.5811388300841898,0,0
pg4_8,5,97,0.6382783827881753,0.5,1.8027756377319946,1.5811388300841898,0,0
pg4_8,6,97,0.42471471912297926,0.25,3.0413812651491097,1.4142135623730951,0,0
pg4_8,7,97,0.9991223489273583,1.0,14.142135623730951,2.23606797749979,1,0
pg4_8,8,97,1.0582178064760193,0.6035533905932737,4.743416490252569,3.0413812651491097,0,0
pg4_8,9,97,1.0856290272369156,0.7071067811865476,3.1622776601683795,3.0413812651491097,0,0
pg4_9,0,97,0.07455056509887896,0.0,4.242640687119285,0.125,0,0
pg4_9,1,97,0.053773725626753956,0.0,3.1622776601683795,0.125,0,0
pg4_9,2,97,0.34272361195486506,0.0,3.605551275463989,1.5,0,0
pg4_9,3,97,0.33077021841910365,0.5,2.0615528128088303,0.7803300858899107,0,0
pg4_9,4,97,0.3527820407245517,0.0,4.527692569068709,1.0,0,0
pg4_9,5,97,0.4440317031474928,0.0,3.0,1.5811388300841898,0,0
pg4_9,6,97,0.7342514652438071,0.5,3.640054944640259,1.8824118141889066,0,0
pg4_9,7,97,0.3523669345743068,0.0,3.0413812651491097,1.192078882155695,0,0
pg4_9,8,97,0.2402551573150623,0.0,1.118033988749895,1.0,0,0
pg4_9,9,97,0.8048676929510542,0.5,4.123105625617661,2.5495097567963922,0,0
pg5_1,0,97,0.07291666666666667,0.0,6.0,0.0,0,0
pg5_1,1,97,0.5745685157130639,0.5,7.0710678118654755,2.0764946954965335,0,0
pg5_1,2,97,0.4184995639126021,0.0,7.5,1.5811388300841898,0,0
pg5_1,3,97,0.21691436997086955,0.0,6.5,0.7071067811865476,0,0
pg5_1,4,97,0.3545482401796412,0.0,7.0,0.7803300858899107,0,0
pg5_1,5,97,0.3191204470219943,0.0,7.0710678118654755,1.0,0,0
pg5_1,6,97,0.3875911435237985,0.0,6.576473218982953,1.192078882155695,0,0
pg5_1,7,97,1.0217566846431894,1.0,7.648529270389178,2.1213203435596424,0,0
pg5_1,8,97,0.5733525909395625,0.5,3.5355339059327378,1.5811388300841898,0,0
pg5_1,9,97,0.9386718508518315,0.5,9.340770846134703,2.0615528128088303,0,0
pg5_10,0,97,0.1375740289706932,0.0,5.0,0.5,0,0
pg5_10,1,97,0.10018785404947807,0.0,5.0,0.5,0,0
pg5_10,2,97,0.3868538441055365,0.0,5.408326913195984,1.5756939094329987,0,0
pg5_10,3,97,0.6065467813523999,0.5,3.5355339059327378,1.4142135623730951,0,0
pg5_10,4,97,0.7192933634049711,0.6035533905932737,3.0,1.5811388300841898,0,0
pg5_10,5,97,0.7486356369957804,0.5,3.605551275463989,2.0,0,0
pg5_10,6,97,0.3363831869728015,0.0,4.716990566028302,1.0,0,0
pg5_10,7,97,0.48098390701534166,0.5,5.1478150704935,1.118033988749895,0,0
pg5_10,8,97,0.952521189065656,0.5,6.324555320336759,2.0615528128088303,0,0
pg5_10,9,97,0.30666135310434695,0.0,7.106335201775948,1.0,0,0
pg5_11,0,97,0.21667432556633046,0.0,6.800735254367722,0.5,0,0
pg5_11,1,97,0.561793527762287,0.5,5.830951894845301,1.5811388300841898,0,0
pg5_11,2,97,0.4733929456071095,0.5,5.830951894845301,1.8027756377319946,0,0
pg5_11,3,97,0.37215890780464894,0.0,4.031128874149275,2.10518160398157,0,0
pg5_11,4,97,0.34731689439061947,0.0,4.6097722286464435,0.7071067811865476,0,0
pg5_11,5,97,0.3295479713400995,0.0,4.924428900898052,1.5756939094329987,0,0
pg5_11,6,97,0.04913531839612814,0.0,4.716990566028302,0.0,0,0
pg5_11,7,97,0.0429490169335173,0.0,4.123105625617661,0.0,0,0
pg5_11,8,97,0.35012091804360024,0.0,7.5,1.2892194009954199,0,0
pg5_11,9,97,0.10603377850193883,0.0,4.47213595499958,0.5,0,0
pg5_12,0,97,0.11863568107308482,0.0,3.8078865529319543,0.5,0,0
pg5_12,1,97,0.1569560568443305,0.0,3.5355339059327378,0.5517766952966369,0,0
pg5_12,2,97,0.49393599745421346,0.0,3.1622776601683795,2.7483057895311016,0,0
pg5_12,3,97,0.0618254249618112,0.0,2.23606797749979,0.125,0,0
pg5_12,4,97,0.015625,0.0,1.5,0.0,0,0
pg5_12,5,97,0.042307841800091985,0.0,2.0615528128088303,0.125,0,0
pg5_12,6,97,0.3390476506879893,0.0,4.272001872658765,1.4142135623730951,0,0
pg5_12,7,97,0.10322464536281646,0.0,2.8284271247461903,0.5,0,0
pg5_12,8,97,0.11601873777694771,0.0,3.605551275463989,0.5,0,0
pg5_12,9,97,0.11399140373631601,0.0,2.23606797749979,0.5,0,0
pg5_2,0,97,0.4794293472797637,0.0,3.5355339059327378,2.5495097567963922,0,0
pg5_2,1,97,1.1283602096235619,1.3090169943749475,5.024937810560445,2.5123774391990983,0,0
pg5_2,2,97,0.678531531416002,0.5,2.692582403567252,1.5811388300841898,0,0
pg5_2,3,97,0.8117051275097058,0.7071067811865476,3.0413812651491097,2.0153882032022077,0,0
pg5_2,4,97,0.9934469025884347,0.5,6.020797289396148,2.5495097567963922,0,0
pg5_2,5,97,1.321895309336263,1.5,4.716990566028302,2.692582403567252,0,0
pg5_2,6,97,0.4502812004469843,0.5,4.0,1.118033988749895,0,0
pg5_2,7,97,0.4608818340019893,0.5,3.5355339059327378,1.118033988749895,0,0
pg5_2,8,97,0.8344479754879024,0.5,4.0,2.1213203435596424,0,0
pg5_2,9,97,1.1316224107167772,0.5,9.17877987534291,2.585277918489107,0,0
pg5_3,0,97,0.026041666666666668,0.0,2.5,0.0,0,0
pg5_3,1,97,0.22954824017964126,0.0,4.47213595499958,0.7803300858899107,0,0
pg5_3,2,97,0.9029799609982506,0.5,4.0,2.9154759474226504,0,0
pg5_3,3,97,0.5770157697151851,0.5,3.1622776601683795,2.0,0,0
pg5_3,4,97,0.1831608596621448,0.0,5.852349955359813,0.5517766952966369,0,0
pg5_3,5,97,0.2730705900220715,0.0,2.5,0.7071067811865476,0,0
pg5_3,6,97,0.42880524925008284,0.0,11.543396380615196,1.4142135623730951,1,0
pg5_3,7,97,0.3248380645111735,0.0,1.5811388300841898,1.0,0,0
pg5_3,8,97,0.37813417527556076,0.5,4.301162633521313,1.0,0,0
pg5_3,9,97,0.5449367818719912,0.5,3.8078865529319543,1.5,0,0
pg5_5,0,97,0.12317245125350791,0.0,6.324555320336759,0.5,0,0
pg5_5,1,97,0.7782534923355463,0.5,5.70087712549569,1.8674699315012036,0,0
pg5_5,2,97,0.1781937678937314,0.0,7.0710678118654755,0.5517766952966369,0,0
pg5_5,3,97,0.1748494422947302,0.0,4.743416490252569,0.7071067811865476,0,0
pg5_5,4,97,0.20420120169779654,0.0,7.0710678118654755,0.5517766952966369,0,0
pg5_5,5,97,0.27801147708974344,0.0,7.5,1.0,0,0
pg5_5,6,97,0.47125668784892755,0.5,4.123105625617661,1.118033988749895,0,0
pg5_5,7,97,1.2895970450520988,1.5811388300841898,5.0990195135927845,2.23606797749979,0,0
pg5_5,8,97,1.0801433185182572,0.7071067811865476,4.527692569068709,2.7483057895311016,0,0
pg5_5,9,97,0.8048750177446536,0.5,5.220153254455275,2.23606797749979,0,0
pg5_6,0,97,0.5946937946262184,0.5,4.47213595499958,2.0,0,0
pg5_6,1,97,0.3527741725733469,0.0,3.3541019662496847,1.118033988749895,0,0
pg5_6,2,97,0.09375,0.0,3.0,0.5,0,0
pg5_6,3,97,1.0843771153552746,0.7071067811865476,4.123105625617661,2.5,0,0
pg5_6,4,97,0.40340278643585076,0.25,5.385164807134504,1.0,0,0
pg5_6,5,97,0.7302911273295569,0.5,4.0,1.5811388300841898,0,0
pg5_6,6,97,0.5450321465578366,0.5,2.23606797749979,1.5202847075210475,0,0
pg5_6,7,97,1.0147338184582646,1.0,12.041594578792296,1.8027756377319946,1,0
pg5_6,8,97,0.44144978646613997,0.0,4.47213595499958,1.5202847075210475,0,0
pg5_6,9,97,0.9048852016612737,0.7071067811865476,4.0,2.1500072520446794,0,0
pg5_7,0,97,0.7613671405709003,0.6035533905932737,4.5,2.0,0,0
pg5_7,1,97,1.0424810355021956,1.118033988749895,7.905694150420948,1.8520817282989959,0,0
pg5_7,2,97,0.4576945404557626,0.0,2.9154759474226504,1.5811388300841898,0,0
pg5_7,3,97,0.6995519141427856,0.5,3.2015621187164243,2.0764946954965335,0,0
pg5_7,4,97,0.01685452071614474,0.0,1.118033988749895,0.0,0,0
pg5_7,5,97,0.5647099395086492,0.0,2.5495097567963922,2.0615528128088303,0,0
pg5_7,6,97,0.6189612648296,0.5,2.0,1.5,0,0
pg5_7,7,97,0.6803249622307698,0.5,3.0413812651491097,1.5811388300841898,0,0
pg5_7,8,97,0.4044230475739183,0.5,1.5811388300841898,1.118033988749895,0,0
pg5_7,9,97,0.3661677677018373,0.0,2.5495097567963922,1.192078882155695,0,0
pg5_8,0,97,0.005208333333333333,0.0,0.5,0.0,0,0
pg5_8,1,97,0.3122525401936413,0.0,8.631338250816034,1.192078882155695,0,0
pg5_8,2,97,0.5951593626322013,0.5,4.0,1.118033988749895,0,0
pg5_8,3,97,0.2912119117959857,0.0,1.8027756377319946,1.0,0,0
pg5_8,4,97,0.10705676294425936,0.0,3.0413812651491097,0.5,0,0
pg5_8,5,97,0.20828295617871992,0.0,4.949747468305833,0.7071067811865476,0,0
pg5_8,6,97,0.3287044149552179,0.0,3.0413812651491097,1.0,0,0
pg5_8,7,97,0.2701261448707974,0.0,2.0615528128088303,1.192078882155695,0,0
pg5_8,8,97,0.17440250715749253,0.0,1.5,0.7071067811865476,0,0
pg5_8,9,97,0.3905209265180598,0.5,2.0615528128088303,1.0295084971874737,0,0
pg6_1,0,97,0.06770833333333333,0.0,5.0,0.0,0,0
pg6_1,1,97,0.944028909941121,0.8535533905932737,7.211102550927978,1.8027756377319946,0,0
pg6_1,2,97,0.8316021459469286,0.5,4.743416490252569,2.23606797749979,0,0
pg6_1,3,97,1.206904822380798,0.8535533905932737,6.082762530298219,3.0,0,0
pg6_1,4,97,0.9971913072307137,0.7071067811865476,7.905694150420948,2.0615528128088303,0,0
pg6_1,5,97,0.5924665645923657,0.5,2.5,1.5,0,0
pg6_1,6,97,0.8647428262591607,0.5,4.47213595499958,2.0615528128088303,0,0
pg6_1,7,97,1.322879604318014,0.8090169943749475,6.020797289396148,4.47213595499958,0,0
pg6_1,8,97,1.4873697589558574,1.118033988749895,4.031128874149275,3.3905764746872635,0,0
pg6_1,9,97,0.7240981317716338,0.5,5.5901699437494745,1.636548031996141,0,0
pg6_10,0,97,0.755500110581595,0.5,2.5495097567963922,2.1213203435596424,0,0
pg6_10,1,97,0.4249013030183601,0.5,2.5495097567963922,1.118033988749895,0,0
pg6_10,2,97,0.4382553023807385,0.5,2.5,1.5,0,0
pg6_10,3,97,0.8099935905945985,0.7071067811865476,3.640054944640259,2.0615528128088303,0,0
pg6_10,4,97,0.617782717588479,0.5,1.5,1.118033988749895,0,0
pg6_10,5,97,0.4515846337321702,0.5,3.3541019662496847,1.4142135623730951,0,0
pg6_10,6,97,0.47757347084813095,0.5,2.1213203435596424,1.118033988749895,0,0
pg6_10,7,97,0.226229822884673,0.0,1.4142135623730951,1.0295084971874737,0,0
pg6_10,8,97,0.3912781719091874,0.0,1.8027756377319946,1.4142135623730951,0,0
pg6_10,9,97,0.3726523347585638,0.5,1.5811388300841898,1.118033988749895,0,0
pg6_11,0,97,0.5589794479537072,0.0,5.522680508593631,1.5202847075210475,0,0
pg6_11,1,97,0.14836084049082587,0.0,2.0,0.7071067811865476,0,0
pg6_11,2,97,0.24597105350412818,0.0,3.605551275463989,1.118033988749895,0,0
pg6_11,3,97,0.6878103556376426,0.0,4.47213595499958,2.8284271247461903,0,0
pg6_11,4,97,0.15311638352952173,0.0,4.0,0.5,0,0
pg6_11,5,97,0.051793082864578954,0.0,4.47213595499958,0.0,0,0
pg6_11,6,97,1.0703576198783444,0.7071067811865476,2.9154759474226504,2.692582403567252,0,0
pg6_11,7,97,0.12057059906657042,0.0,4.272001872658765,0.5,0,0
pg6_11,8,97,0.17655986946151905,0.0,2.8284271247461903,0.7071067811865476,0,0
pg6_11,9,97,0.5766197798488143,0.5,2.8284271247461903,1.5,0,0
pg6_12,0,97,0.7681656017326772,0.5,2.5,2.0,0,0
pg6_12,1,97,0.813646958012218,0.7071067811865476,3.1622776601683795,2.0153882032022077,0,0
pg6_12,2,97,0.48210502129130184,0.5,4.949747468305833,1.118033988749895,0,0
pg6_12,3,97,0.8497735417028368,1.0,2.0615528128088303,1.5811388300841898,0,0
pg6_12,4,97,0.6880830915144364,0.5,12.349089035228468,2.0153882032022077,1,0
pg6_12,5,97,0.7541895128386958,0.7071067811865476,4.0,2.0,0,0
pg6_12,6,97,0.07291666666666667,0.0,3.0,0.5,0,0
pg6_12,7,97,0.8334750789159194,0.7071067811865476,3.3541019662496847,2.5,0,0
pg6_12,8,97,0.766134741364211,0.5,3.640054944640259,2.3020509831248424,0,0
pg6_12,9,97,1.1289757417139334,1.0,3.640054944640259,2.5495097567963922,0,0
pg6_2,0,97,0.052083333333333336,0.0,5.0,0.0,0,0
pg6_2,1,97,0.35590350696261375,0.0,7.0,0.7071067811865476,0,0
pg6_2,2,97,0.642657747980289,0.5,6.18465843842649,2.692582403567252,0,0
pg6_2,3,97,0.581225825702791,0.5,5.385164807134504,1.5811388300841898,0,0
pg6_2,4,97,0.5381009093685943,0.5,3.0,1.5,0,0
pg6_2,5,97,0.7237584893623673,0.5,2.0,1.8027756377319946,0,0
pg6_2,6,97,0.4959064966335464,0.5,3.605551275463989,1.4142135623730951,0,0
pg6_2,7,97,0.8343687183561895,0.7071067811865476,4.123105625617661,1.8027756377319946,0,0
pg6_2,8,97,0.1480936375010947,0.0,3.0,0.5,0,0
pg6_2,9,97,0.5596041756021778,0.5,5.0990195135927845,1.5,0,0
pg6_3,0,97,0.07926846071506712,0.0,4.6097722286464435,0.5,0,0
pg6_3,1,97,0.06669921080659218,0.0,6.4031242374328485,0.0,0,0
pg6_3,2,97,0.37873444307943993,0.0,6.082762530298219,1.5811388300841898,0,0
pg6_3,3,97,1.2872406608330929,1.0590169943749475,14.317821063276353,2.702701732639389,1,0
pg6_3,4,97,0.3088445847318765,0.0,3.0413812651491097,1.118033988749895,0,0
pg6_3,5,97,0.23611056633282668,0.0,5.220153254455275,0.7071067811865476,0,0
pg6_3,6,97,0.2299791332872988,0.0,4.924428900898052,0.7071067811865476,0,0
pg6_3,7,97,1.4861576574037212,1.540569415042095,10.51189802081432,3.379490463663603,1,0
pg6_3,8,97,0.8322965964502451,0.7071067811865476,4.6097722286464435,2.0615528128088303,0,0
pg6_3,9,97,0.25709646316407647,0.0,4.527692569068709,1.0,0,0
pg6_4,0,97,0.07411910098315137,0.0,5.408326913195984,0.0,0,0
pg6_4,1,97,0.6775658787528173,0.0,8.06225774829855,2.0,0,0
pg6_4,2,97,0.8263758020632563,0.7071067811865476,8.276472678623424,1.6858541225631423,0,0
pg6_4,3,97,0.4995173868504316,0.5,5.830951894845301,1.4356601717798214,0,0
pg6_4,4,97,1.2240005130249965,1.4142135623730951,6.519202405202649,2.5495097567963922,0,0
pg6_4,5,97,0.3218133931703991,0.0,5.830951894845301,0.7071067811865476,0,0
pg6_4,6,97,0.15862400073523641,0.0,6.020797289396148,0.5,0,0
pg6_4,7,97,0.511803338218577,0.5,6.363961030678928,1.4559448793008687,0,0
pg6_4,8,97,0.5145520620904798,0.5,7.211102550927978,1.5,0,0
pg6_4,9,97,1.0174511296829845,0.5,6.324555320336759,3.0716053639039274,0,0
pg6_5,0,97,0.03755782578608322,0.0,3.605551275463989,0.0,0,0
pg6_5,1,97,0.010416666666666666,0.0,1.0,0.0,0,0
pg6_5,2,97,1.0535939150488673,1.0,4.716990566028302,2.5,0,0
pg6_5,3,97,1.3705780336658178,1.540569415042095,3.5,2.8284271247461903,0,0
pg6_5,4,97,0.7949637206715527,0.8535533905932737,2.23606797749979,1.5811388300841898,0,0
pg6_5,5,97,1.0469964925336515,1.118033988749895,4.5,2.0615528128088303,0,0
pg6_5,6,97,0.6192741293414413,0.5,3.0,1.5,0,0
pg6_5,7,97,0.42576645154351384,0.5,3.0,1.192078882155695,0,0
pg6_5,8,97,0.9081183535879166,0.5,3.3541019662496847,2.23606797749979,0,0
pg6_5,9,97,0.26916806358390566,0.0,4.5,1.0,0,0
pg6_5,10,97,1.2796789623208715,1.266123775561495,6.670832032063167,2.9154759474226504,0,0
pg6_6,0,97,0.046875,0.0,3.0,0.0,0,0
pg6_6,1,97,0.8792471127857663,0.5,6.264982043070834,2.5,0,0
pg6_6,2,97,1.1597241594317906,0.7071067811865476,5.408326913195984,2.5495097567963922,0,0
pg6_6,3,97,1.0009594741743442,1.118033988749895,3.5,2.1500072520446794,0,0
pg6_6,4,97,0.9639964242650945,1.5,2.5,2.0615528128088303,0,0
pg6_6,5,97,0.6370879586197092,0.5,2.0,1.8027756377319946,0,0
pg6_6,6,97,1.0299707959509112,0.7071067811865476,2.5495097567963922,2.5,0,0
pg6_6,7,97,0.8547643192355304,0.7071067811865476,2.5,1.8027756377319946,0,0
pg6_6,8,97,1.1570399353197272,1.4142135623730951,2.23606797749979,2.1500072520446794,0,0
pg6_6,9,97,1.0472206786844356,1.0,3.1622776601683795,2.692582403567252,0,0
pg6_7,0,97,0.050563562148434216,0.0,3.3541019662496847,0.0,0,0
pg6_7,1,97,0.12470974953124563,0.0,3.3541019662496847,0.5,0,0
pg6_7,2,97,0.3842699018806197,0.5,3.8078865529319543,0.7071067811865476,0,0
pg6_7,3,97,0.2394300143149851,0.0,2.5,0.7071067811865476,0,0
pg6_7,4,97,0.9700879280719622,0.5,3.2015621187164243,2.7265435838619867,0,0
pg6_7,5,97,1.2236696897626833,1.5,3.605551275463989,2.0615528128088303,0,0
pg6_7,6,97,0.8368939315622814,0.8535533905932737,2.5495097567963922,2.0153882032022077,0,0
pg6_7,7,97,0.7186772338371824,0.0,4.0,2.0615528128088303,0,0
pg6_7,8,97,1.0191949616060862,1.118033988749895,3.2015621187164243,2.23606797749979,0,0
pg6_7,9,97,0.1269013446978737,0.0,3.3541019662496847,0.5,0,0
pg6_8,0,97,0.044194173824159216,0.0,4.242640687119285,0.0,0,0
pg6_8,1,97,0.19514116627811995,0.0,3.905124837953327,0.7071067811865476,0,0
pg6_8,2,97,0.23093798310114552,0.0,3.605551275463989,0.7803300858899107,0,0
pg6_8,3,97,0.32537986022950766,0.0,3.605551275463989,1.0295084971874737,0,0
pg6_8,4,97,0.31391211368866095,0.0,2.5,0.7803300858899107,0,0
pg6_8,5,97,0.5538891337494908,0.5,3.905124837953327,1.8027756377319946,0,0
pg6_8,6,97,1.2642072765270889,1.118033988749895,4.242640687119285,3.1622776601683795,0,0
pg6_8,7,97,0.35673983534626935,0.25,4.47213595499958,1.0,0,0
pg6_8,8,97,0.13259673404937936,0.0,5.315072906367325,0.5,0,0
pg6_8,9,97,0.13312100958838471,0.0,4.031128874149275,0.5,0,0
pg6_9,0,97,0.21053994117376787,0.0,2.0615528128088303,1.0,0,0
pg6_9,1,97,0.6571305788309894,0.5,3.3541019662496847,2.23606797749979,0,0
pg6_9,2,97,0.7997404258157635,0.7071067811865476,2.5495097567963922,1.8027756377319946,0,0
pg6_9,3,97,0.7679011734543666,0.5,2.8284271247461903,2.5,0,0
pg6_9,4,97,0.7015293146741995,0.7071067811865476,1.8027756377319946,1.5811388300841898,0,0
pg6_9,5,97,1.4972298219721882,1.118033988749895,4.031128874149275,3.6561350948309803,0,0
pg6_9,6,97,0.7181842062742905,0.0,4.5,3.037132317597294,0,0
pg6_9,7,97,1.6268208775697925,1.5,10.307764064044152,3.561664165609618,1,0
pg6_9,8,97,0.9059817170152495,0.6035533905932737,3.2015621187164243,2.23606797749979,0,0
pg6_9,9,97,0.7836525320255632,0.6035533905932737,2.0615528128088303,2.0,0,0
pg7_1,0,97,0.05577189548176755,0.0,3.3541019662496847,0.125,0,0
pg7_1,1,97,0.06948783366732465,0.0,6.670832032063167,0.0,0,0
pg7_1,2,97,0.0429490169335173,0.0,4.123105625617661,0.0,0,0
pg7_1,3,97,1.1571115263314733,1.0590169943749475,7.0710678118654755,2.1213203435596424,0,0
pg7_1,4,97,0.6312676573746258,0.5,5.0,1.4142135623730951,0,0
pg7_1,5,97,0.643672288224587,0.5,8.514693182963201,1.4142135623730951,0,0
pg7_1,6,97,0.3676635783168081,0.5,4.242640687119285,0.7803300858899107,0,0
pg7_1,7,97,0.3911922594989039,0.0,4.123105625617661,1.5811388300841898,0,0
pg7_1,8,97,0.29848609422911937,0.0,3.3541019662496847,0.8098385830773844,0,0
pg7_1,9,97,0.9530748258293086,0.7071067811865476,2.692582403567252,2.0615528128088303,0,0
pg7_10,0,97,0.8278346034164487,0.7071067811865476,4.272001872658765,2.0,0,0
pg7_10,1,97,1.2044914024678668,0.7071067811865476,6.363961030678928,3.3541019662496847,0,0
pg7_10,2,97,0.7115262311982168,0.5,2.5495097567963922,2.0615528128088303,0,0
pg7_10,3,97,0.13143785404947808,0.0,2.5,0.625,0,0
pg7_10,4,97,0.3650144499494141,0.0,4.0,1.0295084971874737,0,0
pg7_10,5,97,0.13362944921610614,0.0,1.0,0.7071067811865476,0,0
pg7_10,6,97,0.03125,0.0,1.5,0.0,0,0
pg7_10,7,97,0.01877891289304161,0.0,1.8027756377319946,0.0,0,0
pg7_10,8,97,0.8048316672045646,0.7071067811865476,5.220153254455275,2.0153882032022077,0,0
pg7_10,9,97,1.049949028213117,0.7071067811865476,4.031128874149275,3.0413812651491097,0,0
pg7_11,0,97,0.11830612834436909,0.0,1.118033988749895,0.7071067811865476,0,0
pg7_11,1,97,0.30843657736559643,0.0,2.8284271247461903,1.0,0,0
pg7_11,2,97,0.078125,0.0,1.0,0.5,0,0
pg7_11,3,97,0.7269473949566049,0.5,6.670832032063167,1.118033988749895,0,0
pg7_11,4,97,1.1275913331987442,0.5,6.103277807866851,3.3541019662496847,0,0
pg7_11,5,97,0.9239356835289799,1.0,5.5901699437494745,2.5,0,0
pg7_11,6,97,0.42015993969563264,0.5,2.8284271247461903,1.118033988749895,0,0
pg7_11,7,97,0.5537109543812512,0.5,3.640054944640259,1.8027756377319946,0,0
pg7_11,8,97,1.0871434028151852,0.7071067811865476,3.905124837953327,3.5530382483155507,0,0
pg7_11,9,97,0.3792783892130032,0.0,2.692582403567252,1.4142135623730951,0,0
pg7_12,0,97,0.4982616252878582,0.5,4.0,1.5811388300841898,0,0
pg7_12,1,97,0.0429490169335173,0.0,4.123105625617661,0.0,0,0
pg7_12,2,97,0.04856539229342063,0.0,3.1622776601683795,0.0,0,0
pg7_12,3,97,0.23276281978858984,0.0,3.0413812651491097,1.0,0,0
pg7_12,4,97,0.1841747612511042,0.0,5.852349955359813,0.7803300858899107,0,0
pg7_12,5,97,0.7608337572877554,0.5,2.5495097567963922,2.10518160398157,0,0
pg7_12,6,97,0.8549675254152671,0.8535533905932737,3.5355339059327378,1.8520817282989959,0,0
pg7_12,7,97,1.2679818129964424,0.5,38.56488039654732,2.810006217717534,1,1
pg7_12,8,97,0.7576094665372488,0.7071067811865476,2.5495097567963922,1.8520817282989959,0,0
pg7_12,9,97,0.4467466885282331,0.5,4.123105625617661,1.118033988749895,0,0
pg7_2,0,97,0.2034125582543983,0.0,2.692582403567252,1.0295084971874737,0,0
pg7_2,1,97,0.09895833333333333,0.0,3.5,0.5,0,0
pg7_2,2,97,0.056095466740984416,0.0,5.385164807134504,0.0,0,0
pg7_2,3,97,0.3201531950496544,0.0,3.0,1.0,0,0
pg7_2,4,97,0.5332914175727806,0.5,4.031128874149275,1.2338101990834687,0,0
pg7_2,5,97,1.1122789161842381,0.5,7.5,2.9154759474226504,0,0
pg7_2,6,97,1.2603043971510048,1.0590169943749475,3.1622776601683795,3.1622776601683795,0,0
pg7_2,7,97,0.9190369757894244,0.7071067811865476,3.1622776601683795,2.0615528128088303,0,0
pg7_2,8,97,0.6911396332283379,0.5,5.024937810560445,2.5,0,0
pg7_2,9,97,1.1084399154312243,1.118033988749895,3.605551275463989,3.0103453162872773,0,0
pg7_3,0,97,0.03682847818679935,0.0,3.5355339059327378,0.0,0,0
pg7_3,1,97,0.09648339088496218,0.0,5.656854249492381,0.0,0,0
pg7_3,2,97,0.23694816867960264,0.0,1.118033988749895,1.0295084971874737,0,0
pg7_3,3,97,0.5471365990149527,0.5,4.0,1.5113540812128199,0,0
pg7_3,4,97,0.48289559261266407,0.5,4.716990566028302,1.5,0,0
pg7_3,5,97,0.5000050307243041,0.5,3.1622776601683795,1.4142135623730951,0,0
pg7_3,6,97,0.40218270911481974,0.0,4.272001872658765,1.118033988749895,0,0
pg7_3,7,97,0.7986286150039829,0.5,5.385164807134504,2.23606797749979,0,0
pg7_3,8,97,0.8873795182478915,0.6035533905932737,7.433034373659253,2.23606797749979,0,0
pg7_3,9,97,0.3943086032400007,0.5,3.0,1.118033988749895,0,0
pg7_4,0,97,0.09290514789740957,0.0,3.1622776601683795,0.5,0,0
pg7_4,1,97,0.07007504727739632,0.0,4.924428900898052,0.0,0,0
pg7_4,2,97,1.1495648451755929,1.0,7.5,2.986997490246094,0,0
pg7_4,3,97,0.744204180603489,0.0,7.762087348130012,2.215990257669732,0,0
pg7_4,4,97,1.1747561321217097,0.7071067811865476,3.5355339059327378,3.0716053639039274,0,0
pg7_4,5,97,1.0514224613666106,1.118033988749895,6.726812023536855,2.0615528128088303,0,0
pg7_4,6,97,0.3492316530296595,0.0,5.0,1.0,0,0
pg7_4,7,97,0.5396771747520468,0.5,5.220153254455275,1.2892194009954199,0,0
pg7_4,8,97,0.5637470314219583,0.0,8.5,2.0615528128088303,0,0
pg7_4,9,97,0.5645136554777127,0.5,5.830951894845301,1.5202847075210475,0,0
pg7_5,0,97,0.3955269385725671,0.5,2.8284271247461903,1.0295084971874737,0,0
pg7_5,1,97,0.17384481042307678,0.0,2.1213203435596424,0.7071067811865476,0,0
pg7_5,2,97,0.06834950846675865,0.0,2.0615528128088303,0.5,0,0
pg7_5,3,97,0.24984692425758195,0.0,2.23606797749979,0.7071067811865476,0,0
pg7_5,4,97,0.3074400267765814,0.0,1.4142135623730951,1.0,0,0
pg7_5,5,97,0.6177735998968293,0.0,2.5495097567963922,1.8027756377319946,0,0
pg7_5,6,97,0.9094859375612693,1.0,2.23606797749979,2.0615528128088303,0,0
pg7_5,7,97,0.4607189501319862,0.5,3.5355339059327378,1.0295084971874737,0,0
pg7_5,8,97,1.112407352067,1.118033988749895,5.0990195135927845,2.5123774391990983,0,0
pg7_5,9,97,0.6026758628688772,0.5,2.0615528128088303,2.0,0,0
pg7_6,0,97,0.3848167917444834,0.0,5.408326913195984,1.0295084971874737,0,0
pg7_6,1,97,1.067639611039126,1.118033988749895,2.8284271247461903,2.3020509831248424,0,0
pg7_6,2,97,0.5148343978891411,0.0,2.0615528128088303,1.5811388300841898,0,0
pg7_6,3,97,0.8047613497758878,1.0,1.8027756377319946,1.8027756377319946,0,0
pg7_6,4,97,1.3883566373526646,1.5811388300841898,5.024937810560445,2.5495097567963922,0,0
pg7_6,5,97,0.07376186281337697,0.0,1.5811388300841898,0.5,0,0
pg7_6,6,97,0.7535278082984478,0.5,5.385164807134504,2.5,0,0
pg7_6,7,97,0.38327875739724737,0.0,3.905124837953327,1.118033988749895,0,0
pg7_6,8,97,1.1782041579153366,1.5,2.8284271247461903,2.5,0,0
pg7_6,9,97,0.8503769115941252,1.0,2.0615528128088303,1.5811388300841898,0,0
pg7_7,0,97,0.02329237476562281,0.0,2.23606797749979,0.0,0,0
pg7_7,1,97,0.05577189548176755,0.0,3.3541019662496847,0.125,0,0
pg7_7,2,97,0.04067838372868049,0.0,3.905124837953327,0.0,0,0
pg7_7,3,97,0.06855352948004365,0.0,2.5,0.5,0,0
pg7_7,4,97,0.5577749620116679,0.5,2.9154759474226504,1.118033988749895,0,0
pg7_7,5,97,0.5101691422297362,0.5,2.692582403567252,1.118033988749895,0,0
pg7_7,6,97,0.19702305794138641,0.0,1.5,0.5,0,0
pg7_7,7,97,0.1438284976936615,0.0,4.272001872658765,0.5,0,0
pg7_7,8,97,0.6499335293657823,0.5,3.905124837953327,1.5811388300841898,0,0
pg7_7,9,97,0.675847489248207,0.7071067811865476,3.0413812651491097,1.70124232576535,0,0
pg7_8,0,97,1.3126595565719896,0.5,14.916433890176299,5.261406142625082,1,0
pg7_8,1,97,0.1014173747656228,0.0,2.23606797749979,0.5,0,0
pg7_8,2,97,0.5644681356003852,0.25,3.5355339059327378,2.0764946954965335,0,0
pg7_8,3,97,1.3137699258205793,1.118033988749895,11.543396380615196,3.0716053639039274,1,0
pg7_8,4,97,1.3148590827791409,1.118033988749895,7.566372975210778,2.6724776338845717,0,0
pg7_8,5,97,0.5829228441582365,0.5,3.8078865529319543,1.4559448793008687,0,0
pg7_8,6,97,1.1331783713569017,0.8535533905932737,12.010412149464313,3.0251324521294087,1,0
pg7_8,7,97,1.3169966304377725,1.266123775561495,12.589678312014172,2.692582403567252,1,0
pg7_8,8,97,0.0585740169335173,0.0,4.123105625617661,0.0,0,0
pg7_8,9,97,0.07084544409918035,0.0,4.301162633521313,0.5,0,0
pg7_9,0,97,0.2664968490359232,0.0,6.519202405202649,1.0,0,0
pg7_9,1,97,0.3338034257181441,0.5,2.23606797749979,0.7071067811865476,0,0
pg7_9,2,97,0.30418454582027143,0.25,2.5495097567963922,0.7071067811865476,0,0
pg7_9,3,97,0.16361569563735986,0.0,1.5,0.5,0,0
pg7_9,4,97,0.7390551192367457,0.5,6.5,4.15244305716161,0,0
pg7_9,5,97,0.4516005131825976,0.5,1.8027756377319946,1.118033988749895,0,0
pg7_9,6,97,0.3646677768733486,0.0,4.031128874149275,1.5760483749820289,0,0
pg7_9,7,97,0.4757873465913352,0.5,6.946221994724902,1.118033988749895,0,0
pg7_9,8,97,0.14468729101619815,0.0,2.5,0.7071067811865476,0,0
pg7_9,9,97,0.3335309389796561,0.25,2.0615528128088303,1.118033988749895,0,0
pg8_1,0,97,0.7300891724674674,0.7071067811865476,3.3541019662496847,1.8027756377319946,0,0
pg8_1,1,97,0.12749327429489102,0.0,1.118033988749895,0.5,0,0
pg8_1,2,97,0.5635877058383513,0.5,5.1478150704935,2.3144284223239406,0,0
pg8_1,3,97,0.5983961642423444,0.5,2.23606797749979,1.5756939094329987,0,0
pg8_1,4,97,0.42597936852401036,0.5,2.0,1.118033988749895,0,0
pg8_1,5,97,0.11279611588277282,0.0,0.7071067811865476,0.5,0,0
pg8_1,6,97,0.052083333333333336,0.0,0.5,0.5,0,0
pg8_1,7,97,0.779705943919487,0.5,5.220153254455275,1.5811388300841898,0,0
pg8_1,8,97,1.092250922725645,0.7071067811865476,6.670832032063167,2.5495097567963922,0,0
pg8_1,9,97,0.09906127519706814,0.0,1.8027756377319946,0.5,0,0
pg8_1,10,97,0.33086981954447076,0.0,1.8027756377319946,1.118033988749895,0,0
pg8_1,11,97,0.8615296131338065,0.7071067811865476,3.0413812651491097,2.0,0,0
