group,track_id,germination_target,final_label,germination_probability,non_germination_probability,predicted_target,predicted_label,confidence,error_type
pg1_8,8,1,GERMINATED,0.0013548226137548,0.9986451773862453,0,NON-GERMINATED,0.9986451773862453,FALSE_NEGATIVE
pg1_1,3,1,GERMINATED,0.0667961094731403,0.9332038905268596,0,NON-GERMINATED,0.9332038905268596,FALSE_NEGATIVE
pg3_2,3,1,GERMINATED,0.182186167880417,0.8178138321195829,0,NON-GERMINATED,0.8178138321195829,FALSE_NEGATIVE
pg3_8,3,1,GERMINATED,0.3297759409056536,0.6702240590943463,0,NON-GERMINATED,0.6702240590943463,FALSE_NEGATIVE
pg1_1,5,0,NON-GERMINATED,0.9273757322075412,0.0726242677924586,1,GERMINATED,0.9273757322075412,FALSE_POSITIVE
pg2_8,4,0,NON-GERMINATED,0.9979620139933486,0.0020379860066513,1,GERMINATED,0.9979620139933486,FALSE_POSITIVE
pg1_8,5,0,NON-GERMINATED,0.999933758890532,6.624110946795714e-05,1,GERMINATED,0.999933758890532,FALSE_POSITIVE
pg1_8,6,0,NON-GERMINATED,0.999997558555634,2.44144436611915e-06,1,GERMINATED,0.999997558555634,FALSE_POSITIVE
pg1_8,7,0,NON-GERMINATED,0.9999983683419862,1.631658013812043e-06,1,GERMINATED,0.9999983683419862,FALSE_POSITIVE
