group,track_id,transition_count
pg1_1,0,1
pg1_1,1,1
pg1_1,2,0
pg1_1,3,3
pg1_1,4,0
pg1_1,5,0
pg1_1,6,0
pg1_1,7,1
pg1_1,8,1
pg1_1,9,1
pg1_10,0,1
pg1_10,1,0
pg1_10,2,1
pg1_10,3,1
pg1_10,4,1
pg1_10,5,1
pg1_10,6,1
pg1_10,7,0
pg1_10,8,1
pg1_10,9,1
pg1_11,0,0
pg1_11,1,1
pg1_11,2,1
pg1_11,3,1
pg1_11,4,1
pg1_11,5,1
pg1_11,6,1
pg1_11,7,1
pg1_11,8,1
pg1_11,9,1
pg1_12,0,1
pg1_12,1,1
pg1_12,2,1
pg1_12,3,1
pg1_12,4,1
pg1_12,5,1
pg1_12,6,1
pg1_12,7,1
pg1_12,8,1
pg1_12,9,1
pg1_2,0,1
pg1_2,1,1
pg1_2,2,1
pg1_2,3,1
pg1_2,4,1
pg1_2,5,1
pg1_2,6,1
pg1_2,7,1
pg1_2,8,1
pg1_2,9,1
pg1_3,0,0
pg1_3,1,0
pg1_3,2,0
pg1_3,3,1
pg1_3,4,1
pg1_3,5,1
pg1_3,6,1
pg1_3,7,1
pg1_3,8,1
pg1_3,9,1
pg1_4,0,1
pg1_4,1,1
pg1_4,2,3
pg1_4,3,1
pg1_4,4,1
pg1_4,5,0
pg1_4,6,1
pg1_4,7,0
pg1_4,8,1
pg1_4,9,1
pg1_5,0,1
pg1_5,1,0
pg1_5,2,0
pg1_5,3,0
pg1_5,4,0
pg1_5,5,1
pg1_5,6,1
pg1_5,7,1
pg1_5,8,1
pg1_5,9,1
pg1_6,0,1
pg1_6,1,0
pg1_6,2,0
pg1_6,3,0
pg1_6,4,1
pg1_6,5,1
pg1_6,6,1
pg1_6,7,1
pg1_6,8,1
pg1_6,9,1
pg1_7,0,1
pg1_7,1,1
pg1_7,2,1
pg1_7,3,1
pg1_7,4,1
pg1_7,5,1
pg1_7,6,1
pg1_7,7,1
pg1_7,8,1
pg1_7,9,1
pg1_8,0,1
pg1_8,1,3
pg1_8,2,1
pg1_8,3,0
pg1_8,4,1
pg1_8,5,0
pg1_8,6,0
pg1_8,7,0
pg1_8,8,1
pg1_8,9,5
pg1_9,0,1
pg1_9,1,1
pg1_9,2,1
pg1_9,3,3
pg1_9,4,1
pg1_9,5,1
pg1_9,6,1
pg1_9,7,1
pg1_9,8,1
pg1_9,9,1
pg2_1,0,1
pg2_1,1,0
pg2_1,2,1
pg2_1,3,3
pg2_1,4,1
pg2_1,5,1
pg2_1,6,3
pg2_1,7,1
pg2_1,8,1
pg2_1,9,1
pg2_10,0,0
pg2_10,1,0
pg2_10,2,0
pg2_10,3,1
pg2_10,4,1
pg2_10,5,1
pg2_10,6,1
pg2_10,7,1
pg2_10,8,1
pg2_10,9,1
pg2_11,0,0
pg2_11,1,1
pg2_11,2,1
pg2_11,3,3
pg2_11,4,1
pg2_11,5,1
pg2_11,6,1
pg2_11,7,1
pg2_11,8,3
pg2_11,9,1
pg2_12,0,0
pg2_12,1,0
pg2_12,2,0
pg2_12,3,1
pg2_12,4,0
pg2_12,5,0
pg2_12,6,1
pg2_12,7,1
pg2_12,8,1
pg2_12,9,1
pg2_2,0,0
pg2_2,1,3
pg2_2,2,1
pg2_2,3,1
pg2_2,4,1
pg2_2,5,1
pg2_2,6,1
pg2_2,7,1
pg2_2,8,1
pg2_2,9,1
pg2_3,0,1
pg2_3,1,1
pg2_3,2,1
pg2_3,3,1
pg2_3,4,1
pg2_3,5,1
pg2_3,6,1
pg2_3,7,1
pg2_3,8,1
pg2_3,9,1
pg2_4,0,0
pg2_4,1,1
pg2_4,2,1
pg2_4,3,1
pg2_4,4,1
pg2_4,5,1
pg2_4,6,3
pg2_4,7,1
pg2_4,8,1
pg2_4,9,1
pg2_5,0,0
pg2_5,1,1
pg2_5,2,1
pg2_5,3,1
pg2_5,4,1
pg2_5,5,1
pg2_5,6,0
pg2_5,7,1
pg2_5,8,1
pg2_5,9,1
pg2_6,0,0
pg2_6,1,1
pg2_6,2,1
pg2_6,3,1
pg2_6,4,1
pg2_6,5,1
pg2_6,6,3
pg2_6,7,1
pg2_6,8,1
pg2_6,9,1
pg2_7,0,0
pg2_7,1,3
pg2_7,2,0
pg2_7,3,1
pg2_7,4,1
pg2_7,5,1
pg2_7,6,1
pg2_7,7,1
pg2_7,8,1
pg2_7,9,1
pg2_8,0,1
pg2_8,1,1
pg2_8,2,1
pg2_8,3,1
pg2_8,4,0
pg2_8,5,3
pg2_8,6,3
pg2_8,7,1
pg2_8,8,1
pg2_8,9,1
pg2_9,0,0
pg2_9,1,0
pg2_9,2,0
pg2_9,3,0
pg2_9,4,1
pg2_9,5,3
pg2_9,6,3
pg2_9,7,0
pg2_9,8,1
pg2_9,9,1
pg3_1,0,0
pg3_1,1,3
pg3_1,2,1
pg3_1,3,1
pg3_1,4,1
pg3_1,5,1
pg3_1,6,1
pg3_1,7,1
pg3_1,8,1
pg3_1,9,1
pg3_10,0,0
pg3_10,1,0
pg3_10,2,0
pg3_10,3,1
pg3_10,4,1
pg3_10,5,1
pg3_10,6,1
pg3_10,7,1
pg3_10,8,1
pg3_10,9,1
pg3_11,0,0
pg3_11,1,0
pg3_11,2,1
pg3_11,3,1
pg3_11,4,1
pg3_11,5,1
pg3_11,6,1
pg3_11,7,1
pg3_11,8,1
pg3_11,9,1
pg3_12,0,0
pg3_12,1,0
pg3_12,2,0
pg3_12,3,1
pg3_12,4,1
pg3_12,5,1
pg3_12,6,1
pg3_12,7,1
pg3_12,8,1
pg3_12,9,1
pg3_2,0,1
pg3_2,1,1
pg3_2,2,1
pg3_2,3,3
pg3_2,4,1
pg3_2,5,1
pg3_2,6,1
pg3_2,7,1
pg3_2,8,1
pg3_2,9,1
pg3_3,0,0
pg3_3,1,0
pg3_3,2,1
pg3_3,3,1
pg3_3,4,0
pg3_3,5,1
pg3_3,6,1
pg3_3,7,0
pg3_3,8,0
pg3_3,9,0
pg3_4,0,1
pg3_4,1,1
pg3_4,2,1
pg3_4,3,1
pg3_4,4,1
pg3_4,5,1
pg3_4,6,0
pg3_4,7,1
pg3_4,8,1
pg3_4,9,1
pg3_5,0,1
pg3_5,1,1
pg3_5,2,1
pg3_5,3,1
pg3_5,4,1
pg3_5,5,1
pg3_5,6,1
pg3_5,7,1
pg3_5,8,1
pg3_5,9,1
pg3_7,0,0
pg3_7,1,0
pg3_7,2,0
pg3_7,3,1
pg3_7,4,1
pg3_7,5,1
pg3_7,6,1
pg3_7,7,3
pg3_7,8,1
pg3_7,9,1
pg3_8,0,0
pg3_8,1,0
pg3_8,2,0
pg3_8,3,1
pg3_8,4,1
pg3_8,5,1
pg3_8,6,1
pg3_8,7,1
pg3_8,8,1
pg3_8,9,1
pg3_9,0,0
pg3_9,1,0
pg3_9,2,3
pg3_9,3,1
pg3_9,4,1
pg3_9,5,1
pg3_9,6,1
pg3_9,7,1
pg3_9,8,1
pg3_9,9,1
pg4_1,0,1
pg4_1,1,1
pg4_1,2,0
pg4_1,3,1
pg4_1,4,1
pg4_1,5,1
pg4_1,6,3
pg4_1,7,0
pg4_1,8,1
pg4_1,9,1
pg4_10,0,1
pg4_10,1,3
pg4_10,2,1
pg4_10,3,3
pg4_10,4,1
pg4_10,5,1
pg4_10,6,1
pg4_10,7,1
pg4_10,8,1
pg4_10,9,1
pg4_10,10,1
pg4_11,0,1
pg4_11,1,1
pg4_11,2,1
pg4_11,3,1
pg4_11,4,1
pg4_11,5,3
pg4_11,6,1
pg4_11,7,3
pg4_11,8,1
pg4_11,9,1
pg4_12,0,1
pg4_12,1,1
pg4_12,2,0
pg4_12,3,1
pg4_12,4,1
pg4_12,5,1
pg4_12,6,1
pg4_12,7,1
pg4_12,8,1
pg4_12,9,3
pg4_2,0,1
pg4_2,1,0
pg4_2,2,0
pg4_2,3,1
pg4_2,4,1
pg4_2,5,1
pg4_2,6,1
pg4_2,7,1
pg4_2,8,1
pg4_2,9,1
pg4_3,0,1
pg4_3,1,1
pg4_3,2,1
pg4_3,3,1
pg4_3,4,1
pg4_3,5,1
pg4_3,6,3
pg4_3,7,1
pg4_3,8,1
pg4_3,9,1
pg4_4,0,1
pg4_4,1,1
pg4_4,2,1
pg4_4,3,1
pg4_4,4,3
pg4_4,5,1
pg4_4,6,1
pg4_4,7,1
pg4_4,8,1
pg4_4,9,1
pg4_5,0,1
pg4_5,1,1
pg4_5,2,1
pg4_5,3,1
pg4_5,4,1
pg4_5,5,1
pg4_5,6,1
pg4_5,7,1
pg4_5,8,1
pg4_5,9,1
pg4_6,0,0
pg4_6,1,1
pg4_6,2,1
pg4_6,3,1
pg4_6,4,1
pg4_6,5,1
pg4_6,6,1
pg4_6,7,1
pg4_6,8,1
pg4_6,9,1
pg4_7,0,1
pg4_7,1,1
pg4_7,2,1
pg4_7,3,0
pg4_7,4,0
pg4_7,5,0
pg4_7,6,1
pg4_7,7,1
pg4_7,8,1
pg4_7,9,1
pg4_8,0,0
pg4_8,1,1
pg4_8,2,1
pg4_8,3,1
pg4_8,4,1
pg4_8,5,1
pg4_8,6,1
pg4_8,7,1
pg4_8,8,3
pg4_8,9,1
pg4_9,0,0
pg4_9,1,0
pg4_9,2,1
pg4_9,3,1
pg4_9,4,3
pg4_9,5,1
pg4_9,6,1
pg4_9,7,1
pg4_9,8,1
pg4_9,9,1
pg5_1,0,0
pg5_1,1,1
pg5_1,2,1
pg5_1,3,1
pg5_1,4,1
pg5_1,5,1
pg5_1,6,1
pg5_1,7,1
pg5_1,8,1
pg5_1,9,1
pg5_10,0,0
pg5_10,1,0
pg5_10,2,1
pg5_10,3,1
pg5_10,4,1
pg5_10,5,1
pg5_10,6,1
pg5_10,7,1
pg5_10,8,1
pg5_10,9,1
pg5_11,0,1
pg5_11,1,1
pg5_11,2,1
pg5_11,3,1
pg5_11,4,1
pg5_11,5,1
pg5_11,6,0
pg5_11,7,0
pg5_11,8,1
pg5_11,9,1
pg5_12,0,1
pg5_12,1,1
pg5_12,2,1
pg5_12,3,1
pg5_12,4,0
pg5_12,5,0
pg5_12,6,1
pg5_12,7,1
pg5_12,8,1
pg5_12,9,3
pg5_2,0,1
pg5_2,1,1
pg5_2,2,1
pg5_2,3,1
pg5_2,4,1
pg5_2,5,1
pg5_2,6,1
pg5_2,7,1
pg5_2,8,1
pg5_2,9,1
pg5_3,0,0
pg5_3,1,3
pg5_3,2,1
pg5_3,3,1
pg5_3,4,1
pg5_3,5,1
pg5_3,6,1
pg5_3,7,1
pg5_3,8,1
pg5_3,9,1
pg5_5,0,1
pg5_5,1,1
pg5_5,2,1
pg5_5,3,1
pg5_5,4,1
pg5_5,5,1
pg5_5,6,1
pg5_5,7,1
pg5_5,8,1
pg5_5,9,1
pg5_6,0,1
pg5_6,1,3
pg5_6,2,0
pg5_6,3,1
pg5_6,4,1
pg5_6,5,1
pg5_6,6,3
pg5_6,7,1
pg5_6,8,1
pg5_6,9,1
pg5_7,0,1
pg5_7,1,1
pg5_7,2,1
pg5_7,3,1
pg5_7,4,0
pg5_7,5,1
pg5_7,6,1
pg5_7,7,1
pg5_7,8,1
pg5_7,9,1
pg5_8,0,1
pg5_8,1,1
pg5_8,2,1
pg5_8,3,3
pg5_8,4,1
pg5_8,5,1
pg5_8,6,1
pg5_8,7,1
pg5_8,8,3
pg5_8,9,1
pg6_1,0,1
pg6_1,1,1
pg6_1,2,1
pg6_1,3,1
pg6_1,4,1
pg6_1,5,1
pg6_1,6,1
pg6_1,7,1
pg6_1,8,1
pg6_1,9,1
pg6_10,0,1
pg6_10,1,1
pg6_10,2,1
pg6_10,3,1
pg6_10,4,1
pg6_10,5,1
pg6_10,6,1
pg6_10,7,1
pg6_10,8,1
pg6_10,9,1
pg6_11,0,1
pg6_11,1,1
pg6_11,2,1
pg6_11,3,1
pg6_11,4,1
pg6_11,5,1
pg6_11,6,1
pg6_11,7,1
pg6_11,8,1
pg6_11,9,1
pg6_12,0,1
pg6_12,1,1
pg6_12,2,1
pg6_12,3,1
pg6_12,4,3
pg6_12,5,1
pg6_12,6,0
pg6_12,7,3
pg6_12,8,1
pg6_12,9,1
pg6_2,0,0
pg6_2,1,1
pg6_2,2,1
pg6_2,3,1
pg6_2,4,1
pg6_2,5,1
pg6_2,6,1
pg6_2,7,1
pg6_2,8,1
pg6_2,9,1
pg6_3,0,0
pg6_3,1,0
pg6_3,2,1
pg6_3,3,1
pg6_3,4,1
pg6_3,5,1
pg6_3,6,1
pg6_3,7,1
pg6_3,8,1
pg6_3,9,1
pg6_4,0,0
pg6_4,1,1
pg6_4,2,1
pg6_4,3,1
pg6_4,4,1
pg6_4,5,1
pg6_4,6,1
pg6_4,7,1
pg6_4,8,1
pg6_4,9,1
pg6_5,0,0
pg6_5,1,0
pg6_5,2,1
pg6_5,3,1
pg6_5,4,1
pg6_5,5,1
pg6_5,6,1
pg6_5,7,1
pg6_5,8,1
pg6_5,9,1
pg6_5,10,1
pg6_6,0,0
pg6_6,1,1
pg6_6,2,1
pg6_6,3,1
pg6_6,4,1
pg6_6,5,1
pg6_6,6,1
pg6_6,7,1
pg6_6,8,1
pg6_6,9,1
pg6_7,0,0
pg6_7,1,1
pg6_7,2,1
pg6_7,3,1
pg6_7,4,1
pg6_7,5,1
pg6_7,6,1
pg6_7,7,1
pg6_7,8,1
pg6_7,9,1
pg6_8,0,0
pg6_8,1,1
pg6_8,2,1
pg6_8,3,1
pg6_8,4,1
pg6_8,5,3
pg6_8,6,1
pg6_8,7,1
pg6_8,8,1
pg6_8,9,1
pg6_9,0,1
pg6_9,1,1
pg6_9,2,1
pg6_9,3,1
pg6_9,4,3
pg6_9,5,1
pg6_9,6,1
pg6_9,7,1
pg6_9,8,1
pg6_9,9,1
pg7_1,0,0
pg7_1,1,0
pg7_1,2,0
pg7_1,3,1
pg7_1,4,1
pg7_1,5,1
pg7_1,6,1
pg7_1,7,1
pg7_1,8,1
pg7_1,9,1
pg7_10,0,1
pg7_10,1,1
pg7_10,2,1
pg7_10,3,1
pg7_10,4,1
pg7_10,5,1
pg7_10,6,0
pg7_10,7,0
pg7_10,8,1
pg7_10,9,1
pg7_11,0,1
pg7_11,1,1
pg7_11,2,3
pg7_11,3,1
pg7_11,4,3
pg7_11,5,1
pg7_11,6,1
pg7_11,7,1
pg7_11,8,1
pg7_11,9,1
pg7_12,0,1
pg7_12,1,0
pg7_12,2,0
pg7_12,3,1
pg7_12,4,3
pg7_12,5,1
pg7_12,6,1
pg7_12,7,1
pg7_12,8,1
pg7_12,9,1
pg7_2,0,1
pg7_2,1,1
pg7_2,2,0
pg7_2,3,1
pg7_2,4,1
pg7_2,5,1
pg7_2,6,1
pg7_2,7,1
pg7_2,8,1
pg7_2,9,1
pg7_3,0,0
pg7_3,1,1
pg7_3,2,1
pg7_3,3,1
pg7_3,4,1
pg7_3,5,1
pg7_3,6,1
pg7_3,7,1
pg7_3,8,1
pg7_3,9,1
pg7_4,0,1
pg7_4,1,1
pg7_4,2,1
pg7_4,3,1
pg7_4,4,1
pg7_4,5,1
pg7_4,6,1
pg7_4,7,1
pg7_4,8,1
pg7_4,9,1
pg7_5,0,1
pg7_5,1,1
pg7_5,2,1
pg7_5,3,1
pg7_5,4,1
pg7_5,5,1
pg7_5,6,1
pg7_5,7,1
pg7_5,8,1
pg7_5,9,1
pg7_6,0,1
pg7_6,1,1
pg7_6,2,1
pg7_6,3,1
pg7_6,4,1
pg7_6,5,1
pg7_6,6,1
pg7_6,7,1
pg7_6,8,1
pg7_6,9,1
pg7_7,0,0
pg7_7,1,0
pg7_7,2,0
pg7_7,3,1
pg7_7,4,1
pg7_7,5,1
pg7_7,6,1
pg7_7,7,1
pg7_7,8,1
pg7_7,9,1
pg7_8,0,1
pg7_8,1,0
pg7_8,2,1
pg7_8,3,1
pg7_8,4,1
pg7_8,5,1
pg7_8,6,1
pg7_8,7,1
pg7_8,8,1
pg7_8,9,0
pg7_9,0,1
pg7_9,1,1
pg7_9,2,1
pg7_9,3,1
pg7_9,4,1
pg7_9,5,1
pg7_9,6,1
pg7_9,7,1
pg7_9,8,1
pg7_9,9,1
pg8_1,0,1
pg8_1,1,1
pg8_1,2,1
pg8_1,3,1
pg8_1,4,1
pg8_1,5,1
pg8_1,6,3
pg8_1,7,1
pg8_1,8,1
pg8_1,9,1
pg8_1,10,1
pg8_1,11,3
