group,frame,class,count
pg4_10,1,pg_im,11
pg4_10,2,pg_im,11
pg4_10,3,pg_im,11
pg4_10,4,pg_im,11
pg4_10,5,pg_im,11
pg4_10,6,pg_im,11
pg4_10,7,pg_im,11
pg4_10,8,pg_im,11
pg4_10,9,pg_im,11
pg4_10,10,pg_im,11
pg4_10,11,pg_im,11
pg4_10,12,pg_im,11
pg4_10,13,pg_im,11
pg4_10,14,pg_im,11
pg4_10,15,pg_im,11
pg4_10,16,pg_im,11
pg4_10,17,pg_im,11
pg4_10,18,pg_im,11
pg4_10,19,pg_im,11
pg4_10,20,pg_el,1
pg4_10,20,pg_im,10
pg4_10,21,pg_el,1
pg4_10,21,pg_im,10
pg4_10,22,pg_el,2
pg4_10,22,pg_im,9
pg4_10,23,pg_el,2
pg4_10,23,pg_im,9
pg4_10,24,pg_el,2
pg4_10,24,pg_im,9
pg4_10,25,pg_el,3
pg4_10,25,pg_im,8
pg4_10,26,pg_el,2
pg4_10,26,pg_im,9
pg4_10,27,pg_el,2
pg4_10,27,pg_im,9
pg4_10,28,pg_el,3
pg4_10,28,pg_im,8
pg4_10,29,pg_el,4
pg4_10,29,pg_im,7
pg4_10,30,pg_el,4
pg4_10,30,pg_im,7
pg4_10,31,pg_el,5
pg4_10,31,pg_im,6
pg4_10,32,pg_el,6
pg4_10,32,pg_im,5
pg4_10,33,pg_el,7
pg4_10,33,pg_im,4
pg4_10,34,pg_el,7
pg4_10,34,pg_im,4
pg4_10,35,pg_el,8
pg4_10,35,pg_im,3
pg4_10,36,pg_el,8
pg4_10,36,pg_im,3
pg4_10,37,pg_el,9
pg4_10,37,pg_im,2
pg4_10,38,pg_el,8
pg4_10,38,pg_im,3
pg4_10,39,pg_el,8
pg4_10,39,pg_im,3
pg4_10,40,pg_el,9
pg4_10,40,pg_im,2
pg4_10,41,pg_el,10
pg4_10,41,pg_im,1
pg4_10,42,pg_el,10
pg4_10,42,pg_im,1
pg4_10,43,pg_el,10
pg4_10,43,pg_im,1
pg4_10,44,pg_el,10
pg4_10,44,pg_im,1
pg4_10,45,pg_el,10
pg4_10,45,pg_im,1
pg4_10,46,pg_el,10
pg4_10,46,pg_im,1
pg4_10,47,pg_el,10
pg4_10,47,pg_im,1
pg4_10,48,pg_el,10
pg4_10,48,pg_im,1
pg4_10,49,pg_el,10
pg4_10,49,pg_im,1
pg4_10,50,pg_el,11
pg4_10,51,pg_el,11
pg4_10,52,pg_el,11
pg4_10,53,pg_el,11
pg4_10,54,pg_el,11
pg4_10,55,pg_el,11
pg4_10,56,pg_el,11
pg4_10,57,pg_el,11
pg4_10,58,pg_el,11
pg4_10,59,pg_el,11
pg4_10,60,pg_el,11
pg4_10,61,pg_el,11
pg4_10,62,pg_el,11
pg4_10,63,pg_el,11
pg4_10,64,pg_el,11
pg4_10,65,pg_el,11
pg4_10,66,pg_el,11
pg4_10,67,pg_el,11
pg4_10,68,pg_el,11
pg4_10,69,pg_el,11
pg4_10,70,pg_el,11
pg4_10,71,pg_el,11
pg4_10,72,pg_el,11
pg4_10,73,pg_el,11
pg4_10,74,pg_el,11
pg4_10,75,pg_el,11
pg4_10,76,pg_el,11
pg4_10,77,pg_el,11
pg4_10,78,pg_el,11
pg4_10,79,pg_el,11
pg4_10,80,pg_el,11
pg4_10,81,pg_el,11
pg4_10,82,pg_el,11
pg4_10,83,pg_el,11
pg4_10,84,pg_el,11
pg4_10,85,pg_el,11
pg4_10,86,pg_el,11
pg4_10,87,pg_el,11
pg4_10,88,pg_el,11
pg4_10,89,pg_el,11
pg4_10,90,pg_el,11
pg4_10,91,pg_el,11
pg4_10,92,pg_el,11
pg4_10,93,pg_el,11
pg4_10,94,pg_el,11
pg4_10,95,pg_el,11
pg4_10,96,pg_el,11
pg4_10,97,pg_el,11
pg6_5,1,pg_im,11
pg6_5,2,pg_im,11
pg6_5,3,pg_im,11
pg6_5,4,pg_im,11
pg6_5,5,pg_im,11
pg6_5,6,pg_im,11
pg6_5,7,pg_im,11
pg6_5,8,pg_im,11
pg6_5,9,pg_im,11
pg6_5,10,pg_im,11
pg6_5,11,pg_im,11
pg6_5,12,pg_im,11
pg6_5,13,pg_im,11
pg6_5,14,pg_im,11
pg6_5,15,pg_im,11
pg6_5,16,pg_im,11
pg6_5,17,pg_el,1
pg6_5,17,pg_im,10
pg6_5,18,pg_el,1
pg6_5,18,pg_im,10
pg6_5,19,pg_el,1
pg6_5,19,pg_im,10
pg6_5,20,pg_el,1
pg6_5,20,pg_im,10
pg6_5,21,pg_el,1
pg6_5,21,pg_im,10
pg6_5,22,pg_el,4
pg6_5,22,pg_im,7
pg6_5,23,pg_el,4
pg6_5,23,pg_im,7
pg6_5,24,pg_el,4
pg6_5,24,pg_im,7
pg6_5,25,pg_el,4
pg6_5,25,pg_im,7
pg6_5,26,pg_el,5
pg6_5,26,pg_im,6
pg6_5,27,pg_el,6
pg6_5,27,pg_im,5
pg6_5,28,pg_el,7
pg6_5,28,pg_im,4
pg6_5,29,pg_el,8
pg6_5,29,pg_im,3
pg6_5,30,pg_el,8
pg6_5,30,pg_im,3
pg6_5,31,pg_el,8
pg6_5,31,pg_im,3
pg6_5,32,pg_el,8
pg6_5,32,pg_im,3
pg6_5,33,pg_el,8
pg6_5,33,pg_im,3
pg6_5,34,pg_el,8
pg6_5,34,pg_im,3
pg6_5,35,pg_el,8
pg6_5,35,pg_im,3
pg6_5,36,pg_el,8
pg6_5,36,pg_im,3
pg6_5,37,pg_el,8
pg6_5,37,pg_im,3
pg6_5,38,pg_el,8
pg6_5,38,pg_im,3
pg6_5,39,pg_el,8
pg6_5,39,pg_im,3
pg6_5,40,pg_el,8
pg6_5,40,pg_im,3
pg6_5,41,pg_el,9
pg6_5,41,pg_im,2
pg6_5,42,pg_el,9
pg6_5,42,pg_im,2
pg6_5,43,pg_el,9
pg6_5,43,pg_im,2
pg6_5,44,pg_el,9
pg6_5,44,pg_im,2
pg6_5,45,pg_el,9
pg6_5,45,pg_im,2
pg6_5,46,pg_el,9
pg6_5,46,pg_im,2
pg6_5,47,pg_el,9
pg6_5,47,pg_im,2
pg6_5,48,pg_el,9
pg6_5,48,pg_im,2
pg6_5,49,pg_el,9
pg6_5,49,pg_im,2
pg6_5,50,pg_el,9
pg6_5,50,pg_im,2
pg6_5,51,pg_el,9
pg6_5,51,pg_im,2
pg6_5,52,pg_el,9
pg6_5,52,pg_im,2
pg6_5,53,pg_el,9
pg6_5,53,pg_im,2
pg6_5,54,pg_el,9
pg6_5,54,pg_im,2
pg6_5,55,pg_el,9
pg6_5,55,pg_im,2
pg6_5,56,pg_el,9
pg6_5,56,pg_im,2
pg6_5,57,pg_el,9
pg6_5,57,pg_im,2
pg6_5,58,pg_el,9
pg6_5,58,pg_im,2
pg6_5,59,pg_el,9
pg6_5,59,pg_im,2
pg6_5,60,pg_el,9
pg6_5,60,pg_im,2
pg6_5,61,pg_el,9
pg6_5,61,pg_im,2
pg6_5,62,pg_el,9
pg6_5,62,pg_im,2
pg6_5,63,pg_el,9
pg6_5,63,pg_im,2
pg6_5,64,pg_el,9
pg6_5,64,pg_im,2
pg6_5,65,pg_el,9
pg6_5,65,pg_im,2
pg6_5,66,pg_el,9
pg6_5,66,pg_im,2
pg6_5,67,pg_el,9
pg6_5,67,pg_im,2
pg6_5,68,pg_el,9
pg6_5,68,pg_im,2
pg6_5,69,pg_el,9
pg6_5,69,pg_im,2
pg6_5,70,pg_el,9
pg6_5,70,pg_im,2
pg6_5,71,pg_el,9
pg6_5,71,pg_im,2
pg6_5,72,pg_el,9
pg6_5,72,pg_im,2
pg6_5,73,pg_el,9
pg6_5,73,pg_im,2
pg6_5,74,pg_el,9
pg6_5,74,pg_im,2
pg6_5,75,pg_el,9
pg6_5,75,pg_im,2
pg6_5,76,pg_el,9
pg6_5,76,pg_im,2
pg6_5,77,pg_el,9
pg6_5,77,pg_im,2
pg6_5,78,pg_el,9
pg6_5,78,pg_im,2
pg6_5,79,pg_el,9
pg6_5,79,pg_im,2
pg6_5,80,pg_el,9
pg6_5,80,pg_im,2
pg6_5,81,pg_el,9
pg6_5,81,pg_im,2
pg6_5,82,pg_el,9
pg6_5,82,pg_im,2
pg6_5,83,pg_el,9
pg6_5,83,pg_im,2
pg6_5,84,pg_el,9
pg6_5,84,pg_im,2
pg6_5,85,pg_el,9
pg6_5,85,pg_im,2
pg6_5,86,pg_el,9
pg6_5,86,pg_im,2
pg6_5,87,pg_el,9
pg6_5,87,pg_im,2
pg6_5,88,pg_el,9
pg6_5,88,pg_im,2
pg6_5,89,pg_el,9
pg6_5,89,pg_im,2
pg6_5,90,pg_el,9
pg6_5,90,pg_im,2
pg6_5,91,pg_el,9
pg6_5,91,pg_im,2
pg6_5,92,pg_el,9
pg6_5,92,pg_im,2
pg6_5,93,pg_el,9
pg6_5,93,pg_im,2
pg6_5,94,pg_el,9
pg6_5,94,pg_im,2
pg6_5,95,pg_el,9
pg6_5,95,pg_im,2
pg6_5,96,pg_el,9
pg6_5,96,pg_im,2
pg6_5,97,pg_el,9
pg6_5,97,pg_im,2
pg8_1,1,pg_im,12
pg8_1,2,pg_im,12
pg8_1,3,pg_im,12
pg8_1,4,pg_el,1
pg8_1,4,pg_im,11
pg8_1,5,pg_el,1
pg8_1,5,pg_im,11
pg8_1,6,pg_el,1
pg8_1,6,pg_im,11
pg8_1,7,pg_el,1
pg8_1,7,pg_im,11
pg8_1,8,pg_im,12
pg8_1,9,pg_im,12
pg8_1,10,pg_im,12
pg8_1,11,pg_im,12
pg8_1,12,pg_el,1
pg8_1,12,pg_im,11
pg8_1,13,pg_el,1
pg8_1,13,pg_im,11
pg8_1,14,pg_el,1
pg8_1,14,pg_im,11
pg8_1,15,pg_el,1
pg8_1,15,pg_im,11
pg8_1,16,pg_el,2
pg8_1,16,pg_im,10
pg8_1,17,pg_el,2
pg8_1,17,pg_im,10
pg8_1,18,pg_el,2
pg8_1,18,pg_im,10
pg8_1,19,pg_el,3
pg8_1,19,pg_im,9
pg8_1,20,pg_el,3
pg8_1,20,pg_im,9
pg8_1,21,pg_el,3
pg8_1,21,pg_im,9
pg8_1,22,pg_el,3
pg8_1,22,pg_im,9
pg8_1,23,pg_el,3
pg8_1,23,pg_im,9
pg8_1,24,pg_el,3
pg8_1,24,pg_im,9
pg8_1,25,pg_el,3
pg8_1,25,pg_im,9
pg8_1,26,pg_el,4
pg8_1,26,pg_im,8
pg8_1,27,pg_el,6
pg8_1,27,pg_im,6
pg8_1,28,pg_el,6
pg8_1,28,pg_im,6
pg8_1,29,pg_el,7
pg8_1,29,pg_im,5
pg8_1,30,pg_el,7
pg8_1,30,pg_im,5
pg8_1,31,pg_el,7
pg8_1,31,pg_im,5
pg8_1,32,pg_el,7
pg8_1,32,pg_im,5
pg8_1,33,pg_el,7
pg8_1,33,pg_im,5
pg8_1,34,pg_el,7
pg8_1,34,pg_im,5
pg8_1,35,pg_el,8
pg8_1,35,pg_im,4
pg8_1,36,pg_el,9
pg8_1,36,pg_im,3
pg8_1,37,pg_el,10
pg8_1,37,pg_im,2
pg8_1,38,pg_el,11
pg8_1,38,pg_im,1
pg8_1,39,pg_el,12
pg8_1,40,pg_el,11
pg8_1,40,pg_im,1
pg8_1,41,pg_el,11
pg8_1,41,pg_im,1
pg8_1,42,pg_el,12
pg8_1,43,pg_el,12
pg8_1,44,pg_el,12
pg8_1,45,pg_el,12
pg8_1,46,pg_el,12
pg8_1,47,pg_el,12
pg8_1,48,pg_el,12
pg8_1,49,pg_el,12
pg8_1,50,pg_el,12
pg8_1,51,pg_el,12
pg8_1,52,pg_el,12
pg8_1,53,pg_el,12
pg8_1,54,pg_el,12
pg8_1,55,pg_el,12
pg8_1,56,pg_el,12
pg8_1,57,pg_el,12
pg8_1,58,pg_el,12
pg8_1,59,pg_el,12
pg8_1,60,pg_el,12
pg8_1,61,pg_el,12
pg8_1,62,pg_el,12
pg8_1,63,pg_el,12
pg8_1,64,pg_el,12
pg8_1,65,pg_el,12
pg8_1,66,pg_el,12
pg8_1,67,pg_el,12
pg8_1,68,pg_el,12
pg8_1,69,pg_el,12
pg8_1,70,pg_el,12
pg8_1,71,pg_el,12
pg8_1,72,pg_el,12
pg8_1,73,pg_el,12
pg8_1,74,pg_el,12
pg8_1,75,pg_el,12
pg8_1,76,pg_el,12
pg8_1,77,pg_el,12
pg8_1,78,pg_el,12
pg8_1,79,pg_el,12
pg8_1,80,pg_el,12
pg8_1,81,pg_el,12
pg8_1,82,pg_el,12
pg8_1,83,pg_el,12
pg8_1,84,pg_el,12
pg8_1,85,pg_el,12
pg8_1,86,pg_el,12
pg8_1,87,pg_el,12
pg8_1,88,pg_el,12
pg8_1,89,pg_el,12
pg8_1,90,pg_el,12
pg8_1,91,pg_el,12
pg8_1,92,pg_el,12
pg8_1,93,pg_el,12
pg8_1,94,pg_el,12
pg8_1,95,pg_el,12
pg8_1,96,pg_el,12
pg8_1,97,pg_el,12
