feature_1,feature_2,correlation
zm_el_count_75pct,zm_el_fraction_75pct,0.9999999999999991
mean_iou,mean_match_cost,-0.9998211928119605
mean_center_y,max_center_y,0.9997079415610041
mean_center_y,min_center_y,0.9996792798504999
mean_center_x,min_center_x,0.9996631135924574
mean_center_x,max_center_x,0.9995991117831379
min_iou,max_match_cost,-0.999450295181067
min_center_y,max_center_y,0.9990761728184662
min_center_x,max_center_x,0.9989345855654878
mean_width,middle_width,0.993413690618693
min_height,early_height,0.9915512842502371
std_height,height_growth_early_late,0.9914805347542422
min_width,early_width,0.9912870352629504
mean_height,middle_height,0.9910613116222764
width_change,width_growth_ratio,0.9907559264775773
early_width,middle_width,0.9886090322230903
std_width,width_growth_early_late,0.9881540842760305
area_change,area_growth_ratio,0.9875962425837554
height_change,height_growth_ratio,0.9874528948837018
mean_movement,mean_match_cost,0.986150790801382
mean_movement,mean_iou,-0.9828382388940239
class_transition_count,observed_zm_el_75pct,0.9787672291563027
early_height,middle_height,0.9775935777958368
min_width,middle_width,0.9750100941574091
mean_width,early_width,0.9749963311572742
max_movement,max_match_cost,0.971731084669604
max_height,late_height,0.9713165163826536
std_height,height_change,0.9695356869379178
std_width,width_change,0.9690526191438049
mean_width,late_width,0.9668097950526676
max_movement,movement_std,0.966526330886799
max_width,late_width,0.9649886335417504
std_width,width_growth_ratio,0.9648434337007038
max_movement,min_iou,-0.9639109846887592
mean_width,min_width,0.963263002236963
min_height,middle_height,0.9630556327525722
std_height,height_growth_ratio,0.9595903871821932
mean_height,early_height,0.9593457540305023
mean_height,late_height,0.9566342730737055
