group,track_id,germination_probability,non_germination_probability,predicted_target,predicted_label,confidence,decision_threshold,temporal_rule
pg1_1,0,0.9999991442814546,8.557185453561544e-07,1,GERMINATED,0.9999991442814546,0.53,LONGEST_RUN_3
pg1_1,1,0.9117284793861418,0.08827152061385823,1,GERMINATED,0.9117284793861418,0.53,LONGEST_RUN_3
pg1_1,2,0.5247751024453532,0.4752248975546468,0,NON-GERMINATED,0.5247751024453532,0.53,LONGEST_RUN_3
pg1_1,3,0.06679610947314035,0.9332038905268596,0,NON-GERMINATED,0.9332038905268596,0.53,LONGEST_RUN_3
pg1_1,4,0.45939486564417664,0.5406051343558234,0,NON-GERMINATED,0.5406051343558234,0.53,LONGEST_RUN_3
pg1_1,5,0.9273757322075413,0.07262426779245867,1,GERMINATED,0.9273757322075413,0.53,LONGEST_RUN_3
pg1_1,6,0.006597392262070793,0.9934026077379292,0,NON-GERMINATED,0.9934026077379292,0.53,LONGEST_RUN_3
pg1_1,7,0.9732262318271384,0.02677376817286159,1,GERMINATED,0.9732262318271384,0.53,LONGEST_RUN_3
pg1_1,8,0.9999881937084839,1.1806291516092138e-05,1,GERMINATED,0.9999881937084839,0.53,LONGEST_RUN_3
pg1_1,9,0.9999991033522087,8.966477913485704e-07,1,GERMINATED,0.9999991033522087,0.53,LONGEST_RUN_3
pg1_10,0,0.9998346632697275,0.00016533673027252505,1,GERMINATED,0.9998346632697275,0.53,LONGEST_RUN_3
pg1_10,1,0.0005946577537239082,0.9994053422462761,0,NON-GERMINATED,0.9994053422462761,0.53,LONGEST_RUN_3
pg1_10,2,0.996237164307963,0.0037628356920369477,1,GERMINATED,0.996237164307963,0.53,LONGEST_RUN_3
pg1_10,3,0.9999991646283151,8.353716849374138e-07,1,GERMINATED,0.9999991646283151,0.53,LONGEST_RUN_3
pg1_10,4,0.9999989406729604,1.0593270396430654e-06,1,GERMINATED,0.9999989406729604,0.53,LONGEST_RUN_3
pg1_10,5,0.9999975640585629,2.4359414371177834e-06,1,GERMINATED,0.9999975640585629,0.53,LONGEST_RUN_3
pg1_10,6,0.9999913419172025,8.658082797485811e-06,1,GERMINATED,0.9999913419172025,0.53,LONGEST_RUN_3
pg1_10,7,0.0002151459898762116,0.9997848540101237,0,NON-GERMINATED,0.9997848540101237,0.53,LONGEST_RUN_3
pg1_10,8,0.9999952775282949,4.722471705131959e-06,1,GERMINATED,0.9999952775282949,0.53,LONGEST_RUN_3
pg1_10,9,0.999998620324687,1.379675312995765e-06,1,GERMINATED,0.999998620324687,0.53,LONGEST_RUN_3
pg1_11,0,0.012861122843975106,0.9871388771560249,0,NON-GERMINATED,0.9871388771560249,0.53,LONGEST_RUN_3
pg1_11,1,0.9999916040903208,8.395909679159708e-06,1,GERMINATED,0.9999916040903208,0.53,LONGEST_RUN_3
pg1_11,2,0.9849177313775674,0.01508226862243256,1,GERMINATED,0.9849177313775674,0.53,LONGEST_RUN_3
pg1_11,3,0.9999938561199261,6.143880073916641e-06,1,GERMINATED,0.9999938561199261,0.53,LONGEST_RUN_3
pg1_11,4,0.9999987252054259,1.2747945741242717e-06,1,GERMINATED,0.9999987252054259,0.53,LONGEST_RUN_3
pg1_11,5,0.9999964797661716,3.5202338284356927e-06,1,GERMINATED,0.9999964797661716,0.53,LONGEST_RUN_3
pg1_11,6,0.999998891132187,1.1088678130155571e-06,1,GERMINATED,0.999998891132187,0.53,LONGEST_RUN_3
pg1_11,7,0.9998928257715307,0.0001071742284692867,1,GERMINATED,0.9998928257715307,0.53,LONGEST_RUN_3
pg1_11,8,0.9999980168288286,1.983171171393572e-06,1,GERMINATED,0.9999980168288286,0.53,LONGEST_RUN_3
pg1_11,9,0.9999972215796595,2.778420340465715e-06,1,GERMINATED,0.9999972215796595,0.53,LONGEST_RUN_3
pg1_12,0,0.9999912534890061,8.746510993917767e-06,1,GERMINATED,0.9999912534890061,0.53,LONGEST_RUN_3
pg1_12,1,0.999995839446652,4.160553347953844e-06,1,GERMINATED,0.999995839446652,0.53,LONGEST_RUN_3
pg1_12,2,0.9999987732275792,1.2267724207593034e-06,1,GERMINATED,0.9999987732275792,0.53,LONGEST_RUN_3
pg1_12,3,0.9999932824051989,6.71759480108669e-06,1,GERMINATED,0.9999932824051989,0.53,LONGEST_RUN_3
pg1_12,4,0.9999976411686734,2.3588313265987537e-06,1,GERMINATED,0.9999976411686734,0.53,LONGEST_RUN_3
pg1_12,5,0.9999988762520913,1.1237479087267133e-06,1,GERMINATED,0.9999988762520913,0.53,LONGEST_RUN_3
pg1_12,6,0.9999986685382356,1.331461764397801e-06,1,GERMINATED,0.9999986685382356,0.53,LONGEST_RUN_3
pg1_12,7,0.9999980096600918,1.9903399082199513e-06,1,GERMINATED,0.9999980096600918,0.53,LONGEST_RUN_3
pg1_12,8,0.9999973491411078,2.6508588921725362e-06,1,GERMINATED,0.9999973491411078,0.53,LONGEST_RUN_3
pg1_12,9,0.9999948794509972,5.12054900281278e-06,1,GERMINATED,0.9999948794509972,0.53,LONGEST_RUN_3
pg1_2,0,0.9999989402121914,1.0597878086215928e-06,1,GERMINATED,0.9999989402121914,0.53,LONGEST_RUN_3
pg1_2,1,0.9998330345697234,0.00016696543027661104,1,GERMINATED,0.9998330345697234,0.53,LONGEST_RUN_3
pg1_2,2,0.9998614923438622,0.00013850765613776517,1,GERMINATED,0.9998614923438622,0.53,LONGEST_RUN_3
pg1_2,3,0.999987054106505,1.2945893494986649e-05,1,GERMINATED,0.999987054106505,0.53,LONGEST_RUN_3
pg1_2,4,0.9999943997720726,5.600227927393675e-06,1,GERMINATED,0.9999943997720726,0.53,LONGEST_RUN_3
pg1_2,5,0.9999983903905152,1.6096094848094822e-06,1,GERMINATED,0.9999983903905152,0.53,LONGEST_RUN_3
pg1_2,6,0.99999884357369,1.1564263100449779e-06,1,GERMINATED,0.99999884357369,0.53,LONGEST_RUN_3
pg1_2,7,0.9999980186928373,1.981307162668422e-06,1,GERMINATED,0.9999980186928373,0.53,LONGEST_RUN_3
pg1_2,8,0.9658187846182299,0.0341812153817701,1,GERMINATED,0.9658187846182299,0.53,LONGEST_RUN_3
pg1_2,9,0.9999991544484421,8.455515578820183e-07,1,GERMINATED,0.9999991544484421,0.53,LONGEST_RUN_3
pg1_3,0,0.00016343460213656086,0.9998365653978635,0,NON-GERMINATED,0.9998365653978635,0.53,LONGEST_RUN_3
pg1_3,1,0.003191654602343993,0.9968083453976561,0,NON-GERMINATED,0.9968083453976561,0.53,LONGEST_RUN_3
pg1_3,2,0.004151765070287335,0.9958482349297126,0,NON-GERMINATED,0.9958482349297126,0.53,LONGEST_RUN_3
pg1_3,3,0.9999896173140961,1.0382685903920219e-05,1,GERMINATED,0.9999896173140961,0.53,LONGEST_RUN_3
pg1_3,4,0.9999995243440747,4.756559253138448e-07,1,GERMINATED,0.9999995243440747,0.53,LONGEST_RUN_3
pg1_3,5,0.9999958530118354,4.146988164643872e-06,1,GERMINATED,0.9999958530118354,0.53,LONGEST_RUN_3
pg1_3,6,0.9999844207465611,1.557925343886879e-05,1,GERMINATED,0.9999844207465611,0.53,LONGEST_RUN_3
pg1_3,7,0.9999885501889733,1.1449811026742474e-05,1,GERMINATED,0.9999885501889733,0.53,LONGEST_RUN_3
pg1_3,8,0.9999988484640145,1.1515359854552543e-06,1,GERMINATED,0.9999988484640145,0.53,LONGEST_RUN_3
pg1_3,9,0.9999982871529016,1.7128470983784894e-06,1,GERMINATED,0.9999982871529016,0.53,LONGEST_RUN_3
pg1_4,0,0.9999943151339694,5.684866030586377e-06,1,GERMINATED,0.9999943151339694,0.53,LONGEST_RUN_3
pg1_4,1,0.9980227368398992,0.0019772631601008284,1,GERMINATED,0.9980227368398992,0.53,LONGEST_RUN_3
pg1_4,2,0.99999393603616,6.0639638399528906e-06,1,GERMINATED,0.99999393603616,0.53,LONGEST_RUN_3
pg1_4,3,0.9999992472118502,7.527881498159417e-07,1,GERMINATED,0.9999992472118502,0.53,LONGEST_RUN_3
pg1_4,4,0.9999993179483806,6.820516194050441e-07,1,GERMINATED,0.9999993179483806,0.53,LONGEST_RUN_3
pg1_4,5,0.0005141344339158936,0.9994858655660841,0,NON-GERMINATED,0.9994858655660841,0.53,LONGEST_RUN_3
pg1_4,6,0.9950290220336897,0.004970977966310297,1,GERMINATED,0.9950290220336897,0.53,LONGEST_RUN_3
pg1_4,7,0.0009619911537596702,0.9990380088462403,0,NON-GERMINATED,0.9990380088462403,0.53,LONGEST_RUN_3
pg1_4,8,0.9999860191800809,1.3980819919101606e-05,1,GERMINATED,0.9999860191800809,0.53,LONGEST_RUN_3
pg1_4,9,0.9999915825891293,8.417410870653619e-06,1,GERMINATED,0.9999915825891293,0.53,LONGEST_RUN_3
pg1_5,0,0.9992910227116125,0.0007089772883874801,1,GERMINATED,0.9992910227116125,0.53,LONGEST_RUN_3
pg1_5,1,0.0013439149043794206,0.9986560850956205,0,NON-GERMINATED,0.9986560850956205,0.53,LONGEST_RUN_3
pg1_5,2,0.0005173235645951951,0.9994826764354048,0,NON-GERMINATED,0.9994826764354048,0.53,LONGEST_RUN_3
pg1_5,3,0.0004082458806433154,0.9995917541193566,0,NON-GERMINATED,0.9995917541193566,0.53,LONGEST_RUN_3
pg1_5,4,0.000562250153302109,0.9994377498466979,0,NON-GERMINATED,0.9994377498466979,0.53,LONGEST_RUN_3
pg1_5,5,0.9999973973131774,2.6026868226169952e-06,1,GERMINATED,0.9999973973131774,0.53,LONGEST_RUN_3
pg1_5,6,0.9999990727778154,9.272221845879614e-07,1,GERMINATED,0.9999990727778154,0.53,LONGEST_RUN_3
pg1_5,7,0.9999873408065688,1.2659193431185933e-05,1,GERMINATED,0.9999873408065688,0.53,LONGEST_RUN_3
pg1_5,8,0.9999971338279903,2.8661720097300503e-06,1,GERMINATED,0.9999971338279903,0.53,LONGEST_RUN_3
pg1_5,9,0.9999969182426112,3.0817573888342054e-06,1,GERMINATED,0.9999969182426112,0.53,LONGEST_RUN_3
pg1_6,0,0.9999839912302548,1.6008769745168294e-05,1,GERMINATED,0.9999839912302548,0.53,LONGEST_RUN_3
pg1_6,1,0.0002072010308510211,0.999792798969149,0,NON-GERMINATED,0.999792798969149,0.53,LONGEST_RUN_3
pg1_6,2,0.0021440136100571348,0.9978559863899429,0,NON-GERMINATED,0.9978559863899429,0.53,LONGEST_RUN_3
pg1_6,3,0.0006964259667453262,0.9993035740332546,0,NON-GERMINATED,0.9993035740332546,0.53,LONGEST_RUN_3
pg1_6,4,0.9994439876465054,0.0005560123534945616,1,GERMINATED,0.9994439876465054,0.53,LONGEST_RUN_3
pg1_6,5,0.9999990775309401,9.22469059916331e-07,1,GERMINATED,0.9999990775309401,0.53,LONGEST_RUN_3
pg1_6,6,0.9999976464399104,2.353560089596307e-06,1,GERMINATED,0.9999976464399104,0.53,LONGEST_RUN_3
pg1_6,7,0.9999955047378523,4.495262147741208e-06,1,GERMINATED,0.9999955047378523,0.53,LONGEST_RUN_3
pg1_6,8,0.9999980974182185,1.9025817814544155e-06,1,GERMINATED,0.9999980974182185,0.53,LONGEST_RUN_3
pg1_6,9,0.9999920187816242,7.981218375752164e-06,1,GERMINATED,0.9999920187816242,0.53,LONGEST_RUN_3
pg1_7,0,0.999999536373573,4.636264270274637e-07,1,GERMINATED,0.999999536373573,0.53,LONGEST_RUN_3
pg1_7,1,0.9999924324855518,7.5675144481923695e-06,1,GERMINATED,0.9999924324855518,0.53,LONGEST_RUN_3
pg1_7,2,0.9883062514016503,0.011693748598349707,1,GERMINATED,0.9883062514016503,0.53,LONGEST_RUN_3
pg1_7,3,0.9999992414244393,7.585755606998035e-07,1,GERMINATED,0.9999992414244393,0.53,LONGEST_RUN_3
pg1_7,4,0.9999985720946217,1.4279053782706441e-06,1,GERMINATED,0.9999985720946217,0.53,LONGEST_RUN_3
pg1_7,5,0.9999967169043498,3.2830956502305497e-06,1,GERMINATED,0.9999967169043498,0.53,LONGEST_RUN_3
pg1_7,6,0.9998592332222265,0.00014076677777352664,1,GERMINATED,0.9998592332222265,0.53,LONGEST_RUN_3
pg1_7,7,0.9999992873488942,7.126511057942153e-07,1,GERMINATED,0.9999992873488942,0.53,LONGEST_RUN_3
pg1_7,8,0.9999948823982772,5.117601722837151e-06,1,GERMINATED,0.9999948823982772,0.53,LONGEST_RUN_3
pg1_7,9,0.999996136152151,3.8638478490060635e-06,1,GERMINATED,0.999996136152151,0.53,LONGEST_RUN_3
pg1_8,0,0.999664785264517,0.00033521473548303593,1,GERMINATED,0.999664785264517,0.53,LONGEST_RUN_3
pg1_8,1,0.9999566062665614,4.339373343864583e-05,1,GERMINATED,0.9999566062665614,0.53,LONGEST_RUN_3
pg1_8,2,0.9239571264320795,0.0760428735679205,1,GERMINATED,0.9239571264320795,0.53,LONGEST_RUN_3
pg1_8,3,0.00022940405114799792,0.999770595948852,0,NON-GERMINATED,0.999770595948852,0.53,LONGEST_RUN_3
pg1_8,4,0.9999390397920874,6.096020791257484e-05,1,GERMINATED,0.9999390397920874,0.53,LONGEST_RUN_3
pg1_8,5,0.999933758890532,6.624110946795714e-05,1,GERMINATED,0.999933758890532,0.53,LONGEST_RUN_3
pg1_8,6,0.9999975585556339,2.44144436611915e-06,1,GERMINATED,0.9999975585556339,0.53,LONGEST_RUN_3
pg1_8,7,0.9999983683419862,1.631658013812043e-06,1,GERMINATED,0.9999983683419862,0.53,LONGEST_RUN_3
pg1_8,8,0.0013548226137548294,0.9986451773862451,0,NON-GERMINATED,0.9986451773862451,0.53,LONGEST_RUN_3
pg1_8,9,0.9918042912594014,0.008195708740598606,1,GERMINATED,0.9918042912594014,0.53,LONGEST_RUN_3
pg1_9,0,0.9999976835229475,2.3164770525108125e-06,1,GERMINATED,0.9999976835229475,0.53,LONGEST_RUN_3
pg1_9,1,0.9999985684616206,1.431538379392805e-06,1,GERMINATED,0.9999985684616206,0.53,LONGEST_RUN_3
pg1_9,2,0.9999967883176218,3.2116823781569437e-06,1,GERMINATED,0.9999967883176218,0.53,LONGEST_RUN_3
pg1_9,3,0.9888586701636446,0.011141329836355407,1,GERMINATED,0.9888586701636446,0.53,LONGEST_RUN_3
pg1_9,4,0.9997275505740904,0.0002724494259096488,1,GERMINATED,0.9997275505740904,0.53,LONGEST_RUN_3
pg1_9,5,0.9999958883019208,4.111698079234394e-06,1,GERMINATED,0.9999958883019208,0.53,LONGEST_RUN_3
pg1_9,6,0.9999879084203306,1.2091579669415431e-05,1,GERMINATED,0.9999879084203306,0.53,LONGEST_RUN_3
pg1_9,7,0.9999964885220874,3.5114779125544615e-06,1,GERMINATED,0.9999964885220874,0.53,LONGEST_RUN_3
pg1_9,8,0.9999885282329801,1.1471767019877177e-05,1,GERMINATED,0.9999885282329801,0.53,LONGEST_RUN_3
pg1_9,9,0.9999961972139696,3.8027860304046257e-06,1,GERMINATED,0.9999961972139696,0.53,LONGEST_RUN_3
pg2_1,0,0.9999872122401469,1.2787759853138958e-05,1,GERMINATED,0.9999872122401469,0.53,LONGEST_RUN_3
pg2_1,1,0.02447132505807056,0.9755286749419294,0,NON-GERMINATED,0.9755286749419294,0.53,LONGEST_RUN_3
pg2_1,2,0.9999740030932651,2.5996906734881975e-05,1,GERMINATED,0.9999740030932651,0.53,LONGEST_RUN_3
pg2_1,3,0.9999934403714393,6.559628560665054e-06,1,GERMINATED,0.9999934403714393,0.53,LONGEST_RUN_3
pg2_1,4,0.9998647251690218,0.0001352748309781937,1,GERMINATED,0.9998647251690218,0.53,LONGEST_RUN_3
pg2_1,5,0.9930305016949064,0.0069694983050936354,1,GERMINATED,0.9930305016949064,0.53,LONGEST_RUN_3
pg2_1,6,0.9999964708079988,3.5291920011948363e-06,1,GERMINATED,0.9999964708079988,0.53,LONGEST_RUN_3
pg2_1,7,0.999969617516405,3.038248359499285e-05,1,GERMINATED,0.999969617516405,0.53,LONGEST_RUN_3
pg2_1,8,0.9999970773307683,2.9226692317418923e-06,1,GERMINATED,0.9999970773307683,0.53,LONGEST_RUN_3
pg2_1,9,0.9999975941238939,2.405876106115201e-06,1,GERMINATED,0.9999975941238939,0.53,LONGEST_RUN_3
pg2_10,0,0.00035243389341158243,0.9996475661065884,0,NON-GERMINATED,0.9996475661065884,0.53,LONGEST_RUN_3
pg2_10,1,0.006472611020070032,0.99352738897993,0,NON-GERMINATED,0.99352738897993,0.53,LONGEST_RUN_3
pg2_10,2,0.0010958185601352877,0.9989041814398647,0,NON-GERMINATED,0.9989041814398647,0.53,LONGEST_RUN_3
pg2_10,3,0.995806139520175,0.004193860479824951,1,GERMINATED,0.995806139520175,0.53,LONGEST_RUN_3
pg2_10,4,0.9999934451014418,6.554898558164268e-06,1,GERMINATED,0.9999934451014418,0.53,LONGEST_RUN_3
pg2_10,5,0.9999979130450205,2.0869549794966247e-06,1,GERMINATED,0.9999979130450205,0.53,LONGEST_RUN_3
pg2_10,6,0.9999990210409575,9.789590424968964e-07,1,GERMINATED,0.9999990210409575,0.53,LONGEST_RUN_3
pg2_10,7,0.9999981397467281,1.8602532718681175e-06,1,GERMINATED,0.9999981397467281,0.53,LONGEST_RUN_3
pg2_10,8,0.99999004566562,9.954334380002372e-06,1,GERMINATED,0.99999004566562,0.53,LONGEST_RUN_3
pg2_10,9,0.9976025220717765,0.0023974779282235348,1,GERMINATED,0.9976025220717765,0.53,LONGEST_RUN_3
pg2_11,0,0.013845567312437402,0.9861544326875626,0,NON-GERMINATED,0.9861544326875626,0.53,LONGEST_RUN_3
pg2_11,1,0.996078562084255,0.003921437915744952,1,GERMINATED,0.996078562084255,0.53,LONGEST_RUN_3
pg2_11,2,0.9999182185670996,8.17814329003852e-05,1,GERMINATED,0.9999182185670996,0.53,LONGEST_RUN_3
pg2_11,3,0.9814886919519442,0.018511308048055786,1,GERMINATED,0.9814886919519442,0.53,LONGEST_RUN_3
pg2_11,4,0.9998959908530145,0.00010400914698549535,1,GERMINATED,0.9998959908530145,0.53,LONGEST_RUN_3
pg2_11,5,0.9976762153428261,0.0023237846571738663,1,GERMINATED,0.9976762153428261,0.53,LONGEST_RUN_3
pg2_11,6,0.9999773995617588,2.2600438241204834e-05,1,GERMINATED,0.9999773995617588,0.53,LONGEST_RUN_3
pg2_11,7,0.9999990537828805,9.462171195462332e-07,1,GERMINATED,0.9999990537828805,0.53,LONGEST_RUN_3
pg2_11,8,0.9999993505736885,6.4942631150533e-07,1,GERMINATED,0.9999993505736885,0.53,LONGEST_RUN_3
pg2_11,9,0.9999993353312645,6.646687354949776e-07,1,GERMINATED,0.9999993353312645,0.53,LONGEST_RUN_3
pg2_12,0,0.015450465052638534,0.9845495349473614,0,NON-GERMINATED,0.9845495349473614,0.53,LONGEST_RUN_3
pg2_12,1,0.0036170552384575125,0.9963829447615424,0,NON-GERMINATED,0.9963829447615424,0.53,LONGEST_RUN_3
pg2_12,2,0.00795125224022242,0.9920487477597776,0,NON-GERMINATED,0.9920487477597776,0.53,LONGEST_RUN_3
pg2_12,3,0.9999868258218255,1.3174178174479856e-05,1,GERMINATED,0.9999868258218255,0.53,LONGEST_RUN_3
pg2_12,4,0.004625438619683152,0.9953745613803169,0,NON-GERMINATED,0.9953745613803169,0.53,LONGEST_RUN_3
pg2_12,5,0.0033087981647475836,0.9966912018352524,0,NON-GERMINATED,0.9966912018352524,0.53,LONGEST_RUN_3
pg2_12,6,0.9999947930842359,5.206915764111031e-06,1,GERMINATED,0.9999947930842359,0.53,LONGEST_RUN_3
pg2_12,7,0.9999939434439785,6.056556021483139e-06,1,GERMINATED,0.9999939434439785,0.53,LONGEST_RUN_3
pg2_12,8,0.9999894579586017,1.054204139827597e-05,1,GERMINATED,0.9999894579586017,0.53,LONGEST_RUN_3
pg2_12,9,0.999992831894679,7.168105320976004e-06,1,GERMINATED,0.999992831894679,0.53,LONGEST_RUN_3
pg2_2,0,0.006887526965293181,0.9931124730347068,0,NON-GERMINATED,0.9931124730347068,0.53,LONGEST_RUN_3
pg2_2,1,0.9999868305792246,1.316942077544958e-05,1,GERMINATED,0.9999868305792246,0.53,LONGEST_RUN_3
pg2_2,2,0.9999718114520824,2.818854791764025e-05,1,GERMINATED,0.9999718114520824,0.53,LONGEST_RUN_3
pg2_2,3,0.9999990652767272,9.347232727829891e-07,1,GERMINATED,0.9999990652767272,0.53,LONGEST_RUN_3
pg2_2,4,0.9999103782757217,8.962172427828818e-05,1,GERMINATED,0.9999103782757217,0.53,LONGEST_RUN_3
pg2_2,5,0.9999949460137367,5.05398626327036e-06,1,GERMINATED,0.9999949460137367,0.53,LONGEST_RUN_3
pg2_2,6,0.9999919624689405,8.037531059490455e-06,1,GERMINATED,0.9999919624689405,0.53,LONGEST_RUN_3
pg2_2,7,0.9999987710591427,1.228940857300742e-06,1,GERMINATED,0.9999987710591427,0.53,LONGEST_RUN_3
pg2_2,8,0.9999993248411987,6.751588013109711e-07,1,GERMINATED,0.9999993248411987,0.53,LONGEST_RUN_3
pg2_2,9,0.9999867886829109,1.321131708909018e-05,1,GERMINATED,0.9999867886829109,0.53,LONGEST_RUN_3
pg2_3,0,0.9999985183119882,1.4816880118395659e-06,1,GERMINATED,0.9999985183119882,0.53,LONGEST_RUN_3
pg2_3,1,0.9999943765710382,5.6234289618206645e-06,1,GERMINATED,0.9999943765710382,0.53,LONGEST_RUN_3
pg2_3,2,0.9999961960972883,3.8039027117076074e-06,1,GERMINATED,0.9999961960972883,0.53,LONGEST_RUN_3
pg2_3,3,0.999998916529679,1.083470321017188e-06,1,GERMINATED,0.999998916529679,0.53,LONGEST_RUN_3
pg2_3,4,0.9999990667778536,9.332221464486423e-07,1,GERMINATED,0.9999990667778536,0.53,LONGEST_RUN_3
pg2_3,5,0.9999775524012167,2.244759878333724e-05,1,GERMINATED,0.9999775524012167,0.53,LONGEST_RUN_3
pg2_3,6,0.9999895423767616,1.0457623238369074e-05,1,GERMINATED,0.9999895423767616,0.53,LONGEST_RUN_3
pg2_3,7,0.9976784557344922,0.002321544265507791,1,GERMINATED,0.9976784557344922,0.53,LONGEST_RUN_3
pg2_3,8,0.9999886330550862,1.1366944913770993e-05,1,GERMINATED,0.9999886330550862,0.53,LONGEST_RUN_3
pg2_3,9,0.9999978558981888,2.1441018112078325e-06,1,GERMINATED,0.9999978558981888,0.53,LONGEST_RUN_3
pg2_4,0,0.02508164202096183,0.9749183579790381,0,NON-GERMINATED,0.9749183579790381,0.53,LONGEST_RUN_3
pg2_4,1,0.9999987119095074,1.2880904926015901e-06,1,GERMINATED,0.9999987119095074,0.53,LONGEST_RUN_3
pg2_4,2,0.9999914067491161,8.593250883870418e-06,1,GERMINATED,0.9999914067491161,0.53,LONGEST_RUN_3
pg2_4,3,0.9999738193469594,2.6180653040608348e-05,1,GERMINATED,0.9999738193469594,0.53,LONGEST_RUN_3
pg2_4,4,0.9999581421116963,4.185788830368686e-05,1,GERMINATED,0.9999581421116963,0.53,LONGEST_RUN_3
pg2_4,5,0.999997749269265,2.2507307350094763e-06,1,GERMINATED,0.999997749269265,0.53,LONGEST_RUN_3
pg2_4,6,0.9999968236325053,3.176367494694965e-06,1,GERMINATED,0.9999968236325053,0.53,LONGEST_RUN_3
pg2_4,7,0.9999956946087099,4.305391290149174e-06,1,GERMINATED,0.9999956946087099,0.53,LONGEST_RUN_3
pg2_4,8,0.9999919952816729,8.004718327070393e-06,1,GERMINATED,0.9999919952816729,0.53,LONGEST_RUN_3
pg2_4,9,0.9999981198747757,1.8801252242850452e-06,1,GERMINATED,0.9999981198747757,0.53,LONGEST_RUN_3
pg2_5,0,0.007057000800223347,0.9929429991997767,0,NON-GERMINATED,0.9929429991997767,0.53,LONGEST_RUN_3
pg2_5,1,0.999997435852091,2.5641479090010577e-06,1,GERMINATED,0.999997435852091,0.53,LONGEST_RUN_3
pg2_5,2,0.9999953734251255,4.626574874544431e-06,1,GERMINATED,0.9999953734251255,0.53,LONGEST_RUN_3
pg2_5,3,0.9999807559091374,1.9244090862624574e-05,1,GERMINATED,0.9999807559091374,0.53,LONGEST_RUN_3
pg2_5,4,0.9999982756842752,1.7243157247603946e-06,1,GERMINATED,0.9999982756842752,0.53,LONGEST_RUN_3
pg2_5,5,0.9999942904221211,5.709577878931782e-06,1,GERMINATED,0.9999942904221211,0.53,LONGEST_RUN_3
pg2_5,6,0.00294157100452673,0.9970584289954733,0,NON-GERMINATED,0.9970584289954733,0.53,LONGEST_RUN_3
pg2_5,7,0.9999627704552605,3.722954473950324e-05,1,GERMINATED,0.9999627704552605,0.53,LONGEST_RUN_3
pg2_5,8,0.9999975627344894,2.437265510635278e-06,1,GERMINATED,0.9999975627344894,0.53,LONGEST_RUN_3
pg2_5,9,0.9999466027186107,5.3397281389311324e-05,1,GERMINATED,0.9999466027186107,0.53,LONGEST_RUN_3
pg2_6,0,0.0015868380952677899,0.9984131619047322,0,NON-GERMINATED,0.9984131619047322,0.53,LONGEST_RUN_3
pg2_6,1,0.9999940193260142,5.980673985828133e-06,1,GERMINATED,0.9999940193260142,0.53,LONGEST_RUN_3
pg2_6,2,0.9996422460680563,0.0003577539319437051,1,GERMINATED,0.9996422460680563,0.53,LONGEST_RUN_3
pg2_6,3,0.9950536064455318,0.0049463935544682425,1,GERMINATED,0.9950536064455318,0.53,LONGEST_RUN_3
pg2_6,4,0.9999857015825068,1.4298417493230353e-05,1,GERMINATED,0.9999857015825068,0.53,LONGEST_RUN_3
pg2_6,5,0.999995914444947,4.085555053046086e-06,1,GERMINATED,0.999995914444947,0.53,LONGEST_RUN_3
pg2_6,6,0.9999961379908622,3.862009137822753e-06,1,GERMINATED,0.9999961379908622,0.53,LONGEST_RUN_3
pg2_6,7,0.9997978237844743,0.00020217621552565124,1,GERMINATED,0.9997978237844743,0.53,LONGEST_RUN_3
pg2_6,8,0.9999983991282986,1.6008717014237561e-06,1,GERMINATED,0.9999983991282986,0.53,LONGEST_RUN_3
pg2_6,9,0.9999956708917737,4.329108226341916e-06,1,GERMINATED,0.9999956708917737,0.53,LONGEST_RUN_3
pg2_7,0,0.006597094141623673,0.9934029058583763,0,NON-GERMINATED,0.9934029058583763,0.53,LONGEST_RUN_3
pg2_7,1,0.9847744313523861,0.01522556864761393,1,GERMINATED,0.9847744313523861,0.53,LONGEST_RUN_3
pg2_7,2,0.00565732857623116,0.9943426714237689,0,NON-GERMINATED,0.9943426714237689,0.53,LONGEST_RUN_3
pg2_7,3,0.999960338130099,3.966186990100873e-05,1,GERMINATED,0.999960338130099,0.53,LONGEST_RUN_3
pg2_7,4,0.9999976274796178,2.3725203821545193e-06,1,GERMINATED,0.9999976274796178,0.53,LONGEST_RUN_3
pg2_7,5,0.9999987673855538,1.2326144461782818e-06,1,GERMINATED,0.9999987673855538,0.53,LONGEST_RUN_3
pg2_7,6,0.9999750788786063,2.4921121393739476e-05,1,GERMINATED,0.9999750788786063,0.53,LONGEST_RUN_3
pg2_7,7,0.9999992968331473,7.0316685274463e-07,1,GERMINATED,0.9999992968331473,0.53,LONGEST_RUN_3
pg2_7,8,0.9999954605647369,4.539435263128944e-06,1,GERMINATED,0.9999954605647369,0.53,LONGEST_RUN_3
pg2_7,9,0.9999970874604144,2.9125395856199887e-06,1,GERMINATED,0.9999970874604144,0.53,LONGEST_RUN_3
pg2_8,0,0.999996630631496,3.3693685039803967e-06,1,GERMINATED,0.999996630631496,0.53,LONGEST_RUN_3
pg2_8,1,0.9999976790105449,2.32098945507353e-06,1,GERMINATED,0.9999976790105449,0.53,LONGEST_RUN_3
pg2_8,2,0.9999902390633167,9.760936683256283e-06,1,GERMINATED,0.9999902390633167,0.53,LONGEST_RUN_3
pg2_8,3,0.9999988818315995,1.1181684005379111e-06,1,GERMINATED,0.9999988818315995,0.53,LONGEST_RUN_3
pg2_8,4,0.9979620139933486,0.0020379860066513933,1,GERMINATED,0.9979620139933486,0.53,LONGEST_RUN_3
pg2_8,5,0.9999769180807524,2.3081919247602833e-05,1,GERMINATED,0.9999769180807524,0.53,LONGEST_RUN_3
pg2_8,6,0.9999947708645277,5.229135472295532e-06,1,GERMINATED,0.9999947708645277,0.53,LONGEST_RUN_3
pg2_8,7,0.9999989871350017,1.012864998317653e-06,1,GERMINATED,0.9999989871350017,0.53,LONGEST_RUN_3
pg2_8,8,0.999994562920295,5.437079705017389e-06,1,GERMINATED,0.999994562920295,0.53,LONGEST_RUN_3
pg2_8,9,0.9819437137445709,0.0180562862554291,1,GERMINATED,0.9819437137445709,0.53,LONGEST_RUN_3
pg2_9,0,0.006764343207356503,0.9932356567926435,0,NON-GERMINATED,0.9932356567926435,0.53,LONGEST_RUN_3
pg2_9,1,0.0030167225976214522,0.9969832774023786,0,NON-GERMINATED,0.9969832774023786,0.53,LONGEST_RUN_3
pg2_9,2,0.005371378366099426,0.9946286216339005,0,NON-GERMINATED,0.9946286216339005,0.53,LONGEST_RUN_3
pg2_9,3,0.011211850605410684,0.9887881493945894,0,NON-GERMINATED,0.9887881493945894,0.53,LONGEST_RUN_3
pg2_9,4,0.984456814445888,0.015543185554112049,1,GERMINATED,0.984456814445888,0.53,LONGEST_RUN_3
pg2_9,5,0.9990168147895044,0.000983185210495563,1,GERMINATED,0.9990168147895044,0.53,LONGEST_RUN_3
pg2_9,6,0.9997987674139294,0.0002012325860706321,1,GERMINATED,0.9997987674139294,0.53,LONGEST_RUN_3
pg2_9,7,0.014111127160683965,0.985888872839316,0,NON-GERMINATED,0.985888872839316,0.53,LONGEST_RUN_3
pg2_9,8,0.9999961160433731,3.883956626871132e-06,1,GERMINATED,0.9999961160433731,0.53,LONGEST_RUN_3
pg2_9,9,0.9999167566871253,8.324331287468123e-05,1,GERMINATED,0.9999167566871253,0.53,LONGEST_RUN_3
pg3_1,0,0.011645520142277675,0.9883544798577223,0,NON-GERMINATED,0.9883544798577223,0.53,LONGEST_RUN_3
pg3_1,1,0.9999995198026451,4.801973548795857e-07,1,GERMINATED,0.9999995198026451,0.53,LONGEST_RUN_3
pg3_1,2,0.9999884720250065,1.1527974993486012e-05,1,GERMINATED,0.9999884720250065,0.53,LONGEST_RUN_3
pg3_1,3,0.9999744140798785,2.558592012147365e-05,1,GERMINATED,0.9999744140798785,0.53,LONGEST_RUN_3
pg3_1,4,0.9999984653983629,1.5346016370987314e-06,1,GERMINATED,0.9999984653983629,0.53,LONGEST_RUN_3
pg3_1,5,0.9999873817285093,1.2618271490683064e-05,1,GERMINATED,0.9999873817285093,0.53,LONGEST_RUN_3
pg3_1,6,0.9999978458593717,2.154140628318757e-06,1,GERMINATED,0.9999978458593717,0.53,LONGEST_RUN_3
pg3_1,7,0.99997101328022,2.8986719780021986e-05,1,GERMINATED,0.99997101328022,0.53,LONGEST_RUN_3
pg3_1,8,0.9999990487718144,9.512281855528215e-07,1,GERMINATED,0.9999990487718144,0.53,LONGEST_RUN_3
pg3_1,9,0.9999876396157857,1.2360384214260556e-05,1,GERMINATED,0.9999876396157857,0.53,LONGEST_RUN_3
pg3_10,0,0.00023471950966341907,0.9997652804903365,0,NON-GERMINATED,0.9997652804903365,0.53,LONGEST_RUN_3
pg3_10,1,0.007027150557888412,0.9929728494421116,0,NON-GERMINATED,0.9929728494421116,0.53,LONGEST_RUN_3
pg3_10,2,0.0027598290288333794,0.9972401709711666,0,NON-GERMINATED,0.9972401709711666,0.53,LONGEST_RUN_3
pg3_10,3,0.999975354450951,2.4645549049018278e-05,1,GERMINATED,0.999975354450951,0.53,LONGEST_RUN_3
pg3_10,4,0.9997898924621941,0.00021010753780592584,1,GERMINATED,0.9997898924621941,0.53,LONGEST_RUN_3
pg3_10,5,0.9999994024025828,5.975974172178766e-07,1,GERMINATED,0.9999994024025828,0.53,LONGEST_RUN_3
pg3_10,6,0.9999938691580439,6.130841956109023e-06,1,GERMINATED,0.9999938691580439,0.53,LONGEST_RUN_3
pg3_10,7,0.9999945679757003,5.4320242997007995e-06,1,GERMINATED,0.9999945679757003,0.53,LONGEST_RUN_3
pg3_10,8,0.9999995326406471,4.673593528847775e-07,1,GERMINATED,0.9999995326406471,0.53,LONGEST_RUN_3
pg3_10,9,0.9999952093031591,4.790696840895059e-06,1,GERMINATED,0.9999952093031591,0.53,LONGEST_RUN_3
pg3_11,0,0.0068512520064118124,0.9931487479935882,0,NON-GERMINATED,0.9931487479935882,0.53,LONGEST_RUN_3
pg3_11,1,2.5192670524109532e-05,0.9999748073294759,0,NON-GERMINATED,0.9999748073294759,0.53,LONGEST_RUN_3
pg3_11,2,0.9998304699172818,0.00016953008271824999,1,GERMINATED,0.9998304699172818,0.53,LONGEST_RUN_3
pg3_11,3,0.99993697715743,6.302284256998192e-05,1,GERMINATED,0.99993697715743,0.53,LONGEST_RUN_3
pg3_11,4,0.9999954778048685,4.522195131473339e-06,1,GERMINATED,0.9999954778048685,0.53,LONGEST_RUN_3
pg3_11,5,0.9999902172648806,9.782735119423513e-06,1,GERMINATED,0.9999902172648806,0.53,LONGEST_RUN_3
pg3_11,6,0.9999979286243539,2.0713756461177013e-06,1,GERMINATED,0.9999979286243539,0.53,LONGEST_RUN_3
pg3_11,7,0.9999942534009398,5.746599060163504e-06,1,GERMINATED,0.9999942534009398,0.53,LONGEST_RUN_3
pg3_11,8,0.9999921138933114,7.88610668855938e-06,1,GERMINATED,0.9999921138933114,0.53,LONGEST_RUN_3
pg3_11,9,0.9999868037302639,1.3196269736059918e-05,1,GERMINATED,0.9999868037302639,0.53,LONGEST_RUN_3
pg3_12,0,0.006710209324248266,0.9932897906757517,0,NON-GERMINATED,0.9932897906757517,0.53,LONGEST_RUN_3
pg3_12,1,0.0014622409396123908,0.9985377590603877,0,NON-GERMINATED,0.9985377590603877,0.53,LONGEST_RUN_3
pg3_12,2,0.0022252228092212367,0.9977747771907788,0,NON-GERMINATED,0.9977747771907788,0.53,LONGEST_RUN_3
pg3_12,3,0.9995254785697482,0.0004745214302518397,1,GERMINATED,0.9995254785697482,0.53,LONGEST_RUN_3
pg3_12,4,0.9999990214973642,9.785026358066773e-07,1,GERMINATED,0.9999990214973642,0.53,LONGEST_RUN_3
pg3_12,5,0.9999992520831305,7.479168695478933e-07,1,GERMINATED,0.9999992520831305,0.53,LONGEST_RUN_3
pg3_12,6,0.9999967194668166,3.2805331834362406e-06,1,GERMINATED,0.9999967194668166,0.53,LONGEST_RUN_3
pg3_12,7,0.9999941593206637,5.840679336288623e-06,1,GERMINATED,0.9999941593206637,0.53,LONGEST_RUN_3
pg3_12,8,0.9999877548009339,1.224519906606325e-05,1,GERMINATED,0.9999877548009339,0.53,LONGEST_RUN_3
pg3_12,9,0.9999901119043889,9.888095611088055e-06,1,GERMINATED,0.9999901119043889,0.53,LONGEST_RUN_3
pg3_2,0,0.9999871015061915,1.2898493808477518e-05,1,GERMINATED,0.9999871015061915,0.53,LONGEST_RUN_3
pg3_2,1,0.6841151830490273,0.3158848169509727,1,GERMINATED,0.6841151830490273,0.53,LONGEST_RUN_3
pg3_2,2,0.9058677559679139,0.09413224403208609,1,GERMINATED,0.9058677559679139,0.53,LONGEST_RUN_3
pg3_2,3,0.18218616788041705,0.8178138321195829,0,NON-GERMINATED,0.8178138321195829,0.53,LONGEST_RUN_3
pg3_2,4,0.9999988166516104,1.18334838961065e-06,1,GERMINATED,0.9999988166516104,0.53,LONGEST_RUN_3
pg3_2,5,0.9999987334498183,1.2665501817332725e-06,1,GERMINATED,0.9999987334498183,0.53,LONGEST_RUN_3
pg3_2,6,0.9999990888661966,9.111338034051286e-07,1,GERMINATED,0.9999990888661966,0.53,LONGEST_RUN_3
pg3_2,7,0.9999010431602174,9.89568397825602e-05,1,GERMINATED,0.9999010431602174,0.53,LONGEST_RUN_3
pg3_2,8,0.9999287698058827,7.123019411725551e-05,1,GERMINATED,0.9999287698058827,0.53,LONGEST_RUN_3
pg3_2,9,0.9999954152277893,4.58477221065845e-06,1,GERMINATED,0.9999954152277893,0.53,LONGEST_RUN_3
pg3_3,0,0.0054442196567195894,0.9945557803432804,0,NON-GERMINATED,0.9945557803432804,0.53,LONGEST_RUN_3
pg3_3,1,0.0012334734096927588,0.9987665265903073,0,NON-GERMINATED,0.9987665265903073,0.53,LONGEST_RUN_3
pg3_3,2,0.9868344494472795,0.013165550552720506,1,GERMINATED,0.9868344494472795,0.53,LONGEST_RUN_3
pg3_3,3,0.9988047917430936,0.0011952082569064437,1,GERMINATED,0.9988047917430936,0.53,LONGEST_RUN_3
pg3_3,4,0.009024911711170116,0.9909750882888299,0,NON-GERMINATED,0.9909750882888299,0.53,LONGEST_RUN_3
pg3_3,5,0.9999767308290448,2.326917095518688e-05,1,GERMINATED,0.9999767308290448,0.53,LONGEST_RUN_3
pg3_3,6,0.9999746618842349,2.5338115765105584e-05,1,GERMINATED,0.9999746618842349,0.53,LONGEST_RUN_3
pg3_3,7,0.0034228793767971696,0.9965771206232028,0,NON-GERMINATED,0.9965771206232028,0.53,LONGEST_RUN_3
pg3_3,8,0.0009073435191752907,0.9990926564808247,0,NON-GERMINATED,0.9990926564808247,0.53,LONGEST_RUN_3
pg3_3,9,0.009473192937684003,0.990526807062316,0,NON-GERMINATED,0.990526807062316,0.53,LONGEST_RUN_3
pg3_4,0,0.9999991264031429,8.735968570761088e-07,1,GERMINATED,0.9999991264031429,0.53,LONGEST_RUN_3
pg3_4,1,0.9999931664766863,6.833523313654055e-06,1,GERMINATED,0.9999931664766863,0.53,LONGEST_RUN_3
pg3_4,2,0.9999985386230759,1.4613769241389463e-06,1,GERMINATED,0.9999985386230759,0.53,LONGEST_RUN_3
pg3_4,3,0.9998548767154846,0.000145123284515436,1,GERMINATED,0.9998548767154846,0.53,LONGEST_RUN_3
pg3_4,4,0.9999958530178519,4.146982148123257e-06,1,GERMINATED,0.9999958530178519,0.53,LONGEST_RUN_3
pg3_4,5,0.999825461751854,0.0001745382481459501,1,GERMINATED,0.999825461751854,0.53,LONGEST_RUN_3
pg3_4,6,0.03321144307179831,0.9667885569282016,0,NON-GERMINATED,0.9667885569282016,0.53,LONGEST_RUN_3
pg3_4,7,0.9999507023642006,4.929763579941682e-05,1,GERMINATED,0.9999507023642006,0.53,LONGEST_RUN_3
pg3_4,8,0.9999957788014795,4.221198520504288e-06,1,GERMINATED,0.9999957788014795,0.53,LONGEST_RUN_3
pg3_4,9,0.999963695875071,3.6304124929054105e-05,1,GERMINATED,0.999963695875071,0.53,LONGEST_RUN_3
pg3_5,0,0.9999990086605854,9.91339414557757e-07,1,GERMINATED,0.9999990086605854,0.53,LONGEST_RUN_3
pg3_5,1,0.9999929374838625,7.062516137468222e-06,1,GERMINATED,0.9999929374838625,0.53,LONGEST_RUN_3
pg3_5,2,0.9999991947240255,8.052759744581195e-07,1,GERMINATED,0.9999991947240255,0.53,LONGEST_RUN_3
pg3_5,3,0.9999990677228393,9.322771606923297e-07,1,GERMINATED,0.9999990677228393,0.53,LONGEST_RUN_3
pg3_5,4,0.9999986848218865,1.3151781135256613e-06,1,GERMINATED,0.9999986848218865,0.53,LONGEST_RUN_3
pg3_5,5,0.9999991513594312,8.486405688179488e-07,1,GERMINATED,0.9999991513594312,0.53,LONGEST_RUN_3
pg3_5,6,0.9999918877867803,8.112213219724218e-06,1,GERMINATED,0.9999918877867803,0.53,LONGEST_RUN_3
pg3_5,7,0.9999950890254563,4.910974543692603e-06,1,GERMINATED,0.9999950890254563,0.53,LONGEST_RUN_3
pg3_5,8,0.9999992472118502,7.527881498159417e-07,1,GERMINATED,0.9999992472118502,0.53,LONGEST_RUN_3
pg3_5,9,0.9999968843560233,3.115643976703275e-06,1,GERMINATED,0.9999968843560233,0.53,LONGEST_RUN_3
pg3_7,0,6.080414037644138e-05,0.9999391958596235,0,NON-GERMINATED,0.9999391958596235,0.53,LONGEST_RUN_3
pg3_7,1,0.007880886772595101,0.9921191132274049,0,NON-GERMINATED,0.9921191132274049,0.53,LONGEST_RUN_3
pg3_7,2,0.0011711890158427934,0.9988288109841572,0,NON-GERMINATED,0.9988288109841572,0.53,LONGEST_RUN_3
pg3_7,3,0.9968851557463024,0.0031148442536975685,1,GERMINATED,0.9968851557463024,0.53,LONGEST_RUN_3
pg3_7,4,0.9981558235622773,0.001844176437722722,1,GERMINATED,0.9981558235622773,0.53,LONGEST_RUN_3
pg3_7,5,0.9999983542072438,1.645792756188591e-06,1,GERMINATED,0.9999983542072438,0.53,LONGEST_RUN_3
pg3_7,6,0.9999981546309139,1.8453690860953387e-06,1,GERMINATED,0.9999981546309139,0.53,LONGEST_RUN_3
pg3_7,7,0.999994745928317,5.254071682947448e-06,1,GERMINATED,0.999994745928317,0.53,LONGEST_RUN_3
pg3_7,8,0.9999958305837424,4.16941625758227e-06,1,GERMINATED,0.9999958305837424,0.53,LONGEST_RUN_3
pg3_7,9,0.9999991123272004,8.876727995987821e-07,1,GERMINATED,0.9999991123272004,0.53,LONGEST_RUN_3
pg3_8,0,9.063380414080997e-05,0.9999093661958592,0,NON-GERMINATED,0.9999093661958592,0.53,LONGEST_RUN_3
pg3_8,1,0.09308966590673892,0.906910334093261,0,NON-GERMINATED,0.906910334093261,0.53,LONGEST_RUN_3
pg3_8,2,0.0012210366275059747,0.998778963372494,0,NON-GERMINATED,0.998778963372494,0.53,LONGEST_RUN_3
pg3_8,3,0.32977594090565365,0.6702240590943463,0,NON-GERMINATED,0.6702240590943463,0.53,LONGEST_RUN_3
pg3_8,4,0.9996883493247481,0.0003116506752518511,1,GERMINATED,0.9996883493247481,0.53,LONGEST_RUN_3
pg3_8,5,0.9998578764277584,0.00014212357224163696,1,GERMINATED,0.9998578764277584,0.53,LONGEST_RUN_3
pg3_8,6,0.9999953865531838,4.613446816237321e-06,1,GERMINATED,0.9999953865531838,0.53,LONGEST_RUN_3
pg3_8,7,0.999997664445318,2.3355546819869843e-06,1,GERMINATED,0.999997664445318,0.53,LONGEST_RUN_3
pg3_8,8,0.999993307859814,6.692140186004281e-06,1,GERMINATED,0.999993307859814,0.53,LONGEST_RUN_3
pg3_8,9,0.9999904967429681,9.503257031862056e-06,1,GERMINATED,0.9999904967429681,0.53,LONGEST_RUN_3
pg3_9,0,0.006778148294014597,0.9932218517059854,0,NON-GERMINATED,0.9932218517059854,0.53,LONGEST_RUN_3
pg3_9,1,0.0008317379720112649,0.9991682620279887,0,NON-GERMINATED,0.9991682620279887,0.53,LONGEST_RUN_3
pg3_9,2,0.9973604188846614,0.002639581115338574,1,GERMINATED,0.9973604188846614,0.53,LONGEST_RUN_3
pg3_9,3,0.9978734070384297,0.0021265929615702506,1,GERMINATED,0.9978734070384297,0.53,LONGEST_RUN_3
pg3_9,4,0.9999955823817522,4.417618247765098e-06,1,GERMINATED,0.9999955823817522,0.53,LONGEST_RUN_3
pg3_9,5,0.9999989903215949,1.0096784051061292e-06,1,GERMINATED,0.9999989903215949,0.53,LONGEST_RUN_3
pg3_9,6,0.9999935956415273,6.404358472655858e-06,1,GERMINATED,0.9999935956415273,0.53,LONGEST_RUN_3
pg3_9,7,0.9998616131373063,0.00013838686269374012,1,GERMINATED,0.9998616131373063,0.53,LONGEST_RUN_3
pg3_9,8,0.99999874996656,1.2500334399812019e-06,1,GERMINATED,0.99999874996656,0.53,LONGEST_RUN_3
pg3_9,9,0.999987133018164,1.2866981836001656e-05,1,GERMINATED,0.999987133018164,0.53,LONGEST_RUN_3
pg4_1,0,0.9999762544410924,2.3745558907606323e-05,1,GERMINATED,0.9999762544410924,0.53,LONGEST_RUN_3
pg4_1,1,0.9999976979056454,2.302094354589279e-06,1,GERMINATED,0.9999976979056454,0.53,LONGEST_RUN_3
pg4_1,2,0.002446645278859369,0.9975533547211406,0,NON-GERMINATED,0.9975533547211406,0.53,LONGEST_RUN_3
pg4_1,3,0.9999725223250107,2.7477674989340173e-05,1,GERMINATED,0.9999725223250107,0.53,LONGEST_RUN_3
pg4_1,4,0.9999872683517629,1.2731648237118698e-05,1,GERMINATED,0.9999872683517629,0.53,LONGEST_RUN_3
pg4_1,5,0.9969376697844826,0.0030623302155173837,1,GERMINATED,0.9969376697844826,0.53,LONGEST_RUN_3
pg4_1,6,0.9999575510233789,4.244897662109004e-05,1,GERMINATED,0.9999575510233789,0.53,LONGEST_RUN_3
pg4_1,7,0.010373407372179731,0.9896265926278203,0,NON-GERMINATED,0.9896265926278203,0.53,LONGEST_RUN_3
pg4_1,8,0.9999930480486066,6.951951393441291e-06,1,GERMINATED,0.9999930480486066,0.53,LONGEST_RUN_3
pg4_1,9,0.9999971049145411,2.8950854589204766e-06,1,GERMINATED,0.9999971049145411,0.53,LONGEST_RUN_3
pg4_10,0,0.999998610883951,1.389116048966521e-06,1,GERMINATED,0.999998610883951,0.53,LONGEST_RUN_3
pg4_10,1,0.9999617549275162,3.8245072483844567e-05,1,GERMINATED,0.9999617549275162,0.53,LONGEST_RUN_3
pg4_10,2,0.9999977823046836,2.217695316386603e-06,1,GERMINATED,0.9999977823046836,0.53,LONGEST_RUN_3
pg4_10,3,0.9999893816738186,1.0618326181432991e-05,1,GERMINATED,0.9999893816738186,0.53,LONGEST_RUN_3
pg4_10,4,0.9999920691978319,7.93080216809905e-06,1,GERMINATED,0.9999920691978319,0.53,LONGEST_RUN_3
pg4_10,5,0.9999985621175151,1.4378824848559901e-06,1,GERMINATED,0.9999985621175151,0.53,LONGEST_RUN_3
pg4_10,6,0.9999985830191226,1.4169808774111559e-06,1,GERMINATED,0.9999985830191226,0.53,LONGEST_RUN_3
pg4_10,7,0.9999949458440379,5.0541559620809196e-06,1,GERMINATED,0.9999949458440379,0.53,LONGEST_RUN_3
pg4_10,8,0.9999971343453736,2.865654626371672e-06,1,GERMINATED,0.9999971343453736,0.53,LONGEST_RUN_3
pg4_10,9,0.9999974063118695,2.593688130492211e-06,1,GERMINATED,0.9999974063118695,0.53,LONGEST_RUN_3
pg4_10,10,0.9999991554649006,8.445350994090717e-07,1,GERMINATED,0.9999991554649006,0.53,LONGEST_RUN_3
pg4_11,0,0.9999964725397213,3.527460278651695e-06,1,GERMINATED,0.9999964725397213,0.53,LONGEST_RUN_3
pg4_11,1,0.999790793520678,0.00020920647932198833,1,GERMINATED,0.999790793520678,0.53,LONGEST_RUN_3
pg4_11,2,0.9998854850036696,0.00011451499633041706,1,GERMINATED,0.9998854850036696,0.53,LONGEST_RUN_3
pg4_11,3,0.9999991716171716,8.283828284438854e-07,1,GERMINATED,0.9999991716171716,0.53,LONGEST_RUN_3
pg4_11,4,0.9999920114967638,7.988503236244782e-06,1,GERMINATED,0.9999920114967638,0.53,LONGEST_RUN_3
pg4_11,5,0.9999938408139265,6.159186073495526e-06,1,GERMINATED,0.9999938408139265,0.53,LONGEST_RUN_3
pg4_11,6,0.9999961605997756,3.839400224414646e-06,1,GERMINATED,0.9999961605997756,0.53,LONGEST_RUN_3
pg4_11,7,0.999998127484111,1.8725158890120497e-06,1,GERMINATED,0.999998127484111,0.53,LONGEST_RUN_3
pg4_11,8,0.9999895586750974,1.0441324902576987e-05,1,GERMINATED,0.9999895586750974,0.53,LONGEST_RUN_3
pg4_11,9,0.9999469992360245,5.300076397551923e-05,1,GERMINATED,0.9999469992360245,0.53,LONGEST_RUN_3
pg4_12,0,0.9979975501942022,0.002002449805797779,1,GERMINATED,0.9979975501942022,0.53,LONGEST_RUN_3
pg4_12,1,0.9999984684070592,1.5315929408066253e-06,1,GERMINATED,0.9999984684070592,0.53,LONGEST_RUN_3
pg4_12,2,0.005347826557937187,0.9946521734420628,0,NON-GERMINATED,0.9946521734420628,0.53,LONGEST_RUN_3
pg4_12,3,0.9999981549816735,1.845018326451786e-06,1,GERMINATED,0.9999981549816735,0.53,LONGEST_RUN_3
pg4_12,4,0.9999954642905374,4.53570946257198e-06,1,GERMINATED,0.9999954642905374,0.53,LONGEST_RUN_3
pg4_12,5,0.9999990810416237,9.189583762836406e-07,1,GERMINATED,0.9999990810416237,0.53,LONGEST_RUN_3
pg4_12,6,0.9999993516475771,6.483524228606541e-07,1,GERMINATED,0.9999993516475771,0.53,LONGEST_RUN_3
pg4_12,7,0.9962551785929908,0.003744821407009158,1,GERMINATED,0.9962551785929908,0.53,LONGEST_RUN_3
pg4_12,8,0.9999935566836533,6.443316346693706e-06,1,GERMINATED,0.9999935566836533,0.53,LONGEST_RUN_3
pg4_12,9,0.9999975538570007,2.4461429992683748e-06,1,GERMINATED,0.9999975538570007,0.53,LONGEST_RUN_3
pg4_2,0,0.9999971059128245,2.894087175464577e-06,1,GERMINATED,0.9999971059128245,0.53,LONGEST_RUN_3
pg4_2,1,0.00012339253165282222,0.9998766074683472,0,NON-GERMINATED,0.9998766074683472,0.53,LONGEST_RUN_3
pg4_2,2,0.0056392548844926005,0.9943607451155074,0,NON-GERMINATED,0.9943607451155074,0.53,LONGEST_RUN_3
pg4_2,3,0.9999990710395484,9.289604515627659e-07,1,GERMINATED,0.9999990710395484,0.53,LONGEST_RUN_3
pg4_2,4,0.9999995602463168,4.3975368324566944e-07,1,GERMINATED,0.9999995602463168,0.53,LONGEST_RUN_3
pg4_2,5,0.9999984946511032,1.5053488967575746e-06,1,GERMINATED,0.9999984946511032,0.53,LONGEST_RUN_3
pg4_2,6,0.9999982294994044,1.7705005955770403e-06,1,GERMINATED,0.9999982294994044,0.53,LONGEST_RUN_3
pg4_2,7,0.9999977132915326,2.286708467358345e-06,1,GERMINATED,0.9999977132915326,0.53,LONGEST_RUN_3
pg4_2,8,0.9999953976814332,4.602318566804264e-06,1,GERMINATED,0.9999953976814332,0.53,LONGEST_RUN_3
pg4_2,9,0.9999978664774816,2.1335225184326845e-06,1,GERMINATED,0.9999978664774816,0.53,LONGEST_RUN_3
pg4_3,0,0.9999166421661441,8.335783385593487e-05,1,GERMINATED,0.9999166421661441,0.53,LONGEST_RUN_3
pg4_3,1,0.9994679483259424,0.0005320516740575654,1,GERMINATED,0.9994679483259424,0.53,LONGEST_RUN_3
pg4_3,2,0.9998708455753487,0.0001291544246513343,1,GERMINATED,0.9998708455753487,0.53,LONGEST_RUN_3
pg4_3,3,0.999997055145295,2.9448547049781837e-06,1,GERMINATED,0.999997055145295,0.53,LONGEST_RUN_3
pg4_3,4,0.9999972659819141,2.7340180859258822e-06,1,GERMINATED,0.9999972659819141,0.53,LONGEST_RUN_3
pg4_3,5,0.9999814148675504,1.858513244956672e-05,1,GERMINATED,0.9999814148675504,0.53,LONGEST_RUN_3
pg4_3,6,0.9997820671191088,0.0002179328808912251,1,GERMINATED,0.9997820671191088,0.53,LONGEST_RUN_3
pg4_3,7,0.9999866099701108,1.3390029889204236e-05,1,GERMINATED,0.9999866099701108,0.53,LONGEST_RUN_3
pg4_3,8,0.9999995326406471,4.673593528847775e-07,1,GERMINATED,0.9999995326406471,0.53,LONGEST_RUN_3
pg4_3,9,0.9999983306147646,1.6693852353810712e-06,1,GERMINATED,0.9999983306147646,0.53,LONGEST_RUN_3
pg4_4,0,0.9999917466927825,8.253307217542805e-06,1,GERMINATED,0.9999917466927825,0.53,LONGEST_RUN_3
pg4_4,1,0.9999979004826434,2.099517356635161e-06,1,GERMINATED,0.9999979004826434,0.53,LONGEST_RUN_3
pg4_4,2,0.9999647277204918,3.527227950816947e-05,1,GERMINATED,0.9999647277204918,0.53,LONGEST_RUN_3
pg4_4,3,0.9999986476167124,1.3523832875783626e-06,1,GERMINATED,0.9999986476167124,0.53,LONGEST_RUN_3
pg4_4,4,0.9999986178265733,1.3821734267116526e-06,1,GERMINATED,0.9999986178265733,0.53,LONGEST_RUN_3
pg4_4,5,0.9999995300752998,4.6992470015272403e-07,1,GERMINATED,0.9999995300752998,0.53,LONGEST_RUN_3
pg4_4,6,0.9999988261987147,1.1738012852813284e-06,1,GERMINATED,0.9999988261987147,0.53,LONGEST_RUN_3
pg4_4,7,0.9999981504707196,1.849529280395501e-06,1,GERMINATED,0.9999981504707196,0.53,LONGEST_RUN_3
pg4_4,8,0.9999988160881973,1.183911802704607e-06,1,GERMINATED,0.9999988160881973,0.53,LONGEST_RUN_3
pg4_4,9,0.9999923145561576,7.685443842442297e-06,1,GERMINATED,0.9999923145561576,0.53,LONGEST_RUN_3
pg4_5,0,0.9803379471324667,0.01966205286753331,1,GERMINATED,0.9803379471324667,0.53,LONGEST_RUN_3
pg4_5,1,0.9999986911091377,1.3088908622505002e-06,1,GERMINATED,0.9999986911091377,0.53,LONGEST_RUN_3
pg4_5,2,0.9999991686874942,8.313125058334592e-07,1,GERMINATED,0.9999991686874942,0.53,LONGEST_RUN_3
pg4_5,3,0.9999979831904954,2.0168095046235734e-06,1,GERMINATED,0.9999979831904954,0.53,LONGEST_RUN_3
pg4_5,4,0.9999855944469437,1.4405553056318077e-05,1,GERMINATED,0.9999855944469437,0.53,LONGEST_RUN_3
pg4_5,5,0.9999967804043993,3.2195956006786375e-06,1,GERMINATED,0.9999967804043993,0.53,LONGEST_RUN_3
pg4_5,6,0.9999974176095726,2.582390427385839e-06,1,GERMINATED,0.9999974176095726,0.53,LONGEST_RUN_3
pg4_5,7,0.9999991275053869,8.724946131133393e-07,1,GERMINATED,0.9999991275053869,0.53,LONGEST_RUN_3
pg4_5,8,0.9999988212036253,1.1787963747345032e-06,1,GERMINATED,0.9999988212036253,0.53,LONGEST_RUN_3
pg4_5,9,0.9999789523502417,2.104764975829898e-05,1,GERMINATED,0.9999789523502417,0.53,LONGEST_RUN_3
pg4_6,0,0.004847437897007577,0.9951525621029924,0,NON-GERMINATED,0.9951525621029924,0.53,LONGEST_RUN_3
pg4_6,1,0.9998257919668401,0.00017420803315992828,1,GERMINATED,0.9998257919668401,0.53,LONGEST_RUN_3
pg4_6,2,0.9999991536570296,8.463429703731151e-07,1,GERMINATED,0.9999991536570296,0.53,LONGEST_RUN_3
pg4_6,3,0.99999897144595,1.0285540500420964e-06,1,GERMINATED,0.99999897144595,0.53,LONGEST_RUN_3
pg4_6,4,0.9999969462227648,3.0537772351957315e-06,1,GERMINATED,0.9999969462227648,0.53,LONGEST_RUN_3
pg4_6,5,0.9999945128933402,5.4871066598183305e-06,1,GERMINATED,0.9999945128933402,0.53,LONGEST_RUN_3
pg4_6,6,0.9999975924107576,2.407589242414687e-06,1,GERMINATED,0.9999975924107576,0.53,LONGEST_RUN_3
pg4_6,7,0.9999989322254852,1.0677745148068851e-06,1,GERMINATED,0.9999989322254852,0.53,LONGEST_RUN_3
pg4_6,8,0.9999965912908901,3.4087091098644606e-06,1,GERMINATED,0.9999965912908901,0.53,LONGEST_RUN_3
pg4_6,9,0.9999922518079211,7.748192078937954e-06,1,GERMINATED,0.9999922518079211,0.53,LONGEST_RUN_3
pg4_7,0,0.9999987767216809,1.223278319084642e-06,1,GERMINATED,0.9999987767216809,0.53,LONGEST_RUN_3
pg4_7,1,0.9999974305783489,2.569421651110737e-06,1,GERMINATED,0.9999974305783489,0.53,LONGEST_RUN_3
pg4_7,2,0.9966019496710358,0.0033980503289642305,1,GERMINATED,0.9966019496710358,0.53,LONGEST_RUN_3
pg4_7,3,0.0009452086230846316,0.9990547913769153,0,NON-GERMINATED,0.9990547913769153,0.53,LONGEST_RUN_3
pg4_7,4,0.0003773494716244123,0.9996226505283756,0,NON-GERMINATED,0.9996226505283756,0.53,LONGEST_RUN_3
pg4_7,5,0.0010741436226821745,0.9989258563773178,0,NON-GERMINATED,0.9989258563773178,0.53,LONGEST_RUN_3
pg4_7,6,0.9999993106427294,6.89357270600155e-07,1,GERMINATED,0.9999993106427294,0.53,LONGEST_RUN_3
pg4_7,7,0.9999816171394514,1.838286054856031e-05,1,GERMINATED,0.9999816171394514,0.53,LONGEST_RUN_3
pg4_7,8,0.9999871595867429,1.2840413257109162e-05,1,GERMINATED,0.9999871595867429,0.53,LONGEST_RUN_3
pg4_7,9,0.9999969070379061,3.092962093886875e-06,1,GERMINATED,0.9999969070379061,0.53,LONGEST_RUN_3
pg4_8,0,0.00018874991109995914,0.9998112500889,0,NON-GERMINATED,0.9998112500889,0.53,LONGEST_RUN_3
pg4_8,1,0.6291665025254439,0.3708334974745561,1,GERMINATED,0.6291665025254439,0.53,LONGEST_RUN_3
pg4_8,2,0.9999964560216351,3.5439783648838485e-06,1,GERMINATED,0.9999964560216351,0.53,LONGEST_RUN_3
pg4_8,3,0.9999989396537848,1.0603462151648202e-06,1,GERMINATED,0.9999989396537848,0.53,LONGEST_RUN_3
pg4_8,4,0.9999961284795398,3.871520460219102e-06,1,GERMINATED,0.9999961284795398,0.53,LONGEST_RUN_3
pg4_8,5,0.999996845281979,3.1547180210367287e-06,1,GERMINATED,0.999996845281979,0.53,LONGEST_RUN_3
pg4_8,6,0.999998162107871,1.8378921290418404e-06,1,GERMINATED,0.999998162107871,0.53,LONGEST_RUN_3
pg4_8,7,0.9999335739738106,6.642602618944782e-05,1,GERMINATED,0.9999335739738106,0.53,LONGEST_RUN_3
pg4_8,8,0.9999989148727337,1.0851272662648626e-06,1,GERMINATED,0.9999989148727337,0.53,LONGEST_RUN_3
pg4_8,9,0.9999993417405865,6.582594135329245e-07,1,GERMINATED,0.9999993417405865,0.53,LONGEST_RUN_3
pg4_9,0,0.005732060738032447,0.9942679392619675,0,NON-GERMINATED,0.9942679392619675,0.53,LONGEST_RUN_3
pg4_9,1,9.006994648221988e-05,0.9999099300535178,0,NON-GERMINATED,0.9999099300535178,0.53,LONGEST_RUN_3
pg4_9,2,0.9999936896359328,6.3103640671746675e-06,1,GERMINATED,0.9999936896359328,0.53,LONGEST_RUN_3
pg4_9,3,0.9999982376255725,1.7623744275052644e-06,1,GERMINATED,0.9999982376255725,0.53,LONGEST_RUN_3
pg4_9,4,0.9999938759993493,6.124000650697958e-06,1,GERMINATED,0.9999938759993493,0.53,LONGEST_RUN_3
pg4_9,5,0.9999978202882723,2.1797117276678435e-06,1,GERMINATED,0.9999978202882723,0.53,LONGEST_RUN_3
pg4_9,6,0.9999993620499457,6.379500543385319e-07,1,GERMINATED,0.9999993620499457,0.53,LONGEST_RUN_3
pg4_9,7,0.999997394347705,2.605652295040173e-06,1,GERMINATED,0.999997394347705,0.53,LONGEST_RUN_3
pg4_9,8,0.9999661440307476,3.385596925242762e-05,1,GERMINATED,0.9999661440307476,0.53,LONGEST_RUN_3
pg4_9,9,0.9999991684875473,8.315124526703244e-07,1,GERMINATED,0.9999991684875473,0.53,LONGEST_RUN_3
pg5_1,0,0.00045757471942559585,0.9995424252805744,0,NON-GERMINATED,0.9995424252805744,0.53,LONGEST_RUN_3
pg5_1,1,0.9999954529613937,4.547038606306231e-06,1,GERMINATED,0.9999954529613937,0.53,LONGEST_RUN_3
pg5_1,2,0.9999945721543969,5.4278456030898425e-06,1,GERMINATED,0.9999945721543969,0.53,LONGEST_RUN_3
pg5_1,3,0.9994035055940519,0.0005964944059481114,1,GERMINATED,0.9994035055940519,0.53,LONGEST_RUN_3
pg5_1,4,0.9999718578594218,2.8142140578224506e-05,1,GERMINATED,0.9999718578594218,0.53,LONGEST_RUN_3
pg5_1,5,0.9999752842993187,2.4715700681299246e-05,1,GERMINATED,0.9999752842993187,0.53,LONGEST_RUN_3
pg5_1,6,0.9999907070169082,9.292983091824247e-06,1,GERMINATED,0.9999907070169082,0.53,LONGEST_RUN_3
pg5_1,7,0.9999879084203306,1.2091579669415431e-05,1,GERMINATED,0.9999879084203306,0.53,LONGEST_RUN_3
pg5_1,8,0.9999993299648258,6.700351742328081e-07,1,GERMINATED,0.9999993299648258,0.53,LONGEST_RUN_3
pg5_1,9,0.9999834050190317,1.6594980968287487e-05,1,GERMINATED,0.9999834050190317,0.53,LONGEST_RUN_3
pg5_10,0,0.015410185958051156,0.9845898140419489,0,NON-GERMINATED,0.9845898140419489,0.53,LONGEST_RUN_3
pg5_10,1,0.007391792838027846,0.9926082071619722,0,NON-GERMINATED,0.9926082071619722,0.53,LONGEST_RUN_3
pg5_10,2,0.9999845041700378,1.549582996218657e-05,1,GERMINATED,0.9999845041700378,0.53,LONGEST_RUN_3
pg5_10,3,0.9999984872903905,1.5127096094635917e-06,1,GERMINATED,0.9999984872903905,0.53,LONGEST_RUN_3
pg5_10,4,0.9999973246687592,2.675331240764578e-06,1,GERMINATED,0.9999973246687592,0.53,LONGEST_RUN_3
pg5_10,5,0.999999095958017,9.040419830519397e-07,1,GERMINATED,0.999999095958017,0.53,LONGEST_RUN_3
pg5_10,6,0.9999889078989204,1.1092101079634986e-05,1,GERMINATED,0.9999889078989204,0.53,LONGEST_RUN_3
pg5_10,7,0.9999856790459924,1.4320954007551734e-05,1,GERMINATED,0.9999856790459924,0.53,LONGEST_RUN_3
pg5_10,8,0.9999830964392997,1.6903560700276543e-05,1,GERMINATED,0.9999830964392997,0.53,LONGEST_RUN_3
pg5_10,9,0.9999869544444133,1.3045555586677082e-05,1,GERMINATED,0.9999869544444133,0.53,LONGEST_RUN_3
pg5_11,0,0.998872113134903,0.0011278868650970164,1,GERMINATED,0.998872113134903,0.53,LONGEST_RUN_3
pg5_11,1,0.9999967453925268,3.2546074731909513e-06,1,GERMINATED,0.9999967453925268,0.53,LONGEST_RUN_3
pg5_11,2,0.9999949750012802,5.024998719793672e-06,1,GERMINATED,0.9999949750012802,0.53,LONGEST_RUN_3
pg5_11,3,0.9999978556204672,2.1443795328313087e-06,1,GERMINATED,0.9999978556204672,0.53,LONGEST_RUN_3
pg5_11,4,0.9999988690764459,1.1309235541379081e-06,1,GERMINATED,0.9999988690764459,0.53,LONGEST_RUN_3
pg5_11,5,0.9999992769115446,7.23088455445442e-07,1,GERMINATED,0.9999992769115446,0.53,LONGEST_RUN_3
pg5_11,6,0.0009929057211636296,0.9990070942788364,0,NON-GERMINATED,0.9990070942788364,0.53,LONGEST_RUN_3
pg5_11,7,0.0002829544198845044,0.9997170455801155,0,NON-GERMINATED,0.9997170455801155,0.53,LONGEST_RUN_3
pg5_11,8,0.9998336262925681,0.00016637370743188828,1,GERMINATED,0.9998336262925681,0.53,LONGEST_RUN_3
pg5_11,9,0.9988599429812491,0.0011400570187508619,1,GERMINATED,0.9988599429812491,0.53,LONGEST_RUN_3
pg5_12,0,0.9976983489135195,0.002301651086480505,1,GERMINATED,0.9976983489135195,0.53,LONGEST_RUN_3
pg5_12,1,0.9999322922108753,6.770778912468245e-05,1,GERMINATED,0.9999322922108753,0.53,LONGEST_RUN_3
pg5_12,2,0.9999920994371987,7.900562801310684e-06,1,GERMINATED,0.9999920994371987,0.53,LONGEST_RUN_3
pg5_12,3,0.9951510645688916,0.004848935431108425,1,GERMINATED,0.9951510645688916,0.53,LONGEST_RUN_3
pg5_12,4,0.0008719698045056246,0.9991280301954943,0,NON-GERMINATED,0.9991280301954943,0.53,LONGEST_RUN_3
pg5_12,5,0.0018573190410258904,0.9981426809589741,0,NON-GERMINATED,0.9981426809589741,0.53,LONGEST_RUN_3
pg5_12,6,0.9999897294367227,1.0270563277292588e-05,1,GERMINATED,0.9999897294367227,0.53,LONGEST_RUN_3
pg5_12,7,0.996859866798726,0.0031401332012740424,1,GERMINATED,0.996859866798726,0.53,LONGEST_RUN_3
pg5_12,8,0.9991476492384855,0.0008523507615144643,1,GERMINATED,0.9991476492384855,0.53,LONGEST_RUN_3
pg5_12,9,0.9997491400443524,0.00025085995564755326,1,GERMINATED,0.9997491400443524,0.53,LONGEST_RUN_3
pg5_2,0,0.9999985717788505,1.4282211494576202e-06,1,GERMINATED,0.9999985717788505,0.53,LONGEST_RUN_3
pg5_2,1,0.9999991429855661,8.570144338637675e-07,1,GERMINATED,0.9999991429855661,0.53,LONGEST_RUN_3
pg5_2,2,0.9999989154156269,1.0845843730900029e-06,1,GERMINATED,0.9999989154156269,0.53,LONGEST_RUN_3
pg5_2,3,0.9999995211729317,4.78827068328691e-07,1,GERMINATED,0.9999995211729317,0.53,LONGEST_RUN_3
pg5_2,4,0.999997813187788,2.186812211979472e-06,1,GERMINATED,0.999997813187788,0.53,LONGEST_RUN_3
pg5_2,5,0.9999988857482843,1.1142517156725873e-06,1,GERMINATED,0.9999988857482843,0.53,LONGEST_RUN_3
pg5_2,6,0.9999981474447392,1.8525552607506768e-06,1,GERMINATED,0.9999981474447392,0.53,LONGEST_RUN_3
pg5_2,7,0.9999968438889834,3.1561110166444806e-06,1,GERMINATED,0.9999968438889834,0.53,LONGEST_RUN_3
pg5_2,8,0.9999992638416876,7.3615831241991e-07,1,GERMINATED,0.9999992638416876,0.53,LONGEST_RUN_3
pg5_2,9,0.9999685718830286,3.142811697143255e-05,1,GERMINATED,0.9999685718830286,0.53,LONGEST_RUN_3
pg5_3,0,0.00022360133535158917,0.9997763986646484,0,NON-GERMINATED,0.9997763986646484,0.53,LONGEST_RUN_3
pg5_3,1,0.9999923651684663,7.634831533653852e-06,1,GERMINATED,0.9999923651684663,0.53,LONGEST_RUN_3
pg5_3,2,0.9999990881673172,9.118326828039258e-07,1,GERMINATED,0.9999990881673172,0.53,LONGEST_RUN_3
pg5_3,3,0.9999993199327033,6.800672966988941e-07,1,GERMINATED,0.9999993199327033,0.53,LONGEST_RUN_3
pg5_3,4,0.9999594517950665,4.054820493348821e-05,1,GERMINATED,0.9999594517950665,0.53,LONGEST_RUN_3
pg5_3,5,0.9999798064482599,2.0193551740099736e-05,1,GERMINATED,0.9999798064482599,0.53,LONGEST_RUN_3
pg5_3,6,0.9998587225954799,0.0001412774045200793,1,GERMINATED,0.9998587225954799,0.53,LONGEST_RUN_3
pg5_3,7,0.9999985610767007,1.4389232992906287e-06,1,GERMINATED,0.9999985610767007,0.53,LONGEST_RUN_3
pg5_3,8,0.9999793740148978,2.0625985102218358e-05,1,GERMINATED,0.9999793740148978,0.53,LONGEST_RUN_3
pg5_3,9,0.9999982605974231,1.7394025768613375e-06,1,GERMINATED,0.9999982605974231,0.53,LONGEST_RUN_3
pg5_5,0,0.9890838269531471,0.010916173046852884,1,GERMINATED,0.9890838269531471,0.53,LONGEST_RUN_3
pg5_5,1,0.9999955548158981,4.445184101919963e-06,1,GERMINATED,0.9999955548158981,0.53,LONGEST_RUN_3
pg5_5,2,0.9706376342245915,0.029362365775408517,1,GERMINATED,0.9706376342245915,0.53,LONGEST_RUN_3
pg5_5,3,0.9999992721362727,7.278637272900568e-07,1,GERMINATED,0.9999992721362727,0.53,LONGEST_RUN_3
pg5_5,4,0.9999605743663167,3.942563368330987e-05,1,GERMINATED,0.9999605743663167,0.53,LONGEST_RUN_3
pg5_5,5,0.9999708807142766,2.911928572335576e-05,1,GERMINATED,0.9999708807142766,0.53,LONGEST_RUN_3
pg5_5,6,0.9999990472463247,9.527536752873544e-07,1,GERMINATED,0.9999990472463247,0.53,LONGEST_RUN_3
pg5_5,7,0.9999992164440499,7.835559501234712e-07,1,GERMINATED,0.9999992164440499,0.53,LONGEST_RUN_3
pg5_5,8,0.9999987763931735,1.223606826528112e-06,1,GERMINATED,0.9999987763931735,0.53,LONGEST_RUN_3
pg5_5,9,0.9999938750910039,6.124908996096856e-06,1,GERMINATED,0.9999938750910039,0.53,LONGEST_RUN_3
pg5_6,0,0.9999962880484151,3.711951584883799e-06,1,GERMINATED,0.9999962880484151,0.53,LONGEST_RUN_3
pg5_6,1,0.9999960980303308,3.9019696691511285e-06,1,GERMINATED,0.9999960980303308,0.53,LONGEST_RUN_3
pg5_6,2,0.004916851761295835,0.9950831482387041,0,NON-GERMINATED,0.9950831482387041,0.53,LONGEST_RUN_3
pg5_6,3,0.9999992028059173,7.971940827466995e-07,1,GERMINATED,0.9999992028059173,0.53,LONGEST_RUN_3
pg5_6,4,0.9999915987311033,8.401268896673919e-06,1,GERMINATED,0.9999915987311033,0.53,LONGEST_RUN_3
pg5_6,5,0.9999990465903515,9.534096484520305e-07,1,GERMINATED,0.9999990465903515,0.53,LONGEST_RUN_3
pg5_6,6,0.9999973690430753,2.630956924654093e-06,1,GERMINATED,0.9999973690430753,0.53,LONGEST_RUN_3
pg5_6,7,0.9999929149533997,7.0850466002969625e-06,1,GERMINATED,0.9999929149533997,0.53,LONGEST_RUN_3
pg5_6,8,0.9999906143656497,9.385634350267402e-06,1,GERMINATED,0.9999906143656497,0.53,LONGEST_RUN_3
pg5_6,9,0.9999967651389864,3.2348610136123668e-06,1,GERMINATED,0.9999967651389864,0.53,LONGEST_RUN_3
pg5_7,0,0.999991340189666,8.65981033404406e-06,1,GERMINATED,0.999991340189666,0.53,LONGEST_RUN_3
pg5_7,1,0.9999923543102884,7.645689711566206e-06,1,GERMINATED,0.9999923543102884,0.53,LONGEST_RUN_3
pg5_7,2,0.9999829369768423,1.7063023157737334e-05,1,GERMINATED,0.9999829369768423,0.53,LONGEST_RUN_3
pg5_7,3,0.9999988598007368,1.1401992632276148e-06,1,GERMINATED,0.9999988598007368,0.53,LONGEST_RUN_3
pg5_7,4,0.00022235156107556594,0.9997776484389245,0,NON-GERMINATED,0.9997776484389245,0.53,LONGEST_RUN_3
pg5_7,5,0.9999970907587195,2.909241280546482e-06,1,GERMINATED,0.9999970907587195,0.53,LONGEST_RUN_3
pg5_7,6,0.9999965336666403,3.4663333596807178e-06,1,GERMINATED,0.9999965336666403,0.53,LONGEST_RUN_3
pg5_7,7,0.9999990897612824,9.102387176218585e-07,1,GERMINATED,0.9999990897612824,0.53,LONGEST_RUN_3
pg5_7,8,0.9999980401571559,1.9598428441236493e-06,1,GERMINATED,0.9999980401571559,0.53,LONGEST_RUN_3
pg5_7,9,0.9999983459715005,1.6540284994981391e-06,1,GERMINATED,0.9999983459715005,0.53,LONGEST_RUN_3
pg5_8,0,0.9819884841922757,0.01801151580772431,1,GERMINATED,0.9819884841922757,0.53,LONGEST_RUN_3
pg5_8,1,0.9998976098048672,0.00010239019513280656,1,GERMINATED,0.9998976098048672,0.53,LONGEST_RUN_3
pg5_8,2,0.999996795307463,3.204692537006615e-06,1,GERMINATED,0.999996795307463,0.53,LONGEST_RUN_3
pg5_8,3,0.9999668589691961,3.314103080387376e-05,1,GERMINATED,0.9999668589691961,0.53,LONGEST_RUN_3
pg5_8,4,0.9999666436329517,3.3356367048265056e-05,1,GERMINATED,0.9999666436329517,0.53,LONGEST_RUN_3
pg5_8,5,0.9999949452633627,5.05473663725553e-06,1,GERMINATED,0.9999949452633627,0.53,LONGEST_RUN_3
pg5_8,6,0.999991002461709,8.997538290977936e-06,1,GERMINATED,0.999991002461709,0.53,LONGEST_RUN_3
pg5_8,7,0.9999917811496474,8.218850352625928e-06,1,GERMINATED,0.9999917811496474,0.53,LONGEST_RUN_3
pg5_8,8,0.9999930797220331,6.920277966893096e-06,1,GERMINATED,0.9999930797220331,0.53,LONGEST_RUN_3
pg5_8,9,0.9999920131405974,7.986859402620006e-06,1,GERMINATED,0.9999920131405974,0.53,LONGEST_RUN_3
pg6_1,0,0.9639426745304759,0.036057325469524115,1,GERMINATED,0.9639426745304759,0.53,LONGEST_RUN_3
pg6_1,1,0.9999985930468267,1.406953173299641e-06,1,GERMINATED,0.9999985930468267,0.53,LONGEST_RUN_3
pg6_1,2,0.9999990347132212,9.652867788423336e-07,1,GERMINATED,0.9999990347132212,0.53,LONGEST_RUN_3
pg6_1,3,0.9999932170603132,6.782939686811318e-06,1,GERMINATED,0.9999932170603132,0.53,LONGEST_RUN_3
pg6_1,4,0.9999962400016073,3.7599983927494307e-06,1,GERMINATED,0.9999962400016073,0.53,LONGEST_RUN_3
pg6_1,5,0.999997425940014,2.574059986049093e-06,1,GERMINATED,0.999997425940014,0.53,LONGEST_RUN_3
pg6_1,6,0.9999988943764089,1.1056235911244272e-06,1,GERMINATED,0.9999988943764089,0.53,LONGEST_RUN_3
pg6_1,7,0.9999981246153625,1.8753846374730543e-06,1,GERMINATED,0.9999981246153625,0.53,LONGEST_RUN_3
pg6_1,8,0.9999981469245809,1.853075419111505e-06,1,GERMINATED,0.9999981469245809,0.53,LONGEST_RUN_3
pg6_1,9,0.9999962768966018,3.723103398245442e-06,1,GERMINATED,0.9999962768966018,0.53,LONGEST_RUN_3
pg6_10,0,0.9999991644506876,8.355493124057034e-07,1,GERMINATED,0.9999991644506876,0.53,LONGEST_RUN_3
pg6_10,1,0.9999859370561937,1.406294380634776e-05,1,GERMINATED,0.9999859370561937,0.53,LONGEST_RUN_3
pg6_10,2,0.9999979715726417,2.0284273583026646e-06,1,GERMINATED,0.9999979715726417,0.53,LONGEST_RUN_3
pg6_10,3,0.9999995633018566,4.3669814342450763e-07,1,GERMINATED,0.9999995633018566,0.53,LONGEST_RUN_3
pg6_10,4,0.9999989321966671,1.0678033328659353e-06,1,GERMINATED,0.9999989321966671,0.53,LONGEST_RUN_3
pg6_10,5,0.9999993855554751,6.144445249267605e-07,1,GERMINATED,0.9999993855554751,0.53,LONGEST_RUN_3
pg6_10,6,0.9999362304842163,6.376951578368484e-05,1,GERMINATED,0.9999362304842163,0.53,LONGEST_RUN_3
pg6_10,7,0.9999985891825709,1.4108174291038722e-06,1,GERMINATED,0.9999985891825709,0.53,LONGEST_RUN_3
pg6_10,8,0.9999969229966701,3.0770033299098998e-06,1,GERMINATED,0.9999969229966701,0.53,LONGEST_RUN_3
pg6_10,9,0.9999967088543203,3.291145679651386e-06,1,GERMINATED,0.9999967088543203,0.53,LONGEST_RUN_3
pg6_11,0,0.9999949259176651,5.074082334854957e-06,1,GERMINATED,0.9999949259176651,0.53,LONGEST_RUN_3
pg6_11,1,0.9999823914425628,1.7608557437154282e-05,1,GERMINATED,0.9999823914425628,0.53,LONGEST_RUN_3
pg6_11,2,0.9999238041022362,7.619589776375335e-05,1,GERMINATED,0.9999238041022362,0.53,LONGEST_RUN_3
pg6_11,3,0.9999948197048165,5.180295183482286e-06,1,GERMINATED,0.9999948197048165,0.53,LONGEST_RUN_3
pg6_11,4,0.9999499734833925,5.0026516607459826e-05,1,GERMINATED,0.9999499734833925,0.53,LONGEST_RUN_3
pg6_11,5,0.9642374614668111,0.03576253853318889,1,GERMINATED,0.9642374614668111,0.53,LONGEST_RUN_3
pg6_11,6,0.9999994299819525,5.700180475409766e-07,1,GERMINATED,0.9999994299819525,0.53,LONGEST_RUN_3
pg6_11,7,0.9958310924629198,0.004168907537080213,1,GERMINATED,0.9958310924629198,0.53,LONGEST_RUN_3
pg6_11,8,0.9999174717299796,8.252827002042107e-05,1,GERMINATED,0.9999174717299796,0.53,LONGEST_RUN_3
pg6_11,9,0.9999980522355517,1.9477644482845946e-06,1,GERMINATED,0.9999980522355517,0.53,LONGEST_RUN_3
pg6_12,0,0.9999989810705155,1.018929484453146e-06,1,GERMINATED,0.9999989810705155,0.53,LONGEST_RUN_3
pg6_12,1,0.99999957283746,4.2716254000652043e-07,1,GERMINATED,0.99999957283746,0.53,LONGEST_RUN_3
pg6_12,2,0.9999969356981123,3.064301887678589e-06,1,GERMINATED,0.9999969356981123,0.53,LONGEST_RUN_3
pg6_12,3,0.9999994053652846,5.94634715356257e-07,1,GERMINATED,0.9999994053652846,0.53,LONGEST_RUN_3
pg6_12,4,0.9999588530666033,4.114693339674069e-05,1,GERMINATED,0.9999588530666033,0.53,LONGEST_RUN_3
pg6_12,5,0.9999977356916371,2.264308362920353e-06,1,GERMINATED,0.9999977356916371,0.53,LONGEST_RUN_3
pg6_12,6,0.005123611658506015,0.994876388341494,0,NON-GERMINATED,0.994876388341494,0.53,LONGEST_RUN_3
pg6_12,7,0.9999972864392168,2.713560783185187e-06,1,GERMINATED,0.9999972864392168,0.53,LONGEST_RUN_3
pg6_12,8,0.9999869493919264,1.3050608073550407e-05,1,GERMINATED,0.9999869493919264,0.53,LONGEST_RUN_3
pg6_12,9,0.9999988038438742,1.196156125815584e-06,1,GERMINATED,0.9999988038438742,0.53,LONGEST_RUN_3
pg6_2,0,0.003364061292421369,0.9966359387075786,0,NON-GERMINATED,0.9966359387075786,0.53,LONGEST_RUN_3
pg6_2,1,0.9999797084407156,2.0291559284402183e-05,1,GERMINATED,0.9999797084407156,0.53,LONGEST_RUN_3
pg6_2,2,0.9999934741316148,6.525868385232059e-06,1,GERMINATED,0.9999934741316148,0.53,LONGEST_RUN_3
pg6_2,3,0.9999793237949508,2.0676205049197094e-05,1,GERMINATED,0.9999793237949508,0.53,LONGEST_RUN_3
pg6_2,4,0.9999986192249158,1.3807750841587918e-06,1,GERMINATED,0.9999986192249158,0.53,LONGEST_RUN_3
pg6_2,5,0.9999994394649838,5.605350161808076e-07,1,GERMINATED,0.9999994394649838,0.53,LONGEST_RUN_3
pg6_2,6,0.9999987542522097,1.2457477902572123e-06,1,GERMINATED,0.9999987542522097,0.53,LONGEST_RUN_3
pg6_2,7,0.9999993280096587,6.719903412610861e-07,1,GERMINATED,0.9999993280096587,0.53,LONGEST_RUN_3
pg6_2,8,0.9999796132923288,2.038670767123829e-05,1,GERMINATED,0.9999796132923288,0.53,LONGEST_RUN_3
pg6_2,9,0.9999950298657186,4.970134281356842e-06,1,GERMINATED,0.9999950298657186,0.53,LONGEST_RUN_3
pg6_3,0,0.023168625732153256,0.9768313742678467,0,NON-GERMINATED,0.9768313742678467,0.53,LONGEST_RUN_3
pg6_3,1,0.00047433032899691355,0.9995256696710031,0,NON-GERMINATED,0.9995256696710031,0.53,LONGEST_RUN_3
pg6_3,2,0.999957010177541,4.2989822458983085e-05,1,GERMINATED,0.999957010177541,0.53,LONGEST_RUN_3
pg6_3,3,0.9999708234268856,2.917657311440891e-05,1,GERMINATED,0.9999708234268856,0.53,LONGEST_RUN_3
pg6_3,4,0.9999970791550963,2.9208449037199102e-06,1,GERMINATED,0.9999970791550963,0.53,LONGEST_RUN_3
pg6_3,5,0.9999919171439584,8.082856041591313e-06,1,GERMINATED,0.9999919171439584,0.53,LONGEST_RUN_3
pg6_3,6,0.9999159587383466,8.404126165340031e-05,1,GERMINATED,0.9999159587383466,0.53,LONGEST_RUN_3
pg6_3,7,0.9999735317091902,2.646829080976687e-05,1,GERMINATED,0.9999735317091902,0.53,LONGEST_RUN_3
pg6_3,8,0.9999955384527434,4.461547256640053e-06,1,GERMINATED,0.9999955384527434,0.53,LONGEST_RUN_3
pg6_3,9,0.9999912974436487,8.702556351325441e-06,1,GERMINATED,0.9999912974436487,0.53,LONGEST_RUN_3
pg6_4,0,0.0027289951923130562,0.9972710048076869,0,NON-GERMINATED,0.9972710048076869,0.53,LONGEST_RUN_3
pg6_4,1,0.9999931158326749,6.884167325083013e-06,1,GERMINATED,0.9999931158326749,0.53,LONGEST_RUN_3
pg6_4,2,0.9999936643335506,6.335666449364119e-06,1,GERMINATED,0.9999936643335506,0.53,LONGEST_RUN_3
pg6_4,3,0.999982405777979,1.7594222020966832e-05,1,GERMINATED,0.999982405777979,0.53,LONGEST_RUN_3
pg6_4,4,0.9999980144075229,1.985592477105058e-06,1,GERMINATED,0.9999980144075229,0.53,LONGEST_RUN_3
pg6_4,5,0.9999954499437494,4.550056250551826e-06,1,GERMINATED,0.9999954499437494,0.53,LONGEST_RUN_3
pg6_4,6,0.9998788050029224,0.00012119499707763381,1,GERMINATED,0.9998788050029224,0.53,LONGEST_RUN_3
pg6_4,7,0.9999908870559595,9.112944040490234e-06,1,GERMINATED,0.9999908870559595,0.53,LONGEST_RUN_3
pg6_4,8,0.9999939285342561,6.071465743939797e-06,1,GERMINATED,0.9999939285342561,0.53,LONGEST_RUN_3
pg6_4,9,0.9999951256574274,4.874342572569468e-06,1,GERMINATED,0.9999951256574274,0.53,LONGEST_RUN_3
pg6_5,0,0.0013103669331283238,0.9986896330668716,0,NON-GERMINATED,0.9986896330668716,0.53,LONGEST_RUN_3
pg6_5,1,0.0003510398756407648,0.9996489601243592,0,NON-GERMINATED,0.9996489601243592,0.53,LONGEST_RUN_3
pg6_5,2,0.9999991499052344,8.500947655809554e-07,1,GERMINATED,0.9999991499052344,0.53,LONGEST_RUN_3
pg6_5,3,0.9999995660270513,4.339729486879662e-07,1,GERMINATED,0.9999995660270513,0.53,LONGEST_RUN_3
pg6_5,4,0.9999992040148983,7.959851017202979e-07,1,GERMINATED,0.9999992040148983,0.53,LONGEST_RUN_3
pg6_5,5,0.9999975276235131,2.472376486872818e-06,1,GERMINATED,0.9999975276235131,0.53,LONGEST_RUN_3
pg6_5,6,0.9999984786145493,1.5213854507312163e-06,1,GERMINATED,0.9999984786145493,0.53,LONGEST_RUN_3
pg6_5,7,0.9999973881567953,2.6118432047139706e-06,1,GERMINATED,0.9999973881567953,0.53,LONGEST_RUN_3
pg6_5,8,0.9999996901336848,3.0986631516238816e-07,1,GERMINATED,0.9999996901336848,0.53,LONGEST_RUN_3
pg6_5,9,0.9999756709550135,2.4329044986504123e-05,1,GERMINATED,0.9999756709550135,0.53,LONGEST_RUN_3
pg6_5,10,0.999998337553228,1.662446772021653e-06,1,GERMINATED,0.999998337553228,0.53,LONGEST_RUN_3
pg6_6,0,0.00014091321083607557,0.9998590867891639,0,NON-GERMINATED,0.9998590867891639,0.53,LONGEST_RUN_3
pg6_6,1,0.9999968257358858,3.174264114225167e-06,1,GERMINATED,0.9999968257358858,0.53,LONGEST_RUN_3
pg6_6,2,0.9999977624529217,2.237547078287605e-06,1,GERMINATED,0.9999977624529217,0.53,LONGEST_RUN_3
pg6_6,3,0.9999993391007074,6.608992926260271e-07,1,GERMINATED,0.9999993391007074,0.53,LONGEST_RUN_3
pg6_6,4,0.9999991852440192,8.147559807936133e-07,1,GERMINATED,0.9999991852440192,0.53,LONGEST_RUN_3
pg6_6,5,0.9999986623227354,1.3376772646234159e-06,1,GERMINATED,0.9999986623227354,0.53,LONGEST_RUN_3
pg6_6,6,0.9999992336024656,7.663975344351925e-07,1,GERMINATED,0.9999992336024656,0.53,LONGEST_RUN_3
pg6_6,7,0.9999991931261476,8.068738523991925e-07,1,GERMINATED,0.9999991931261476,0.53,LONGEST_RUN_3
pg6_6,8,0.9999974817109103,2.5182890897035293e-06,1,GERMINATED,0.9999974817109103,0.53,LONGEST_RUN_3
pg6_6,9,0.9999996002970911,3.99702908882027e-07,1,GERMINATED,0.9999996002970911,0.53,LONGEST_RUN_3
pg6_7,0,0.0014208692510525936,0.9985791307489474,0,NON-GERMINATED,0.9985791307489474,0.53,LONGEST_RUN_3
pg6_7,1,0.972685961066116,0.027314038933883955,1,GERMINATED,0.972685961066116,0.53,LONGEST_RUN_3
pg6_7,2,0.9999977192467524,2.2807532475965786e-06,1,GERMINATED,0.9999977192467524,0.53,LONGEST_RUN_3
pg6_7,3,0.9999948789229348,5.121077065184387e-06,1,GERMINATED,0.9999948789229348,0.53,LONGEST_RUN_3
pg6_7,4,0.9999990351710554,9.648289446273495e-07,1,GERMINATED,0.9999990351710554,0.53,LONGEST_RUN_3
pg6_7,5,0.9999995757519821,4.2424801793838895e-07,1,GERMINATED,0.9999995757519821,0.53,LONGEST_RUN_3
pg6_7,6,0.999999188044068,8.119559320451941e-07,1,GERMINATED,0.999999188044068,0.53,LONGEST_RUN_3
pg6_7,7,0.9999954093680894,4.590631910605936e-06,1,GERMINATED,0.9999954093680894,0.53,LONGEST_RUN_3
pg6_7,8,0.9999983046792476,1.6953207524483815e-06,1,GERMINATED,0.9999983046792476,0.53,LONGEST_RUN_3
pg6_7,9,0.9999983601591326,1.6398408674289655e-06,1,GERMINATED,0.9999983601591326,0.53,LONGEST_RUN_3
pg6_8,0,0.0007271549864616132,0.9992728450135384,0,NON-GERMINATED,0.9992728450135384,0.53,LONGEST_RUN_3
pg6_8,1,0.9999892240458987,1.0775954101260865e-05,1,GERMINATED,0.9999892240458987,0.53,LONGEST_RUN_3
pg6_8,2,0.999993808753312,6.191246687992091e-06,1,GERMINATED,0.999993808753312,0.53,LONGEST_RUN_3
pg6_8,3,0.9999984540245195,1.5459754805213777e-06,1,GERMINATED,0.9999984540245195,0.53,LONGEST_RUN_3
pg6_8,4,0.9999991745772413,8.254227586990126e-07,1,GERMINATED,0.9999991745772413,0.53,LONGEST_RUN_3
pg6_8,5,0.9999990677600354,9.322399645572688e-07,1,GERMINATED,0.9999990677600354,0.53,LONGEST_RUN_3
pg6_8,6,0.9999991574037758,8.425962242375462e-07,1,GERMINATED,0.9999991574037758,0.53,LONGEST_RUN_3
pg6_8,7,0.9999891323949331,1.0867605066855468e-05,1,GERMINATED,0.9999891323949331,0.53,LONGEST_RUN_3
pg6_8,8,0.9975229920410641,0.002477007958935906,1,GERMINATED,0.9975229920410641,0.53,LONGEST_RUN_3
pg6_8,9,0.9963396795693505,0.0036603204306494552,1,GERMINATED,0.9963396795693505,0.53,LONGEST_RUN_3
pg6_9,0,0.9999979998941096,2.0001058903540425e-06,1,GERMINATED,0.9999979998941096,0.53,LONGEST_RUN_3
pg6_9,1,0.9999991084362707,8.91563729288336e-07,1,GERMINATED,0.9999991084362707,0.53,LONGEST_RUN_3
pg6_9,2,0.9999970825058241,2.917494175913582e-06,1,GERMINATED,0.9999970825058241,0.53,LONGEST_RUN_3
pg6_9,3,0.9999971988548138,2.8011451862486325e-06,1,GERMINATED,0.9999971988548138,0.53,LONGEST_RUN_3
pg6_9,4,0.9999990265201122,9.734798878113793e-07,1,GERMINATED,0.9999990265201122,0.53,LONGEST_RUN_3
pg6_9,5,0.9999969608952728,3.039104727209363e-06,1,GERMINATED,0.9999969608952728,0.53,LONGEST_RUN_3
pg6_9,6,0.9999951914525541,4.808547445889211e-06,1,GERMINATED,0.9999951914525541,0.53,LONGEST_RUN_3
pg6_9,7,0.9999965064150464,3.493584953551121e-06,1,GERMINATED,0.9999965064150464,0.53,LONGEST_RUN_3
pg6_9,8,0.9999991742679554,8.257320446292127e-07,1,GERMINATED,0.9999991742679554,0.53,LONGEST_RUN_3
pg6_9,9,0.999998960747112,1.0392528879688001e-06,1,GERMINATED,0.999998960747112,0.53,LONGEST_RUN_3
pg7_1,0,0.0012559909121617893,0.9987440090878382,0,NON-GERMINATED,0.9987440090878382,0.53,LONGEST_RUN_3
pg7_1,1,0.0029868732930746844,0.9970131267069253,0,NON-GERMINATED,0.9970131267069253,0.53,LONGEST_RUN_3
pg7_1,2,0.0006820049548139703,0.999317995045186,0,NON-GERMINATED,0.999317995045186,0.53,LONGEST_RUN_3
pg7_1,3,0.9999987225499588,1.2774500411927292e-06,1,GERMINATED,0.9999987225499588,0.53,LONGEST_RUN_3
pg7_1,4,0.9999988121201127,1.1878798873432572e-06,1,GERMINATED,0.9999988121201127,0.53,LONGEST_RUN_3
pg7_1,5,0.9999983632700437,1.6367299563446736e-06,1,GERMINATED,0.9999983632700437,0.53,LONGEST_RUN_3
pg7_1,6,0.9999987198321786,1.280167821415823e-06,1,GERMINATED,0.9999987198321786,0.53,LONGEST_RUN_3
pg7_1,7,0.9999990071622075,9.928377925350063e-07,1,GERMINATED,0.9999990071622075,0.53,LONGEST_RUN_3
pg7_1,8,0.9999825579077116,1.7442092288377786e-05,1,GERMINATED,0.9999825579077116,0.53,LONGEST_RUN_3
pg7_1,9,0.9999990964187595,9.035812404967203e-07,1,GERMINATED,0.9999990964187595,0.53,LONGEST_RUN_3
pg7_10,0,0.9999979466175339,2.0533824660606825e-06,1,GERMINATED,0.9999979466175339,0.53,LONGEST_RUN_3
pg7_10,1,0.9999908483086829,9.151691317099697e-06,1,GERMINATED,0.9999908483086829,0.53,LONGEST_RUN_3
pg7_10,2,0.9999984068338654,1.593166134572499e-06,1,GERMINATED,0.9999984068338654,0.53,LONGEST_RUN_3
pg7_10,3,0.9963275058799271,0.0036724941200728667,1,GERMINATED,0.9963275058799271,0.53,LONGEST_RUN_3
pg7_10,4,0.9999641608385653,3.583916143468091e-05,1,GERMINATED,0.9999641608385653,0.53,LONGEST_RUN_3
pg7_10,5,0.9999897320100798,1.0267989920209608e-05,1,GERMINATED,0.9999897320100798,0.53,LONGEST_RUN_3
pg7_10,6,0.0001348696858774448,0.9998651303141226,0,NON-GERMINATED,0.9998651303141226,0.53,LONGEST_RUN_3
pg7_10,7,8.841998089110659e-05,0.9999115800191088,0,NON-GERMINATED,0.9999115800191088,0.53,LONGEST_RUN_3
pg7_10,8,0.9999990974576051,9.025423949315936e-07,1,GERMINATED,0.9999990974576051,0.53,LONGEST_RUN_3
pg7_10,9,0.9999992508535146,7.491464854014751e-07,1,GERMINATED,0.9999992508535146,0.53,LONGEST_RUN_3
pg7_11,0,0.9988643506648487,0.001135649335151312,1,GERMINATED,0.9988643506648487,0.53,LONGEST_RUN_3
pg7_11,1,0.9999891758600389,1.082413996111864e-05,1,GERMINATED,0.9999891758600389,0.53,LONGEST_RUN_3
pg7_11,2,0.9976661337199785,0.0023338662800215237,1,GERMINATED,0.9976661337199785,0.53,LONGEST_RUN_3
pg7_11,3,0.9999653481495605,3.465185043949326e-05,1,GERMINATED,0.9999653481495605,0.53,LONGEST_RUN_3
pg7_11,4,0.9999949865406924,5.013459307590118e-06,1,GERMINATED,0.9999949865406924,0.53,LONGEST_RUN_3
pg7_11,5,0.9999980654245497,1.934575450279752e-06,1,GERMINATED,0.9999980654245497,0.53,LONGEST_RUN_3
pg7_11,6,0.9999985608768663,1.4391231336619015e-06,1,GERMINATED,0.9999985608768663,0.53,LONGEST_RUN_3
pg7_11,7,0.9999995757519821,4.2424801793838895e-07,1,GERMINATED,0.9999995757519821,0.53,LONGEST_RUN_3
pg7_11,8,0.9999974118264259,2.5881735741251077e-06,1,GERMINATED,0.9999974118264259,0.53,LONGEST_RUN_3
pg7_11,9,0.9999990167200749,9.832799251485724e-07,1,GERMINATED,0.9999990167200749,0.53,LONGEST_RUN_3
pg7_12,0,0.9999985007575074,1.4992424925974746e-06,1,GERMINATED,0.9999985007575074,0.53,LONGEST_RUN_3
pg7_12,1,0.000770588539062535,0.9992294114609375,0,NON-GERMINATED,0.9992294114609375,0.53,LONGEST_RUN_3
pg7_12,2,0.0025805752223717615,0.9974194247776282,0,NON-GERMINATED,0.9974194247776282,0.53,LONGEST_RUN_3
pg7_12,3,0.9999901425170015,9.857482998532063e-06,1,GERMINATED,0.9999901425170015,0.53,LONGEST_RUN_3
pg7_12,4,0.9942367066048537,0.005763293395146252,1,GERMINATED,0.9942367066048537,0.53,LONGEST_RUN_3
pg7_12,5,0.9999994529177489,5.470822510567075e-07,1,GERMINATED,0.9999994529177489,0.53,LONGEST_RUN_3
pg7_12,6,0.9999989280889602,1.0719110398182963e-06,1,GERMINATED,0.9999989280889602,0.53,LONGEST_RUN_3
pg7_12,7,0.9999954841108908,4.515889109213411e-06,1,GERMINATED,0.9999954841108908,0.53,LONGEST_RUN_3
pg7_12,8,0.9999992520561106,7.479438893787105e-07,1,GERMINATED,0.9999992520561106,0.53,LONGEST_RUN_3
pg7_12,9,0.9999836733154581,1.6326684541878578e-05,1,GERMINATED,0.9999836733154581,0.53,LONGEST_RUN_3
pg7_2,0,0.9999469065437647,5.309345623527584e-05,1,GERMINATED,0.9999469065437647,0.53,LONGEST_RUN_3
pg7_2,1,0.9761894116454054,0.023810588354594597,1,GERMINATED,0.9761894116454054,0.53,LONGEST_RUN_3
pg7_2,2,0.00022493015210710954,0.9997750698478929,0,NON-GERMINATED,0.9997750698478929,0.53,LONGEST_RUN_3
pg7_2,3,0.9999988177949374,1.1822050626220104e-06,1,GERMINATED,0.9999988177949374,0.53,LONGEST_RUN_3
pg7_2,4,0.9999952268582452,4.773141754843557e-06,1,GERMINATED,0.9999952268582452,0.53,LONGEST_RUN_3
pg7_2,5,0.9999837986704545,1.620132954549547e-05,1,GERMINATED,0.9999837986704545,0.53,LONGEST_RUN_3
pg7_2,6,0.9999992913262172,7.086737827677325e-07,1,GERMINATED,0.9999992913262172,0.53,LONGEST_RUN_3
pg7_2,7,0.9999988884824822,1.1115175178044723e-06,1,GERMINATED,0.9999988884824822,0.53,LONGEST_RUN_3
pg7_2,8,0.9999988213804689,1.178619531083669e-06,1,GERMINATED,0.9999988213804689,0.53,LONGEST_RUN_3
pg7_2,9,0.9999994140761104,5.859238896288588e-07,1,GERMINATED,0.9999994140761104,0.53,LONGEST_RUN_3
pg7_3,0,0.0006600719719562736,0.9993399280280437,0,NON-GERMINATED,0.9993399280280437,0.53,LONGEST_RUN_3
pg7_3,1,0.9941503038754385,0.005849696124561543,1,GERMINATED,0.9941503038754385,0.53,LONGEST_RUN_3
pg7_3,2,0.9999961678624409,3.8321375590566475e-06,1,GERMINATED,0.9999961678624409,0.53,LONGEST_RUN_3
pg7_3,3,0.9999983582097193,1.6417902807264184e-06,1,GERMINATED,0.9999983582097193,0.53,LONGEST_RUN_3
pg7_3,4,0.9999950233308214,4.976669178646809e-06,1,GERMINATED,0.9999950233308214,0.53,LONGEST_RUN_3
pg7_3,5,0.999998492616067,1.5073839330081995e-06,1,GERMINATED,0.999998492616067,0.53,LONGEST_RUN_3
pg7_3,6,0.9999992853378468,7.146621532339026e-07,1,GERMINATED,0.9999992853378468,0.53,LONGEST_RUN_3
pg7_3,7,0.9999971168960599,2.88310394014335e-06,1,GERMINATED,0.9999971168960599,0.53,LONGEST_RUN_3
pg7_3,8,0.9999858958936951,1.410410630486858e-05,1,GERMINATED,0.9999858958936951,0.53,LONGEST_RUN_3
pg7_3,9,0.9999918285315057,8.171468494300171e-06,1,GERMINATED,0.9999918285315057,0.53,LONGEST_RUN_3
pg7_4,0,0.9999756686571208,2.4331342879158058e-05,1,GERMINATED,0.9999756686571208,0.53,LONGEST_RUN_3
pg7_4,1,0.9964983038411422,0.003501696158857759,1,GERMINATED,0.9964983038411422,0.53,LONGEST_RUN_3
pg7_4,2,0.9999977128525191,2.287147480850571e-06,1,GERMINATED,0.9999977128525191,0.53,LONGEST_RUN_3
pg7_4,3,0.9999936180836263,6.381916373698893e-06,1,GERMINATED,0.9999936180836263,0.53,LONGEST_RUN_3
pg7_4,4,0.9999950319227758,4.96807722416559e-06,1,GERMINATED,0.9999950319227758,0.53,LONGEST_RUN_3
pg7_4,5,0.999998474251147,1.5257488530373564e-06,1,GERMINATED,0.999998474251147,0.53,LONGEST_RUN_3
pg7_4,6,0.999998421913164,1.5780868359849265e-06,1,GERMINATED,0.999998421913164,0.53,LONGEST_RUN_3
pg7_4,7,0.9999966915088792,3.308491120845858e-06,1,GERMINATED,0.9999966915088792,0.53,LONGEST_RUN_3
pg7_4,8,0.9999624794598697,3.752054013028694e-05,1,GERMINATED,0.9999624794598697,0.53,LONGEST_RUN_3
pg7_4,9,0.9999975822954013,2.4177045987450185e-06,1,GERMINATED,0.9999975822954013,0.53,LONGEST_RUN_3
pg7_5,0,0.9999952695100871,4.730489912896374e-06,1,GERMINATED,0.9999952695100871,0.53,LONGEST_RUN_3
pg7_5,1,0.9999959606415658,4.039358434182461e-06,1,GERMINATED,0.9999959606415658,0.53,LONGEST_RUN_3
pg7_5,2,0.9986943711239381,0.0013056288760618928,1,GERMINATED,0.9986943711239381,0.53,LONGEST_RUN_3
pg7_5,3,0.9999941506924228,5.849307577188156e-06,1,GERMINATED,0.9999941506924228,0.53,LONGEST_RUN_3
pg7_5,4,0.9999863122467908,1.368775320920168e-05,1,GERMINATED,0.9999863122467908,0.53,LONGEST_RUN_3
pg7_5,5,0.9999923225033267,7.677496673297313e-06,1,GERMINATED,0.9999923225033267,0.53,LONGEST_RUN_3
pg7_5,6,0.9999964910217,3.5089783000374908e-06,1,GERMINATED,0.9999964910217,0.53,LONGEST_RUN_3
pg7_5,7,0.9999948928852535,5.10711474654979e-06,1,GERMINATED,0.9999948928852535,0.53,LONGEST_RUN_3
pg7_5,8,0.9999977734917229,2.2265082770811517e-06,1,GERMINATED,0.9999977734917229,0.53,LONGEST_RUN_3
pg7_5,9,0.9999993667101701,6.332898299099554e-07,1,GERMINATED,0.9999993667101701,0.53,LONGEST_RUN_3
pg7_6,0,0.9999913069227031,8.693077296895169e-06,1,GERMINATED,0.9999913069227031,0.53,LONGEST_RUN_3
pg7_6,1,0.9999992842595431,7.157404569024806e-07,1,GERMINATED,0.9999992842595431,0.53,LONGEST_RUN_3
pg7_6,2,0.9999971909704181,2.8090295819405142e-06,1,GERMINATED,0.9999971909704181,0.53,LONGEST_RUN_3
pg7_6,3,0.9999990923221488,9.076778512140393e-07,1,GERMINATED,0.9999990923221488,0.53,LONGEST_RUN_3
pg7_6,4,0.999997509096447,2.49090355297632e-06,1,GERMINATED,0.999997509096447,0.53,LONGEST_RUN_3
pg7_6,5,0.9998914681270339,0.00010853187296611111,1,GERMINATED,0.9998914681270339,0.53,LONGEST_RUN_3
pg7_6,6,0.9999978593295465,2.140670453454341e-06,1,GERMINATED,0.9999978593295465,0.53,LONGEST_RUN_3
pg7_6,7,0.9999973688920315,2.631107968498192e-06,1,GERMINATED,0.9999973688920315,0.53,LONGEST_RUN_3
pg7_6,8,0.9999950477513285,4.952248671474813e-06,1,GERMINATED,0.9999950477513285,0.53,LONGEST_RUN_3
pg7_6,9,0.9999986145715049,1.3854284951486662e-06,1,GERMINATED,0.9999986145715049,0.53,LONGEST_RUN_3
pg7_7,0,0.00018828532146670672,0.9998117146785332,0,NON-GERMINATED,0.9998117146785332,0.53,LONGEST_RUN_3
pg7_7,1,0.0013202054579114597,0.9986797945420886,0,NON-GERMINATED,0.9986797945420886,0.53,LONGEST_RUN_3
pg7_7,2,0.0013881364776716955,0.9986118635223283,0,NON-GERMINATED,0.9986118635223283,0.53,LONGEST_RUN_3
pg7_7,3,0.9961032311806655,0.0038967688193345396,1,GERMINATED,0.9961032311806655,0.53,LONGEST_RUN_3
pg7_7,4,0.9999972356281049,2.764371895058737e-06,1,GERMINATED,0.9999972356281049,0.53,LONGEST_RUN_3
pg7_7,5,0.9999812388829331,1.8761117066889987e-05,1,GERMINATED,0.9999812388829331,0.53,LONGEST_RUN_3
pg7_7,6,0.9999875587979129,1.244120208709898e-05,1,GERMINATED,0.9999875587979129,0.53,LONGEST_RUN_3
pg7_7,7,0.9999503539457909,4.964605420909596e-05,1,GERMINATED,0.9999503539457909,0.53,LONGEST_RUN_3
pg7_7,8,0.9999984408899804,1.559110019644372e-06,1,GERMINATED,0.9999984408899804,0.53,LONGEST_RUN_3
pg7_7,9,0.9999992130332733,7.869667266735547e-07,1,GERMINATED,0.9999992130332733,0.53,LONGEST_RUN_3
pg7_8,0,0.999995649943634,4.3500563660092695e-06,1,GERMINATED,0.999995649943634,0.53,LONGEST_RUN_3
pg7_8,1,0.01774665592076304,0.9822533440792369,0,NON-GERMINATED,0.9822533440792369,0.53,LONGEST_RUN_3
pg7_8,2,0.9999987761929798,1.2238070201675555e-06,1,GERMINATED,0.9999987761929798,0.53,LONGEST_RUN_3
pg7_8,3,0.9999860191800809,1.3980819919101606e-05,1,GERMINATED,0.9999860191800809,0.53,LONGEST_RUN_3
pg7_8,4,0.9999475756284371,5.242437156294244e-05,1,GERMINATED,0.9999475756284371,0.53,LONGEST_RUN_3
pg7_8,5,0.9999988190553504,1.1809446496258147e-06,1,GERMINATED,0.9999988190553504,0.53,LONGEST_RUN_3
pg7_8,6,0.9999970787684525,2.9212315475479755e-06,1,GERMINATED,0.9999970787684525,0.53,LONGEST_RUN_3
pg7_8,7,0.9999660215941275,3.3978405872492345e-05,1,GERMINATED,0.9999660215941275,0.53,LONGEST_RUN_3
pg7_8,8,0.9853329600088733,0.014667039991126729,1,GERMINATED,0.9853329600088733,0.53,LONGEST_RUN_3
pg7_8,9,0.004339428383812144,0.9956605716161878,0,NON-GERMINATED,0.9956605716161878,0.53,LONGEST_RUN_3
pg7_9,0,0.9999361421462309,6.385785376905595e-05,1,GERMINATED,0.9999361421462309,0.53,LONGEST_RUN_3
pg7_9,1,0.9999592908615942,4.070913840581447e-05,1,GERMINATED,0.9999592908615942,0.53,LONGEST_RUN_3
pg7_9,2,0.9999974438840012,2.55611599875305e-06,1,GERMINATED,0.9999974438840012,0.53,LONGEST_RUN_3
pg7_9,3,0.9998662566157526,0.00013374338424743115,1,GERMINATED,0.9998662566157526,0.53,LONGEST_RUN_3
pg7_9,4,0.9997473512461891,0.00025264875381092455,1,GERMINATED,0.9997473512461891,0.53,LONGEST_RUN_3
pg7_9,5,0.9999975929239788,2.407076021171406e-06,1,GERMINATED,0.9999975929239788,0.53,LONGEST_RUN_3
pg7_9,6,0.9999966748135438,3.325186456182294e-06,1,GERMINATED,0.9999966748135438,0.53,LONGEST_RUN_3
pg7_9,7,0.9999835621837211,1.643781627891361e-05,1,GERMINATED,0.9999835621837211,0.53,LONGEST_RUN_3
pg7_9,8,0.9999932867882113,6.713211788689222e-06,1,GERMINATED,0.9999932867882113,0.53,LONGEST_RUN_3
pg7_9,9,0.9999989456300823,1.0543699177079091e-06,1,GERMINATED,0.9999989456300823,0.53,LONGEST_RUN_3
pg8_1,0,0.9999992880389978,7.119610021533163e-07,1,GERMINATED,0.9999992880389978,0.53,LONGEST_RUN_3
pg8_1,1,0.9999682856959171,3.1714304082886e-05,1,GERMINATED,0.9999682856959171,0.53,LONGEST_RUN_3
pg8_1,2,0.9999927481994488,7.251800551166809e-06,1,GERMINATED,0.9999927481994488,0.53,LONGEST_RUN_3
pg8_1,3,0.9999984247219807,1.5752780192501703e-06,1,GERMINATED,0.9999984247219807,0.53,LONGEST_RUN_3
pg8_1,4,0.9999682320411717,3.1767958828310405e-05,1,GERMINATED,0.9999682320411717,0.53,LONGEST_RUN_3
pg8_1,5,0.9999419640649697,5.8035935030287256e-05,1,GERMINATED,0.9999419640649697,0.53,LONGEST_RUN_3
pg8_1,6,0.9957202602958924,0.004279739704107555,1,GERMINATED,0.9957202602958924,0.53,LONGEST_RUN_3
pg8_1,7,0.9999990178589802,9.82141019845173e-07,1,GERMINATED,0.9999990178589802,0.53,LONGEST_RUN_3
pg8_1,8,0.9999868247914306,1.3175208569360386e-05,1,GERMINATED,0.9999868247914306,0.53,LONGEST_RUN_3
pg8_1,9,0.9998459932699583,0.0001540067300417336,1,GERMINATED,0.9998459932699583,0.53,LONGEST_RUN_3
pg8_1,10,0.9999974765011403,2.5234988596523067e-06,1,GERMINATED,0.9999974765011403,0.53,LONGEST_RUN_3
pg8_1,11,0.9999993039263386,6.96073661377028e-07,1,GERMINATED,0.9999993039263386,0.53,LONGEST_RUN_3
