group,track_id,total_frames,pg_el_count,pg_im_count,pg_el_fraction,first_pg_el_frame,last_pg_el_frame,longest_pg_el_run,final_pg_el_run,first_pg_el_persistence,pg_el_run_count,pg_el_by_24,pg_el_by_48,pg_el_by_72,stable_3,stable_5,stable_10,stable_15,stable_20,final_class,germination_target,final_label,reversal_count
pg1_1,0,97,72,25,0.7422680412371134,26.0,97.0,72,72,72,1,False,True,True,True,True,True,True,True,pg_el,1,GERMINATED,0
pg1_1,1,97,59,38,0.6082474226804123,39.0,97.0,59,59,59,1,False,True,True,True,True,True,True,True,pg_el,1,GERMINATED,0
pg1_1,2,97,0,97,0.0,,,0,0,0,0,False,False,False,False,False,False,False,False,pg_im,0,NON-GERMINATED,0
pg1_1,3,97,40,57,0.41237113402061853,57.0,97.0,39,39,1,2,False,False,True,True,True,True,True,True,pg_el,1,GERMINATED,1
pg1_1,4,97,0,97,0.0,,,0,0,0,0,False,False,False,False,False,False,False,False,pg_im,0,NON-GERMINATED,0
pg1_1,5,97,0,97,0.0,,,0,0,0,0,False,False,False,False,False,False,False,False,pg_im,0,NON-GERMINATED,0
pg1_1,6,97,0,97,0.0,,,0,0,0,0,False,False,False,False,False,False,False,False,pg_im,0,NON-GERMINATED,0
pg1_1,7,97,6,91,0.061855670103092786,92.0,97.0,6,6,6,1,False,False,False,True,True,False,False,False,pg_el,1,GERMINATED,0
pg1_1,8,97,58,39,0.5979381443298969,40.0,97.0,58,58,58,1,False,True,True,True,True,True,True,True,pg_el,1,GERMINATED,0
pg1_1,9,97,82,15,0.845360824742268,16.0,97.0,82,82,82,1,True,True,True,True,True,True,True,True,pg_el,1,GERMINATED,0
pg1_10,0,97,43,54,0.44329896907216493,55.0,97.0,43,43,43,1,False,False,True,True,True,True,True,True,pg_el,1,GERMINATED,0
pg1_10,1,97,0,97,0.0,,,0,0,0,0,False,False,False,False,False,False,False,False,pg_im,0,NON-GERMINATED,0
pg1_10,2,97,52,45,0.5360824742268041,46.0,97.0,52,52,52,1,False,True,True,True,True,True,True,True,pg_el,1,GERMINATED,0
pg1_10,3,97,82,15,0.845360824742268,16.0,97.0,82,82,82,1,True,True,True,True,True,True,True,True,pg_el,1,GERMINATED,0
pg1_10,4,97,73,24,0.7525773195876289,25.0,97.0,73,73,73,1,False,True,True,True,True,True,True,True,pg_el,1,GERMINATED,0
pg1_10,5,97,77,20,0.7938144329896907,21.0,97.0,77,77,77,1,True,True,True,True,True,True,True,True,pg_el,1,GERMINATED,0
pg1_10,6,97,87,10,0.8969072164948454,11.0,97.0,87,87,87,1,True,True,True,True,True,True,True,True,pg_el,1,GERMINATED,0
pg1_10,7,97,0,97,0.0,,,0,0,0,0,False,False,False,False,False,False,False,False,pg_im,0,NON-GERMINATED,0
pg1_10,8,97,73,24,0.7525773195876289,25.0,97.0,73,73,73,1,False,True,True,True,True,True,True,True,pg_el,1,GERMINATED,0
pg1_10,9,97,46,51,0.4742268041237113,52.0,97.0,46,46,46,1,False,False,True,True,True,True,True,True,pg_el,1,GERMINATED,0
pg1_11,0,97,0,97,0.0,,,0,0,0,0,False,False,False,False,False,False,False,False,pg_im,0,NON-GERMINATED,0
pg1_11,1,97,50,47,0.5154639175257731,48.0,97.0,50,50,50,1,False,True,True,True,True,True,True,True,pg_el,1,GERMINATED,0
pg1_11,2,97,4,93,0.041237113402061855,94.0,97.0,4,4,4,1,False,False,False,True,False,False,False,False,pg_el,1,GERMINATED,0
pg1_11,3,97,76,21,0.7835051546391752,22.0,97.0,76,76,76,1,True,True,True,True,True,True,True,True,pg_el,1,GERMINATED,0
pg1_11,4,97,77,20,0.7938144329896907,21.0,97.0,77,77,77,1,True,True,True,True,True,True,True,True,pg_el,1,GERMINATED,0
pg1_11,5,97,75,22,0.7731958762886598,23.0,97.0,75,75,75,1,True,True,True,True,True,True,True,True,pg_el,1,GERMINATED,0
pg1_11,6,97,68,29,0.7010309278350515,30.0,97.0,68,68,68,1,False,True,True,True,True,True,True,True,pg_el,1,GERMINATED,0
pg1_11,7,97,83,14,0.8556701030927835,15.0,97.0,83,83,83,1,True,True,True,True,True,True,True,True,pg_el,1,GERMINATED,0
pg1_11,8,97,58,39,0.5979381443298969,40.0,97.0,58,58,58,1,False,True,True,True,True,True,True,True,pg_el,1,GERMINATED,0
pg1_11,9,97,74,23,0.7628865979381443,24.0,97.0,74,74,74,1,True,True,True,True,True,True,True,True,pg_el,1,GERMINATED,0
pg1_12,0,97,69,28,0.711340206185567,29.0,97.0,69,69,69,1,False,True,True,True,True,True,True,True,pg_el,1,GERMINATED,0
pg1_12,1,97,82,15,0.845360824742268,16.0,97.0,82,82,82,1,True,True,True,True,True,True,True,True,pg_el,1,GERMINATED,0
pg1_12,2,97,77,20,0.7938144329896907,21.0,97.0,77,77,77,1,True,True,True,True,True,True,True,True,pg_el,1,GERMINATED,0
pg1_12,3,97,62,35,0.6391752577319587,36.0,97.0,62,62,62,1,False,True,True,True,True,True,True,True,pg_el,1,GERMINATED,0
pg1_12,4,97,72,25,0.7422680412371134,26.0,97.0,72,72,72,1,False,True,True,True,True,True,True,True,pg_el,1,GERMINATED,0
pg1_12,5,97,84,13,0.865979381443299,14.0,97.0,84,84,84,1,True,True,True,True,True,True,True,True,pg_el,1,GERMINATED,0
pg1_12,6,97,69,28,0.711340206185567,29.0,97.0,69,69,69,1,False,True,True,True,True,True,True,True,pg_el,1,GERMINATED,0
pg1_12,7,97,71,26,0.7319587628865979,27.0,97.0,71,71,71,1,False,True,True,True,True,True,True,True,pg_el,1,GERMINATED,0
pg1_12,8,97,66,31,0.6804123711340206,32.0,97.0,66,66,66,1,False,True,True,True,True,True,True,True,pg_el,1,GERMINATED,0
pg1_12,9,97,80,17,0.8247422680412371,18.0,97.0,80,80,80,1,True,True,True,True,True,True,True,True,pg_el,1,GERMINATED,0
pg1_2,0,97,53,44,0.5463917525773195,45.0,97.0,53,53,53,1,False,True,True,True,True,True,True,True,pg_el,1,GERMINATED,0
pg1_2,1,97,29,68,0.29896907216494845,69.0,97.0,29,29,29,1,False,False,True,True,True,True,True,True,pg_el,1,GERMINATED,0
pg1_2,2,97,80,17,0.8247422680412371,18.0,97.0,80,80,80,1,True,True,True,True,True,True,True,True,pg_el,1,GERMINATED,0
pg1_2,3,97,63,34,0.6494845360824743,35.0,97.0,63,63,63,1,False,True,True,True,True,True,True,True,pg_el,1,GERMINATED,0
pg1_2,4,97,45,52,0.4639175257731959,53.0,97.0,45,45,45,1,False,False,True,True,True,True,True,True,pg_el,1,GERMINATED,0
pg1_2,5,97,74,23,0.7628865979381443,24.0,97.0,74,74,74,1,True,True,True,True,True,True,True,True,pg_el,1,GERMINATED,0
pg1_2,6,97,73,24,0.7525773195876289,25.0,97.0,73,73,73,1,False,True,True,True,True,True,True,True,pg_el,1,GERMINATED,0
pg1_2,7,97,77,20,0.7938144329896907,21.0,97.0,77,77,77,1,True,True,True,True,True,True,True,True,pg_el,1,GERMINATED,0
pg1_2,8,97,44,53,0.4536082474226804,54.0,97.0,44,44,44,1,False,False,True,True,True,True,True,True,pg_el,1,GERMINATED,0
pg1_2,9,97,83,14,0.8556701030927835,15.0,97.0,83,83,83,1,True,True,True,True,True,True,True,True,pg_el,1,GERMINATED,0
pg1_3,0,97,0,97,0.0,,,0,0,0,0,False,False,False,False,False,False,False,False,pg_im,0,NON-GERMINATED,0
pg1_3,1,97,0,97,0.0,,,0,0,0,0,False,False,False,False,False,False,False,False,pg_im,0,NON-GERMINATED,0
pg1_3,2,97,0,97,0.0,,,0,0,0,0,False,False,False,False,False,False,False,False,pg_im,0,NON-GERMINATED,0
pg1_3,3,97,69,28,0.711340206185567,29.0,97.0,69,69,69,1,False,True,True,True,True,True,True,True,pg_el,1,GERMINATED,0
pg1_3,4,97,67,30,0.6907216494845361,31.0,97.0,67,67,67,1,False,True,True,True,True,True,True,True,pg_el,1,GERMINATED,0
pg1_3,5,97,64,33,0.6597938144329897,34.0,97.0,64,64,64,1,False,True,True,True,True,True,True,True,pg_el,1,GERMINATED,0
pg1_3,6,97,71,26,0.7319587628865979,27.0,97.0,71,71,71,1,False,True,True,True,True,True,True,True,pg_el,1,GERMINATED,0
pg1_3,7,97,80,17,0.8247422680412371,18.0,97.0,80,80,80,1,True,True,True,True,True,True,True,True,pg_el,1,GERMINATED,0
pg1_3,8,97,77,20,0.7938144329896907,21.0,97.0,77,77,77,1,True,True,True,True,True,True,True,True,pg_el,1,GERMINATED,0
pg1_3,9,97,86,11,0.8865979381443299,12.0,97.0,86,86,86,1,True,True,True,True,True,True,True,True,pg_el,1,GERMINATED,0
pg1_4,0,97,70,27,0.7216494845360825,28.0,97.0,70,70,70,1,False,True,True,True,True,True,True,True,pg_el,1,GERMINATED,0
pg1_4,1,97,60,37,0.6185567010309279,38.0,97.0,60,60,60,1,False,True,True,True,True,True,True,True,pg_el,1,GERMINATED,0
pg1_4,2,97,62,35,0.6391752577319587,35.0,97.0,61,61,1,2,False,True,True,True,True,True,True,True,pg_el,1,GERMINATED,1
pg1_4,3,97,69,28,0.711340206185567,29.0,97.0,69,69,69,1,False,True,True,True,True,True,True,True,pg_el,1,GERMINATED,0
pg1_4,4,97,67,30,0.6907216494845361,31.0,97.0,67,67,67,1,False,True,True,True,True,True,True,True,pg_el,1,GERMINATED,0
pg1_4,5,97,0,97,0.0,,,0,0,0,0,False,False,False,False,False,False,False,False,pg_im,0,NON-GERMINATED,0
pg1_4,6,97,13,84,0.13402061855670103,85.0,97.0,13,13,13,1,False,False,False,True,True,True,False,False,pg_el,1,GERMINATED,0
pg1_4,7,97,0,97,0.0,,,0,0,0,0,False,False,False,False,False,False,False,False,pg_im,0,NON-GERMINATED,0
pg1_4,8,97,72,25,0.7422680412371134,26.0,97.0,72,72,72,1,False,True,True,True,True,True,True,True,pg_el,1,GERMINATED,0
pg1_4,9,97,62,35,0.6391752577319587,36.0,97.0,62,62,62,1,False,True,True,True,True,True,True,True,pg_el,1,GERMINATED,0
pg1_5,0,97,72,25,0.7422680412371134,26.0,97.0,72,72,72,1,False,True,True,True,True,True,True,True,pg_el,1,GERMINATED,0
pg1_5,1,97,0,97,0.0,,,0,0,0,0,False,False,False,False,False,False,False,False,pg_im,0,NON-GERMINATED,0
pg1_5,2,97,0,97,0.0,,,0,0,0,0,False,False,False,False,False,False,False,False,pg_im,0,NON-GERMINATED,0
pg1_5,3,97,0,97,0.0,,,0,0,0,0,False,False,False,False,False,False,False,False,pg_im,0,NON-GERMINATED,0
pg1_5,4,97,0,97,0.0,,,0,0,0,0,False,False,False,False,False,False,False,False,pg_im,0,NON-GERMINATED,0
pg1_5,5,97,74,23,0.7628865979381443,24.0,97.0,74,74,74,1,True,True,True,True,True,True,True,True,pg_el,1,GERMINATED,0
pg1_5,6,97,72,25,0.7422680412371134,26.0,97.0,72,72,72,1,False,True,True,True,True,True,True,True,pg_el,1,GERMINATED,0
pg1_5,7,97,71,26,0.7319587628865979,27.0,97.0,71,71,71,1,False,True,True,True,True,True,True,True,pg_el,1,GERMINATED,0
pg1_5,8,97,72,25,0.7422680412371134,26.0,97.0,72,72,72,1,False,True,True,True,True,True,True,True,pg_el,1,GERMINATED,0
pg1_5,9,97,73,24,0.7525773195876289,25.0,97.0,73,73,73,1,False,True,True,True,True,True,True,True,pg_el,1,GERMINATED,0
pg1_6,0,97,85,12,0.8762886597938144,13.0,97.0,85,85,85,1,True,True,True,True,True,True,True,True,pg_el,1,GERMINATED,0
pg1_6,1,97,0,97,0.0,,,0,0,0,0,False,False,False,False,False,False,False,False,pg_im,0,NON-GERMINATED,0
pg1_6,2,97,0,97,0.0,,,0,0,0,0,False,False,False,False,False,False,False,False,pg_im,0,NON-GERMINATED,0
pg1_6,3,97,0,97,0.0,,,0,0,0,0,False,False,False,False,False,False,False,False,pg_im,0,NON-GERMINATED,0
pg1_6,4,97,83,14,0.8556701030927835,15.0,97.0,83,83,83,1,True,True,True,True,True,True,True,True,pg_el,1,GERMINATED,0
pg1_6,5,97,87,10,0.8969072164948454,11.0,97.0,87,87,87,1,True,True,True,True,True,True,True,True,pg_el,1,GERMINATED,0
pg1_6,6,97,87,10,0.8969072164948454,11.0,97.0,87,87,87,1,True,True,True,True,True,True,True,True,pg_el,1,GERMINATED,0
pg1_6,7,97,84,13,0.865979381443299,14.0,97.0,84,84,84,1,True,True,True,True,True,True,True,True,pg_el,1,GERMINATED,0
pg1_6,8,97,67,30,0.6907216494845361,31.0,97.0,67,67,67,1,False,True,True,True,True,True,True,True,pg_el,1,GERMINATED,0
pg1_6,9,97,85,12,0.8762886597938144,13.0,97.0,85,85,85,1,True,True,True,True,True,True,True,True,pg_el,1,GERMINATED,0
pg1_7,0,97,69,28,0.711340206185567,29.0,97.0,69,69,69,1,False,True,True,True,True,True,True,True,pg_el,1,GERMINATED,0
pg1_7,1,97,73,24,0.7525773195876289,25.0,97.0,73,73,73,1,False,True,True,True,True,True,True,True,pg_el,1,GERMINATED,0
pg1_7,2,97,23,74,0.23711340206185566,75.0,97.0,23,23,23,1,False,False,False,True,True,True,True,True,pg_el,1,GERMINATED,0
pg1_7,3,97,74,23,0.7628865979381443,24.0,97.0,74,74,74,1,True,True,True,True,True,True,True,True,pg_el,1,GERMINATED,0
pg1_7,4,97,72,25,0.7422680412371134,26.0,97.0,72,72,72,1,False,True,True,True,True,True,True,True,pg_el,1,GERMINATED,0
pg1_7,5,97,70,27,0.7216494845360825,28.0,97.0,70,70,70,1,False,True,True,True,True,True,True,True,pg_el,1,GERMINATED,0
pg1_7,6,97,50,47,0.5154639175257731,48.0,97.0,50,50,50,1,False,True,True,True,True,True,True,True,pg_el,1,GERMINATED,0
pg1_7,7,97,78,19,0.8041237113402062,20.0,97.0,78,78,78,1,True,True,True,True,True,True,True,True,pg_el,1,GERMINATED,0
pg1_7,8,97,75,22,0.7731958762886598,23.0,97.0,75,75,75,1,True,True,True,True,True,True,True,True,pg_el,1,GERMINATED,0
pg1_7,9,97,72,25,0.7422680412371134,26.0,97.0,72,72,72,1,False,True,True,True,True,True,True,True,pg_el,1,GERMINATED,0
pg1_8,0,97,72,25,0.7422680412371134,26.0,97.0,72,72,72,1,False,True,True,True,True,True,True,True,pg_el,1,GERMINATED,0
pg1_8,1,97,61,36,0.6288659793814433,36.0,97.0,60,60,1,2,False,True,True,True,True,True,True,True,pg_el,1,GERMINATED,1
pg1_8,2,97,71,26,0.7319587628865979,27.0,97.0,71,71,71,1,False,True,True,True,True,True,True,True,pg_el,1,GERMINATED,0
pg1_8,3,97,0,97,0.0,,,0,0,0,0,False,False,False,False,False,False,False,False,pg_im,0,NON-GERMINATED,0
pg1_8,4,97,71,26,0.7319587628865979,27.0,97.0,71,71,71,1,False,True,True,True,True,True,True,True,pg_el,1,GERMINATED,0
pg1_8,5,97,0,97,0.0,,,0,0,0,0,False,False,False,False,False,False,False,False,pg_im,0,NON-GERMINATED,0
pg1_8,6,97,0,97,0.0,,,0,0,0,0,False,False,False,False,False,False,False,False,pg_im,0,NON-GERMINATED,0
pg1_8,7,97,0,97,0.0,,,0,0,0,0,False,False,False,False,False,False,False,False,pg_im,0,NON-GERMINATED,0
pg1_8,8,97,70,27,0.7216494845360825,28.0,97.0,70,70,70,1,False,True,True,True,True,True,True,True,pg_el,1,GERMINATED,0
pg1_8,9,97,83,14,0.8556701030927835,12.0,97.0,81,81,1,3,True,True,True,True,True,True,True,True,pg_el,1,GERMINATED,2
pg1_9,0,97,85,12,0.8762886597938144,13.0,97.0,85,85,85,1,True,True,True,True,True,True,True,True,pg_el,1,GERMINATED,0
pg1_9,1,97,57,40,0.5876288659793815,41.0,97.0,57,57,57,1,False,True,True,True,True,True,True,True,pg_el,1,GERMINATED,0
pg1_9,2,97,34,63,0.35051546391752575,64.0,97.0,34,34,34,1,False,False,True,True,True,True,True,True,pg_el,1,GERMINATED,0
pg1_9,3,97,52,45,0.5360824742268041,45.0,97.0,51,51,1,2,False,True,True,True,True,True,True,True,pg_el,1,GERMINATED,1
pg1_9,4,97,56,41,0.5773195876288659,42.0,97.0,56,56,56,1,False,True,True,True,True,True,True,True,pg_el,1,GERMINATED,0
pg1_9,5,97,68,29,0.7010309278350515,30.0,97.0,68,68,68,1,False,True,True,True,True,True,True,True,pg_el,1,GERMINATED,0
pg1_9,6,97,71,26,0.7319587628865979,27.0,97.0,71,71,71,1,False,True,True,True,True,True,True,True,pg_el,1,GERMINATED,0
pg1_9,7,97,75,22,0.7731958762886598,23.0,97.0,75,75,75,1,True,True,True,True,True,True,True,True,pg_el,1,GERMINATED,0
pg1_9,8,97,65,32,0.6701030927835051,33.0,97.0,65,65,65,1,False,True,True,True,True,True,True,True,pg_el,1,GERMINATED,0
pg1_9,9,97,57,40,0.5876288659793815,41.0,97.0,57,57,57,1,False,True,True,True,True,True,True,True,pg_el,1,GERMINATED,0
pg2_1,0,97,72,25,0.7422680412371134,26.0,97.0,72,72,72,1,False,True,True,True,True,True,True,True,pg_el,1,GERMINATED,0
pg2_1,1,97,0,97,0.0,,,0,0,0,0,False,False,False,False,False,False,False,False,pg_im,0,NON-GERMINATED,0
pg2_1,2,97,65,32,0.6701030927835051,33.0,97.0,65,65,65,1,False,True,True,True,True,True,True,True,pg_el,1,GERMINATED,0
pg2_1,3,97,70,27,0.7216494845360825,26.0,97.0,69,69,1,2,False,True,True,True,True,True,True,True,pg_el,1,GERMINATED,1
pg2_1,4,97,33,64,0.3402061855670103,65.0,97.0,33,33,33,1,False,False,True,True,True,True,True,True,pg_el,1,GERMINATED,0
pg2_1,5,97,36,61,0.3711340206185567,62.0,97.0,36,36,36,1,False,False,True,True,True,True,True,True,pg_el,1,GERMINATED,0
pg2_1,6,97,83,14,0.8556701030927835,14.0,97.0,79,79,4,2,True,True,True,True,True,True,True,True,pg_el,1,GERMINATED,1
pg2_1,7,97,80,17,0.8247422680412371,18.0,97.0,80,80,80,1,True,True,True,True,True,True,True,True,pg_el,1,GERMINATED,0
pg2_1,8,97,64,33,0.6597938144329897,34.0,97.0,64,64,64,1,False,True,True,True,True,True,True,True,pg_el,1,GERMINATED,0
pg2_1,9,97,67,30,0.6907216494845361,31.0,97.0,67,67,67,1,False,True,True,True,True,True,True,True,pg_el,1,GERMINATED,0
pg2_10,0,97,0,97,0.0,,,0,0,0,0,False,False,False,False,False,False,False,False,pg_im,0,NON-GERMINATED,0
pg2_10,1,97,0,97,0.0,,,0,0,0,0,False,False,False,False,False,False,False,False,pg_im,0,NON-GERMINATED,0
pg2_10,2,97,0,97,0.0,,,0,0,0,0,False,False,False,False,False,False,False,False,pg_im,0,NON-GERMINATED,0
pg2_10,3,97,77,20,0.7938144329896907,21.0,97.0,77,77,77,1,True,True,True,True,True,True,True,True,pg_el,1,GERMINATED,0
pg2_10,4,97,80,17,0.8247422680412371,18.0,97.0,80,80,80,1,True,True,True,True,True,True,True,True,pg_el,1,GERMINATED,0
pg2_10,5,97,79,18,0.8144329896907216,19.0,97.0,79,79,79,1,True,True,True,True,True,True,True,True,pg_el,1,GERMINATED,0
pg2_10,6,97,79,18,0.8144329896907216,19.0,97.0,79,79,79,1,True,True,True,True,True,True,True,True,pg_el,1,GERMINATED,0
pg2_10,7,97,47,50,0.4845360824742268,51.0,97.0,47,47,47,1,False,False,True,True,True,True,True,True,pg_el,1,GERMINATED,0
pg2_10,8,97,80,17,0.8247422680412371,18.0,97.0,80,80,80,1,True,True,True,True,True,True,True,True,pg_el,1,GERMINATED,0
pg2_10,9,97,82,15,0.845360824742268,16.0,97.0,82,82,82,1,True,True,True,True,True,True,True,True,pg_el,1,GERMINATED,0
pg2_11,0,97,0,97,0.0,,,0,0,0,0,False,False,False,False,False,False,False,False,pg_im,0,NON-GERMINATED,0
pg2_11,1,97,78,19,0.8041237113402062,20.0,97.0,78,78,78,1,True,True,True,True,True,True,True,True,pg_el,1,GERMINATED,0
pg2_11,2,97,83,14,0.8556701030927835,15.0,97.0,83,83,83,1,True,True,True,True,True,True,True,True,pg_el,1,GERMINATED,0
pg2_11,3,97,31,66,0.31958762886597936,66.0,97.0,30,30,1,2,False,False,True,True,True,True,True,True,pg_el,1,GERMINATED,1
pg2_11,4,97,78,19,0.8041237113402062,20.0,97.0,78,78,78,1,True,True,True,True,True,True,True,True,pg_el,1,GERMINATED,0
pg2_11,5,97,59,38,0.6082474226804123,39.0,97.0,59,59,59,1,False,True,True,True,True,True,True,True,pg_el,1,GERMINATED,0
pg2_11,6,97,77,20,0.7938144329896907,21.0,97.0,77,77,77,1,True,True,True,True,True,True,True,True,pg_el,1,GERMINATED,0
pg2_11,7,97,79,18,0.8144329896907216,19.0,97.0,79,79,79,1,True,True,True,True,True,True,True,True,pg_el,1,GERMINATED,0
pg2_11,8,97,79,18,0.8144329896907216,18.0,97.0,77,77,2,2,True,True,True,True,True,True,True,True,pg_el,1,GERMINATED,1
pg2_11,9,97,73,24,0.7525773195876289,25.0,97.0,73,73,73,1,False,True,True,True,True,True,True,True,pg_el,1,GERMINATED,0
pg2_12,0,97,0,97,0.0,,,0,0,0,0,False,False,False,False,False,False,False,False,pg_im,0,NON-GERMINATED,0
pg2_12,1,97,0,97,0.0,,,0,0,0,0,False,False,False,False,False,False,False,False,pg_im,0,NON-GERMINATED,0
pg2_12,2,97,0,97,0.0,,,0,0,0,0,False,False,False,False,False,False,False,False,pg_im,0,NON-GERMINATED,0
pg2_12,3,97,68,29,0.7010309278350515,30.0,97.0,68,68,68,1,False,True,True,True,True,True,True,True,pg_el,1,GERMINATED,0
pg2_12,4,97,0,97,0.0,,,0,0,0,0,False,False,False,False,False,False,False,False,pg_im,0,NON-GERMINATED,0
pg2_12,5,97,0,97,0.0,,,0,0,0,0,False,False,False,False,False,False,False,False,pg_im,0,NON-GERMINATED,0
pg2_12,6,97,73,24,0.7525773195876289,25.0,97.0,73,73,73,1,False,True,True,True,True,True,True,True,pg_el,1,GERMINATED,0
pg2_12,7,97,70,27,0.7216494845360825,28.0,97.0,70,70,70,1,False,True,True,True,True,True,True,True,pg_el,1,GERMINATED,0
pg2_12,8,97,75,22,0.7731958762886598,23.0,97.0,75,75,75,1,True,True,True,True,True,True,True,True,pg_el,1,GERMINATED,0
pg2_12,9,97,67,30,0.6907216494845361,31.0,97.0,67,67,67,1,False,True,True,True,True,True,True,True,pg_el,1,GERMINATED,0
pg2_2,0,97,0,97,0.0,,,0,0,0,0,False,False,False,False,False,False,False,False,pg_im,0,NON-GERMINATED,0
pg2_2,1,97,56,41,0.5773195876288659,41.0,97.0,54,54,2,2,False,True,True,True,True,True,True,True,pg_el,1,GERMINATED,1
pg2_2,2,97,69,28,0.711340206185567,29.0,97.0,69,69,69,1,False,True,True,True,True,True,True,True,pg_el,1,GERMINATED,0
pg2_2,3,97,74,23,0.7628865979381443,24.0,97.0,74,74,74,1,True,True,True,True,True,True,True,True,pg_el,1,GERMINATED,0
pg2_2,4,97,79,18,0.8144329896907216,19.0,97.0,79,79,79,1,True,True,True,True,True,True,True,True,pg_el,1,GERMINATED,0
pg2_2,5,97,79,18,0.8144329896907216,19.0,97.0,79,79,79,1,True,True,True,True,True,True,True,True,pg_el,1,GERMINATED,0
pg2_2,6,97,70,27,0.7216494845360825,28.0,97.0,70,70,70,1,False,True,True,True,True,True,True,True,pg_el,1,GERMINATED,0
pg2_2,7,97,61,36,0.6288659793814433,37.0,97.0,61,61,61,1,False,True,True,True,True,True,True,True,pg_el,1,GERMINATED,0
pg2_2,8,97,62,35,0.6391752577319587,36.0,97.0,62,62,62,1,False,True,True,True,True,True,True,True,pg_el,1,GERMINATED,0
pg2_2,9,97,81,16,0.8350515463917526,17.0,97.0,81,81,81,1,True,True,True,True,True,True,True,True,pg_el,1,GERMINATED,0
pg2_3,0,97,60,37,0.6185567010309279,38.0,97.0,60,60,60,1,False,True,True,True,True,True,True,True,pg_el,1,GERMINATED,0
pg2_3,1,97,59,38,0.6082474226804123,39.0,97.0,59,59,59,1,False,True,True,True,True,True,True,True,pg_el,1,GERMINATED,0
pg2_3,2,97,70,27,0.7216494845360825,28.0,97.0,70,70,70,1,False,True,True,True,True,True,True,True,pg_el,1,GERMINATED,0
pg2_3,3,97,70,27,0.7216494845360825,28.0,97.0,70,70,70,1,False,True,True,True,True,True,True,True,pg_el,1,GERMINATED,0
pg2_3,4,97,79,18,0.8144329896907216,19.0,97.0,79,79,79,1,True,True,True,True,True,True,True,True,pg_el,1,GERMINATED,0
pg2_3,5,97,65,32,0.6701030927835051,33.0,97.0,65,65,65,1,False,True,True,True,True,True,True,True,pg_el,1,GERMINATED,0
pg2_3,6,97,41,56,0.422680412371134,57.0,97.0,41,41,41,1,False,False,True,True,True,True,True,True,pg_el,1,GERMINATED,0
pg2_3,7,97,39,58,0.4020618556701031,59.0,97.0,39,39,39,1,False,False,True,True,True,True,True,True,pg_el,1,GERMINATED,0
pg2_3,8,97,79,18,0.8144329896907216,19.0,97.0,79,79,79,1,True,True,True,True,True,True,True,True,pg_el,1,GERMINATED,0
pg2_3,9,97,68,29,0.7010309278350515,30.0,97.0,68,68,68,1,False,True,True,True,True,True,True,True,pg_el,1,GERMINATED,0
pg2_4,0,97,0,97,0.0,,,0,0,0,0,False,False,False,False,False,False,False,False,pg_im,0,NON-GERMINATED,0
pg2_4,1,97,78,19,0.8041237113402062,20.0,97.0,78,78,78,1,True,True,True,True,True,True,True,True,pg_el,1,GERMINATED,0
pg2_4,2,97,33,64,0.3402061855670103,65.0,97.0,33,33,33,1,False,False,True,True,True,True,True,True,pg_el,1,GERMINATED,0
pg2_4,3,97,65,32,0.6701030927835051,33.0,97.0,65,65,65,1,False,True,True,True,True,True,True,True,pg_el,1,GERMINATED,0
pg2_4,4,97,50,47,0.5154639175257731,48.0,97.0,50,50,50,1,False,True,True,True,True,True,True,True,pg_el,1,GERMINATED,0
pg2_4,5,97,69,28,0.711340206185567,29.0,97.0,69,69,69,1,False,True,True,True,True,True,True,True,pg_el,1,GERMINATED,0
pg2_4,6,97,76,21,0.7835051546391752,21.0,97.0,75,75,1,2,True,True,True,True,True,True,True,True,pg_el,1,GERMINATED,1
pg2_4,7,97,83,14,0.8556701030927835,15.0,97.0,83,83,83,1,True,True,True,True,True,True,True,True,pg_el,1,GERMINATED,0
pg2_4,8,97,60,37,0.6185567010309279,38.0,97.0,60,60,60,1,False,True,True,True,True,True,True,True,pg_el,1,GERMINATED,0
pg2_4,9,97,83,14,0.8556701030927835,15.0,97.0,83,83,83,1,True,True,True,True,True,True,True,True,pg_el,1,GERMINATED,0
pg2_5,0,97,0,97,0.0,,,0,0,0,0,False,False,False,False,False,False,False,False,pg_im,0,NON-GERMINATED,0
pg2_5,1,97,64,33,0.6597938144329897,34.0,97.0,64,64,64,1,False,True,True,True,True,True,True,True,pg_el,1,GERMINATED,0
pg2_5,2,97,72,25,0.7422680412371134,26.0,97.0,72,72,72,1,False,True,True,True,True,True,True,True,pg_el,1,GERMINATED,0
pg2_5,3,97,69,28,0.711340206185567,29.0,97.0,69,69,69,1,False,True,True,True,True,True,True,True,pg_el,1,GERMINATED,0
pg2_5,4,97,73,24,0.7525773195876289,25.0,97.0,73,73,73,1,False,True,True,True,True,True,True,True,pg_el,1,GERMINATED,0
pg2_5,5,97,61,36,0.6288659793814433,37.0,97.0,61,61,61,1,False,True,True,True,True,True,True,True,pg_el,1,GERMINATED,0
pg2_5,6,97,0,97,0.0,,,0,0,0,0,False,False,False,False,False,False,False,False,pg_im,0,NON-GERMINATED,0
pg2_5,7,97,67,30,0.6907216494845361,31.0,97.0,67,67,67,1,False,True,True,True,True,True,True,True,pg_el,1,GERMINATED,0
pg2_5,8,97,74,23,0.7628865979381443,24.0,97.0,74,74,74,1,True,True,True,True,True,True,True,True,pg_el,1,GERMINATED,0
pg2_5,9,97,77,20,0.7938144329896907,21.0,97.0,77,77,77,1,True,True,True,True,True,True,True,True,pg_el,1,GERMINATED,0
pg2_6,0,97,0,97,0.0,,,0,0,0,0,False,False,False,False,False,False,False,False,pg_im,0,NON-GERMINATED,0
pg2_6,1,97,73,24,0.7525773195876289,25.0,97.0,73,73,73,1,False,True,True,True,True,True,True,True,pg_el,1,GERMINATED,0
pg2_6,2,97,69,28,0.711340206185567,29.0,97.0,69,69,69,1,False,True,True,True,True,True,True,True,pg_el,1,GERMINATED,0
pg2_6,3,97,57,40,0.5876288659793815,41.0,97.0,57,57,57,1,False,True,True,True,True,True,True,True,pg_el,1,GERMINATED,0
pg2_6,4,97,17,80,0.17525773195876287,81.0,97.0,17,17,17,1,False,False,False,True,True,True,True,False,pg_el,1,GERMINATED,0
pg2_6,5,97,66,31,0.6804123711340206,32.0,97.0,66,66,66,1,False,True,True,True,True,True,True,True,pg_el,1,GERMINATED,0
pg2_6,6,97,70,27,0.7216494845360825,27.0,97.0,69,69,1,2,False,True,True,True,True,True,True,True,pg_el,1,GERMINATED,1
pg2_6,7,97,64,33,0.6597938144329897,34.0,97.0,64,64,64,1,False,True,True,True,True,True,True,True,pg_el,1,GERMINATED,0
pg2_6,8,97,48,49,0.4948453608247423,50.0,97.0,48,48,48,1,False,False,True,True,True,True,True,True,pg_el,1,GERMINATED,0
pg2_6,9,97,76,21,0.7835051546391752,22.0,97.0,76,76,76,1,True,True,True,True,True,True,True,True,pg_el,1,GERMINATED,0
pg2_7,0,97,0,97,0.0,,,0,0,0,0,False,False,False,False,False,False,False,False,pg_im,0,NON-GERMINATED,0
pg2_7,1,97,17,80,0.17525773195876287,80.0,97.0,16,16,1,2,False,False,False,True,True,True,True,False,pg_el,1,GERMINATED,1
pg2_7,2,97,0,97,0.0,,,0,0,0,0,False,False,False,False,False,False,False,False,pg_im,0,NON-GERMINATED,0
pg2_7,3,97,75,22,0.7731958762886598,23.0,97.0,75,75,75,1,True,True,True,True,True,True,True,True,pg_el,1,GERMINATED,0
pg2_7,4,97,84,13,0.865979381443299,14.0,97.0,84,84,84,1,True,True,True,True,True,True,True,True,pg_el,1,GERMINATED,0
pg2_7,5,97,66,31,0.6804123711340206,32.0,97.0,66,66,66,1,False,True,True,True,True,True,True,True,pg_el,1,GERMINATED,0
pg2_7,6,97,70,27,0.7216494845360825,28.0,97.0,70,70,70,1,False,True,True,True,True,True,True,True,pg_el,1,GERMINATED,0
pg2_7,7,97,70,27,0.7216494845360825,28.0,97.0,70,70,70,1,False,True,True,True,True,True,True,True,pg_el,1,GERMINATED,0
pg2_7,8,97,70,27,0.7216494845360825,28.0,97.0,70,70,70,1,False,True,True,True,True,True,True,True,pg_el,1,GERMINATED,0
pg2_7,9,97,80,17,0.8247422680412371,18.0,97.0,80,80,80,1,True,True,True,True,True,True,True,True,pg_el,1,GERMINATED,0
pg2_8,0,97,82,15,0.845360824742268,16.0,97.0,82,82,82,1,True,True,True,True,True,True,True,True,pg_el,1,GERMINATED,0
pg2_8,1,97,67,30,0.6907216494845361,31.0,97.0,67,67,67,1,False,True,True,True,True,True,True,True,pg_el,1,GERMINATED,0
pg2_8,2,97,61,36,0.6288659793814433,37.0,97.0,61,61,61,1,False,True,True,True,True,True,True,True,pg_el,1,GERMINATED,0
pg2_8,3,97,74,23,0.7628865979381443,24.0,97.0,74,74,74,1,True,True,True,True,True,True,True,True,pg_el,1,GERMINATED,0
pg2_8,4,97,0,97,0.0,,,0,0,0,0,False,False,False,False,False,False,False,False,pg_im,0,NON-GERMINATED,0
pg2_8,5,97,79,18,0.8144329896907216,18.0,97.0,78,78,1,2,True,True,True,True,True,True,True,True,pg_el,1,GERMINATED,1
pg2_8,6,97,81,16,0.8350515463917526,16.0,97.0,80,80,1,2,True,True,True,True,True,True,True,True,pg_el,1,GERMINATED,1
pg2_8,7,97,58,39,0.5979381443298969,40.0,97.0,58,58,58,1,False,True,True,True,True,True,True,True,pg_el,1,GERMINATED,0
pg2_8,8,97,84,13,0.865979381443299,14.0,97.0,84,84,84,1,True,True,True,True,True,True,True,True,pg_el,1,GERMINATED,0
pg2_8,9,97,64,33,0.6597938144329897,34.0,97.0,64,64,64,1,False,True,True,True,True,True,True,True,pg_el,1,GERMINATED,0
pg2_9,0,97,0,97,0.0,,,0,0,0,0,False,False,False,False,False,False,False,False,pg_im,0,NON-GERMINATED,0
pg2_9,1,97,0,97,0.0,,,0,0,0,0,False,False,False,False,False,False,False,False,pg_im,0,NON-GERMINATED,0
pg2_9,2,97,0,97,0.0,,,0,0,0,0,False,False,False,False,False,False,False,False,pg_im,0,NON-GERMINATED,0
pg2_9,3,97,0,97,0.0,,,0,0,0,0,False,False,False,False,False,False,False,False,pg_im,0,NON-GERMINATED,0
pg2_9,4,97,46,51,0.4742268041237113,52.0,97.0,46,46,46,1,False,False,True,True,True,True,True,True,pg_el,1,GERMINATED,0
pg2_9,5,97,59,38,0.6082474226804123,36.0,97.0,58,58,1,2,False,True,True,True,True,True,True,True,pg_el,1,GERMINATED,1
pg2_9,6,97,67,30,0.6907216494845361,30.0,97.0,66,66,1,2,False,True,True,True,True,True,True,True,pg_el,1,GERMINATED,1
pg2_9,7,97,0,97,0.0,,,0,0,0,0,False,False,False,False,False,False,False,False,pg_im,0,NON-GERMINATED,0
pg2_9,8,97,81,16,0.8350515463917526,17.0,97.0,81,81,81,1,True,True,True,True,True,True,True,True,pg_el,1,GERMINATED,0
pg2_9,9,97,77,20,0.7938144329896907,21.0,97.0,77,77,77,1,True,True,True,True,True,True,True,True,pg_el,1,GERMINATED,0
pg3_1,0,97,0,97,0.0,,,0,0,0,0,False,False,False,False,False,False,False,False,pg_im,0,NON-GERMINATED,0
pg3_1,1,97,62,35,0.6391752577319587,31.0,97.0,61,61,1,2,False,True,True,True,True,True,True,True,pg_el,1,GERMINATED,1
pg3_1,2,97,78,19,0.8041237113402062,20.0,97.0,78,78,78,1,True,True,True,True,True,True,True,True,pg_el,1,GERMINATED,0
pg3_1,3,97,64,33,0.6597938144329897,34.0,97.0,64,64,64,1,False,True,True,True,True,True,True,True,pg_el,1,GERMINATED,0
pg3_1,4,97,83,14,0.8556701030927835,15.0,97.0,83,83,83,1,True,True,True,True,True,True,True,True,pg_el,1,GERMINATED,0
pg3_1,5,97,73,24,0.7525773195876289,25.0,97.0,73,73,73,1,False,True,True,True,True,True,True,True,pg_el,1,GERMINATED,0
pg3_1,6,97,78,19,0.8041237113402062,20.0,97.0,78,78,78,1,True,True,True,True,True,True,True,True,pg_el,1,GERMINATED,0
pg3_1,7,97,78,19,0.8041237113402062,20.0,97.0,78,78,78,1,True,True,True,True,True,True,True,True,pg_el,1,GERMINATED,0
pg3_1,8,97,81,16,0.8350515463917526,17.0,97.0,81,81,81,1,True,True,True,True,True,True,True,True,pg_el,1,GERMINATED,0
pg3_1,9,97,62,35,0.6391752577319587,36.0,97.0,62,62,62,1,False,True,True,True,True,True,True,True,pg_el,1,GERMINATED,0
pg3_10,0,97,0,97,0.0,,,0,0,0,0,False,False,False,False,False,False,False,False,pg_im,0,NON-GERMINATED,0
pg3_10,1,97,0,97,0.0,,,0,0,0,0,False,False,False,False,False,False,False,False,pg_im,0,NON-GERMINATED,0
pg3_10,2,97,0,97,0.0,,,0,0,0,0,False,False,False,False,False,False,False,False,pg_im,0,NON-GERMINATED,0
pg3_10,3,97,81,16,0.8350515463917526,17.0,97.0,81,81,81,1,True,True,True,True,True,True,True,True,pg_el,1,GERMINATED,0
pg3_10,4,97,81,16,0.8350515463917526,17.0,97.0,81,81,81,1,True,True,True,True,True,True,True,True,pg_el,1,GERMINATED,0
pg3_10,5,97,84,13,0.865979381443299,14.0,97.0,84,84,84,1,True,True,True,True,True,True,True,True,pg_el,1,GERMINATED,0
pg3_10,6,97,42,55,0.4329896907216495,56.0,97.0,42,42,42,1,False,False,True,True,True,True,True,True,pg_el,1,GERMINATED,0
pg3_10,7,97,80,17,0.8247422680412371,18.0,97.0,80,80,80,1,True,True,True,True,True,True,True,True,pg_el,1,GERMINATED,0
pg3_10,8,97,82,15,0.845360824742268,16.0,97.0,82,82,82,1,True,True,True,True,True,True,True,True,pg_el,1,GERMINATED,0
pg3_10,9,97,80,17,0.8247422680412371,18.0,97.0,80,80,80,1,True,True,True,True,True,True,True,True,pg_el,1,GERMINATED,0
pg3_11,0,97,0,97,0.0,,,0,0,0,0,False,False,False,False,False,False,False,False,pg_im,0,NON-GERMINATED,0
pg3_11,1,97,0,97,0.0,,,0,0,0,0,False,False,False,False,False,False,False,False,pg_im,0,NON-GERMINATED,0
pg3_11,2,97,75,22,0.7731958762886598,23.0,97.0,75,75,75,1,True,True,True,True,True,True,True,True,pg_el,1,GERMINATED,0
pg3_11,3,97,60,37,0.6185567010309279,38.0,97.0,60,60,60,1,False,True,True,True,True,True,True,True,pg_el,1,GERMINATED,0
pg3_11,4,97,71,26,0.7319587628865979,27.0,97.0,71,71,71,1,False,True,True,True,True,True,True,True,pg_el,1,GERMINATED,0
pg3_11,5,97,81,16,0.8350515463917526,17.0,97.0,81,81,81,1,True,True,True,True,True,True,True,True,pg_el,1,GERMINATED,0
pg3_11,6,97,78,19,0.8041237113402062,20.0,97.0,78,78,78,1,True,True,True,True,True,True,True,True,pg_el,1,GERMINATED,0
pg3_11,7,97,80,17,0.8247422680412371,18.0,97.0,80,80,80,1,True,True,True,True,True,True,True,True,pg_el,1,GERMINATED,0
pg3_11,8,97,87,10,0.8969072164948454,11.0,97.0,87,87,87,1,True,True,True,True,True,True,True,True,pg_el,1,GERMINATED,0
pg3_11,9,97,77,20,0.7938144329896907,21.0,97.0,77,77,77,1,True,True,True,True,True,True,True,True,pg_el,1,GERMINATED,0
pg3_12,0,97,0,97,0.0,,,0,0,0,0,False,False,False,False,False,False,False,False,pg_im,0,NON-GERMINATED,0
pg3_12,1,97,0,97,0.0,,,0,0,0,0,False,False,False,False,False,False,False,False,pg_im,0,NON-GERMINATED,0
pg3_12,2,97,0,97,0.0,,,0,0,0,0,False,False,False,False,False,False,False,False,pg_im,0,NON-GERMINATED,0
pg3_12,3,97,74,23,0.7628865979381443,24.0,97.0,74,74,74,1,True,True,True,True,True,True,True,True,pg_el,1,GERMINATED,0
pg3_12,4,97,80,17,0.8247422680412371,18.0,97.0,80,80,80,1,True,True,True,True,True,True,True,True,pg_el,1,GERMINATED,0
pg3_12,5,97,67,30,0.6907216494845361,31.0,97.0,67,67,67,1,False,True,True,True,True,True,True,True,pg_el,1,GERMINATED,0
pg3_12,6,97,83,14,0.8556701030927835,15.0,97.0,83,83,83,1,True,True,True,True,True,True,True,True,pg_el,1,GERMINATED,0
pg3_12,7,97,82,15,0.845360824742268,16.0,97.0,82,82,82,1,True,True,True,True,True,True,True,True,pg_el,1,GERMINATED,0
pg3_12,8,97,83,14,0.8556701030927835,15.0,97.0,83,83,83,1,True,True,True,True,True,True,True,True,pg_el,1,GERMINATED,0
pg3_12,9,97,76,21,0.7835051546391752,22.0,97.0,76,76,76,1,True,True,True,True,True,True,True,True,pg_el,1,GERMINATED,0
pg3_2,0,97,67,30,0.6907216494845361,31.0,97.0,67,67,67,1,False,True,True,True,True,True,True,True,pg_el,1,GERMINATED,0
pg3_2,1,97,15,82,0.15463917525773196,83.0,97.0,15,15,15,1,False,False,False,True,True,True,True,False,pg_el,1,GERMINATED,0
pg3_2,2,97,37,60,0.38144329896907214,61.0,97.0,37,37,37,1,False,False,True,True,True,True,True,True,pg_el,1,GERMINATED,0
pg3_2,3,97,66,31,0.6804123711340206,30.0,97.0,65,65,1,2,False,True,True,True,True,True,True,True,pg_el,1,GERMINATED,1
pg3_2,4,97,81,16,0.8350515463917526,17.0,97.0,81,81,81,1,True,True,True,True,True,True,True,True,pg_el,1,GERMINATED,0
pg3_2,5,97,77,20,0.7938144329896907,21.0,97.0,77,77,77,1,True,True,True,True,True,True,True,True,pg_el,1,GERMINATED,0
pg3_2,6,97,72,25,0.7422680412371134,26.0,97.0,72,72,72,1,False,True,True,True,True,True,True,True,pg_el,1,GERMINATED,0
pg3_2,7,97,61,36,0.6288659793814433,37.0,97.0,61,61,61,1,False,True,True,True,True,True,True,True,pg_el,1,GERMINATED,0
pg3_2,8,97,71,26,0.7319587628865979,27.0,97.0,71,71,71,1,False,True,True,True,True,True,True,True,pg_el,1,GERMINATED,0
pg3_2,9,97,86,11,0.8865979381443299,12.0,97.0,86,86,86,1,True,True,True,True,True,True,True,True,pg_el,1,GERMINATED,0
pg3_3,0,97,0,97,0.0,,,0,0,0,0,False,False,False,False,False,False,False,False,pg_im,0,NON-GERMINATED,0
pg3_3,1,97,0,97,0.0,,,0,0,0,0,False,False,False,False,False,False,False,False,pg_im,0,NON-GERMINATED,0
pg3_3,2,97,65,32,0.6701030927835051,33.0,97.0,65,65,65,1,False,True,True,True,True,True,True,True,pg_el,1,GERMINATED,0
pg3_3,3,97,77,20,0.7938144329896907,21.0,97.0,77,77,77,1,True,True,True,True,True,True,True,True,pg_el,1,GERMINATED,0
pg3_3,4,97,0,97,0.0,,,0,0,0,0,False,False,False,False,False,False,False,False,pg_im,0,NON-GERMINATED,0
pg3_3,5,97,34,63,0.35051546391752575,64.0,97.0,34,34,34,1,False,False,True,True,True,True,True,True,pg_el,1,GERMINATED,0
pg3_3,6,97,61,36,0.6288659793814433,37.0,97.0,61,61,61,1,False,True,True,True,True,True,True,True,pg_el,1,GERMINATED,0
pg3_3,7,97,0,97,0.0,,,0,0,0,0,False,False,False,False,False,False,False,False,pg_im,0,NON-GERMINATED,0
pg3_3,8,97,0,97,0.0,,,0,0,0,0,False,False,False,False,False,False,False,False,pg_im,0,NON-GERMINATED,0
pg3_3,9,97,0,97,0.0,,,0,0,0,0,False,False,False,False,False,False,False,False,pg_im,0,NON-GERMINATED,0
pg3_4,0,97,78,19,0.8041237113402062,20.0,97.0,78,78,78,1,True,True,True,True,True,True,True,True,pg_el,1,GERMINATED,0
pg3_4,1,97,85,12,0.8762886597938144,13.0,97.0,85,85,85,1,True,True,True,True,True,True,True,True,pg_el,1,GERMINATED,0
pg3_4,2,97,72,25,0.7422680412371134,26.0,97.0,72,72,72,1,False,True,True,True,True,True,True,True,pg_el,1,GERMINATED,0
pg3_4,3,97,65,32,0.6701030927835051,33.0,97.0,65,65,65,1,False,True,True,True,True,True,True,True,pg_el,1,GERMINATED,0
pg3_4,4,97,82,15,0.845360824742268,16.0,97.0,82,82,82,1,True,True,True,True,True,True,True,True,pg_el,1,GERMINATED,0
pg3_4,5,97,74,23,0.7628865979381443,24.0,97.0,74,74,74,1,True,True,True,True,True,True,True,True,pg_el,1,GERMINATED,0
pg3_4,6,97,0,97,0.0,,,0,0,0,0,False,False,False,False,False,False,False,False,pg_im,0,NON-GERMINATED,0
pg3_4,7,97,68,29,0.7010309278350515,30.0,97.0,68,68,68,1,False,True,True,True,True,True,True,True,pg_el,1,GERMINATED,0
pg3_4,8,97,71,26,0.7319587628865979,27.0,97.0,71,71,71,1,False,True,True,True,True,True,True,True,pg_el,1,GERMINATED,0
pg3_4,9,97,62,35,0.6391752577319587,36.0,97.0,62,62,62,1,False,True,True,True,True,True,True,True,pg_el,1,GERMINATED,0
pg3_5,0,97,62,35,0.6391752577319587,36.0,97.0,62,62,62,1,False,True,True,True,True,True,True,True,pg_el,1,GERMINATED,0
pg3_5,1,97,81,16,0.8350515463917526,17.0,97.0,81,81,81,1,True,True,True,True,True,True,True,True,pg_el,1,GERMINATED,0
pg3_5,2,97,72,25,0.7422680412371134,26.0,97.0,72,72,72,1,False,True,True,True,True,True,True,True,pg_el,1,GERMINATED,0
pg3_5,3,97,80,17,0.8247422680412371,18.0,97.0,80,80,80,1,True,True,True,True,True,True,True,True,pg_el,1,GERMINATED,0
pg3_5,4,97,66,31,0.6804123711340206,32.0,97.0,66,66,66,1,False,True,True,True,True,True,True,True,pg_el,1,GERMINATED,0
pg3_5,5,97,68,29,0.7010309278350515,30.0,97.0,68,68,68,1,False,True,True,True,True,True,True,True,pg_el,1,GERMINATED,0
pg3_5,6,97,67,30,0.6907216494845361,31.0,97.0,67,67,67,1,False,True,True,True,True,True,True,True,pg_el,1,GERMINATED,0
pg3_5,7,97,86,11,0.8865979381443299,12.0,97.0,86,86,86,1,True,True,True,True,True,True,True,True,pg_el,1,GERMINATED,0
pg3_5,8,97,82,15,0.845360824742268,16.0,97.0,82,82,82,1,True,True,True,True,True,True,True,True,pg_el,1,GERMINATED,0
pg3_5,9,97,85,12,0.8762886597938144,13.0,97.0,85,85,85,1,True,True,True,True,True,True,True,True,pg_el,1,GERMINATED,0
pg3_7,0,97,0,97,0.0,,,0,0,0,0,False,False,False,False,False,False,False,False,pg_im,0,NON-GERMINATED,0
pg3_7,1,97,0,97,0.0,,,0,0,0,0,False,False,False,False,False,False,False,False,pg_im,0,NON-GERMINATED,0
pg3_7,2,97,0,97,0.0,,,0,0,0,0,False,False,False,False,False,False,False,False,pg_im,0,NON-GERMINATED,0
pg3_7,3,97,84,13,0.865979381443299,14.0,97.0,84,84,84,1,True,True,True,True,True,True,True,True,pg_el,1,GERMINATED,0
pg3_7,4,97,63,34,0.6494845360824743,35.0,97.0,63,63,63,1,False,True,True,True,True,True,True,True,pg_el,1,GERMINATED,0
pg3_7,5,97,70,27,0.7216494845360825,28.0,97.0,70,70,70,1,False,True,True,True,True,True,True,True,pg_el,1,GERMINATED,0
pg3_7,6,97,90,7,0.9278350515463918,8.0,97.0,90,90,90,1,True,True,True,True,True,True,True,True,pg_el,1,GERMINATED,0
pg3_7,7,97,80,17,0.8247422680412371,17.0,97.0,74,74,6,2,True,True,True,True,True,True,True,True,pg_el,1,GERMINATED,1
pg3_7,8,97,82,15,0.845360824742268,16.0,97.0,82,82,82,1,True,True,True,True,True,True,True,True,pg_el,1,GERMINATED,0
pg3_7,9,97,84,13,0.865979381443299,14.0,97.0,84,84,84,1,True,True,True,True,True,True,True,True,pg_el,1,GERMINATED,0
pg3_8,0,97,0,97,0.0,,,0,0,0,0,False,False,False,False,False,False,False,False,pg_im,0,NON-GERMINATED,0
pg3_8,1,97,0,97,0.0,,,0,0,0,0,False,False,False,False,False,False,False,False,pg_im,0,NON-GERMINATED,0
pg3_8,2,97,0,97,0.0,,,0,0,0,0,False,False,False,False,False,False,False,False,pg_im,0,NON-GERMINATED,0
pg3_8,3,97,75,22,0.7731958762886598,23.0,97.0,75,75,75,1,True,True,True,True,True,True,True,True,pg_el,1,GERMINATED,0
pg3_8,4,97,63,34,0.6494845360824743,35.0,97.0,63,63,63,1,False,True,True,True,True,True,True,True,pg_el,1,GERMINATED,0
pg3_8,5,97,89,8,0.9175257731958762,9.0,97.0,89,89,89,1,True,True,True,True,True,True,True,True,pg_el,1,GERMINATED,0
pg3_8,6,97,84,13,0.865979381443299,14.0,97.0,84,84,84,1,True,True,True,True,True,True,True,True,pg_el,1,GERMINATED,0
pg3_8,7,97,77,20,0.7938144329896907,21.0,97.0,77,77,77,1,True,True,True,True,True,True,True,True,pg_el,1,GERMINATED,0
pg3_8,8,97,86,11,0.8865979381443299,12.0,97.0,86,86,86,1,True,True,True,True,True,True,True,True,pg_el,1,GERMINATED,0
pg3_8,9,97,84,13,0.865979381443299,14.0,97.0,84,84,84,1,True,True,True,True,True,True,True,True,pg_el,1,GERMINATED,0
pg3_9,0,97,0,97,0.0,,,0,0,0,0,False,False,False,False,False,False,False,False,pg_im,0,NON-GERMINATED,0
pg3_9,1,97,0,97,0.0,,,0,0,0,0,False,False,False,False,False,False,False,False,pg_im,0,NON-GERMINATED,0
pg3_9,2,97,53,44,0.5463917525773195,44.0,97.0,52,52,1,2,False,True,True,True,True,True,True,True,pg_el,1,GERMINATED,1
pg3_9,3,97,80,17,0.8247422680412371,18.0,97.0,80,80,80,1,True,True,True,True,True,True,True,True,pg_el,1,GERMINATED,0
pg3_9,4,97,88,9,0.9072164948453608,10.0,97.0,88,88,88,1,True,True,True,True,True,True,True,True,pg_el,1,GERMINATED,0
pg3_9,5,97,68,29,0.7010309278350515,30.0,97.0,68,68,68,1,False,True,True,True,True,True,True,True,pg_el,1,GERMINATED,0
pg3_9,6,97,81,16,0.8350515463917526,17.0,97.0,81,81,81,1,True,True,True,True,True,True,True,True,pg_el,1,GERMINATED,0
pg3_9,7,97,69,28,0.711340206185567,29.0,97.0,69,69,69,1,False,True,True,True,True,True,True,True,pg_el,1,GERMINATED,0
pg3_9,8,97,73,24,0.7525773195876289,25.0,97.0,73,73,73,1,False,True,True,True,True,True,True,True,pg_el,1,GERMINATED,0
pg3_9,9,97,68,29,0.7010309278350515,30.0,97.0,68,68,68,1,False,True,True,True,True,True,True,True,pg_el,1,GERMINATED,0
pg4_1,0,97,95,2,0.979381443298969,3.0,97.0,95,95,95,1,True,True,True,True,True,True,True,True,pg_el,1,GERMINATED,0
pg4_1,1,97,72,25,0.7422680412371134,26.0,97.0,72,72,72,1,False,True,True,True,True,True,True,True,pg_el,1,GERMINATED,0
pg4_1,2,97,0,97,0.0,,,0,0,0,0,False,False,False,False,False,False,False,False,pg_im,0,NON-GERMINATED,0
pg4_1,3,97,95,2,0.979381443298969,3.0,97.0,95,95,95,1,True,True,True,True,True,True,True,True,pg_el,1,GERMINATED,0
pg4_1,4,97,84,13,0.865979381443299,14.0,97.0,84,84,84,1,True,True,True,True,True,True,True,True,pg_el,1,GERMINATED,0
pg4_1,5,97,50,47,0.5154639175257731,48.0,97.0,50,50,50,1,False,True,True,True,True,True,True,True,pg_el,1,GERMINATED,0
pg4_1,6,97,63,34,0.6494845360824743,34.0,97.0,62,62,1,2,False,True,True,True,True,True,True,True,pg_el,1,GERMINATED,1
pg4_1,7,97,0,97,0.0,,,0,0,0,0,False,False,False,False,False,False,False,False,pg_im,0,NON-GERMINATED,0
pg4_1,8,97,60,37,0.6185567010309279,38.0,97.0,60,60,60,1,False,True,True,True,True,True,True,True,pg_el,1,GERMINATED,0
pg4_1,9,97,73,24,0.7525773195876289,25.0,97.0,73,73,73,1,False,True,True,True,True,True,True,True,pg_el,1,GERMINATED,0
pg4_10,0,97,65,32,0.6701030927835051,33.0,97.0,65,65,65,1,False,True,True,True,True,True,True,True,pg_el,1,GERMINATED,0
pg4_10,1,97,59,38,0.6082474226804123,37.0,97.0,58,58,1,2,False,True,True,True,True,True,True,True,pg_el,1,GERMINATED,1
pg4_10,2,97,48,49,0.4948453608247423,50.0,97.0,48,48,48,1,False,False,True,True,True,True,True,True,pg_el,1,GERMINATED,0
pg4_10,3,97,71,26,0.7319587628865979,25.0,97.0,70,70,1,2,False,True,True,True,True,True,True,True,pg_el,1,GERMINATED,1
pg4_10,4,97,63,34,0.6494845360824743,35.0,97.0,63,63,63,1,False,True,True,True,True,True,True,True,pg_el,1,GERMINATED,0
pg4_10,5,97,57,40,0.5876288659793815,41.0,97.0,57,57,57,1,False,True,True,True,True,True,True,True,pg_el,1,GERMINATED,0
pg4_10,6,97,66,31,0.6804123711340206,32.0,97.0,66,66,66,1,False,True,True,True,True,True,True,True,pg_el,1,GERMINATED,0
pg4_10,7,97,78,19,0.8041237113402062,20.0,97.0,78,78,78,1,True,True,True,True,True,True,True,True,pg_el,1,GERMINATED,0
pg4_10,8,97,67,30,0.6907216494845361,31.0,97.0,67,67,67,1,False,True,True,True,True,True,True,True,pg_el,1,GERMINATED,0
pg4_10,9,97,76,21,0.7835051546391752,22.0,97.0,76,76,76,1,True,True,True,True,True,True,True,True,pg_el,1,GERMINATED,0
pg4_10,10,97,69,28,0.711340206185567,29.0,97.0,69,69,69,1,False,True,True,True,True,True,True,True,pg_el,1,GERMINATED,0
pg4_11,0,97,69,28,0.711340206185567,29.0,97.0,69,69,69,1,False,True,True,True,True,True,True,True,pg_el,1,GERMINATED,0
pg4_11,1,97,53,44,0.5463917525773195,45.0,97.0,53,53,53,1,False,True,True,True,True,True,True,True,pg_el,1,GERMINATED,0
pg4_11,2,97,16,81,0.16494845360824742,82.0,97.0,16,16,16,1,False,False,False,True,True,True,True,False,pg_el,1,GERMINATED,0
pg4_11,3,97,72,25,0.7422680412371134,26.0,97.0,72,72,72,1,False,True,True,True,True,True,True,True,pg_el,1,GERMINATED,0
pg4_11,4,97,77,20,0.7938144329896907,21.0,97.0,77,77,77,1,True,True,True,True,True,True,True,True,pg_el,1,GERMINATED,0
pg4_11,5,97,84,13,0.865979381443299,13.0,97.0,83,83,1,2,True,True,True,True,True,True,True,True,pg_el,1,GERMINATED,1
pg4_11,6,97,67,30,0.6907216494845361,31.0,97.0,67,67,67,1,False,True,True,True,True,True,True,True,pg_el,1,GERMINATED,0
pg4_11,7,97,72,25,0.7422680412371134,24.0,97.0,71,71,1,2,True,True,True,True,True,True,True,True,pg_el,1,GERMINATED,1
pg4_11,8,97,65,32,0.6701030927835051,33.0,97.0,65,65,65,1,False,True,True,True,True,True,True,True,pg_el,1,GERMINATED,0
pg4_11,9,97,70,27,0.7216494845360825,28.0,97.0,70,70,70,1,False,True,True,True,True,True,True,True,pg_el,1,GERMINATED,0
pg4_12,0,97,32,65,0.32989690721649484,66.0,97.0,32,32,32,1,False,False,True,True,True,True,True,True,pg_el,1,GERMINATED,0
pg4_12,1,97,29,68,0.29896907216494845,69.0,97.0,29,29,29,1,False,False,True,True,True,True,True,True,pg_el,1,GERMINATED,0
pg4_12,2,97,0,97,0.0,,,0,0,0,0,False,False,False,False,False,False,False,False,pg_im,0,NON-GERMINATED,0
pg4_12,3,97,55,42,0.5670103092783505,43.0,97.0,55,55,55,1,False,True,True,True,True,True,True,True,pg_el,1,GERMINATED,0
pg4_12,4,97,53,44,0.5463917525773195,45.0,97.0,53,53,53,1,False,True,True,True,True,True,True,True,pg_el,1,GERMINATED,0
pg4_12,5,97,70,27,0.7216494845360825,28.0,97.0,70,70,70,1,False,True,True,True,True,True,True,True,pg_el,1,GERMINATED,0
pg4_12,6,97,80,17,0.8247422680412371,18.0,97.0,80,80,80,1,True,True,True,True,True,True,True,True,pg_el,1,GERMINATED,0
pg4_12,7,97,51,46,0.5257731958762887,47.0,97.0,51,51,51,1,False,True,True,True,True,True,True,True,pg_el,1,GERMINATED,0
pg4_12,8,97,77,20,0.7938144329896907,21.0,97.0,77,77,77,1,True,True,True,True,True,True,True,True,pg_el,1,GERMINATED,0
pg4_12,9,97,86,11,0.8865979381443299,11.0,97.0,85,85,1,2,True,True,True,True,True,True,True,True,pg_el,1,GERMINATED,1
pg4_2,0,97,68,29,0.7010309278350515,30.0,97.0,68,68,68,1,False,True,True,True,True,True,True,True,pg_el,1,GERMINATED,0
pg4_2,1,97,0,97,0.0,,,0,0,0,0,False,False,False,False,False,False,False,False,pg_im,0,NON-GERMINATED,0
pg4_2,2,97,0,97,0.0,,,0,0,0,0,False,False,False,False,False,False,False,False,pg_im,0,NON-GERMINATED,0
pg4_2,3,97,75,22,0.7731958762886598,23.0,97.0,75,75,75,1,True,True,True,True,True,True,True,True,pg_el,1,GERMINATED,0
pg4_2,4,97,83,14,0.8556701030927835,15.0,97.0,83,83,83,1,True,True,True,True,True,True,True,True,pg_el,1,GERMINATED,0
pg4_2,5,97,74,23,0.7628865979381443,24.0,97.0,74,74,74,1,True,True,True,True,True,True,True,True,pg_el,1,GERMINATED,0
pg4_2,6,97,72,25,0.7422680412371134,26.0,97.0,72,72,72,1,False,True,True,True,True,True,True,True,pg_el,1,GERMINATED,0
pg4_2,7,97,74,23,0.7628865979381443,24.0,97.0,74,74,74,1,True,True,True,True,True,True,True,True,pg_el,1,GERMINATED,0
pg4_2,8,97,76,21,0.7835051546391752,22.0,97.0,76,76,76,1,True,True,True,True,True,True,True,True,pg_el,1,GERMINATED,0
pg4_2,9,97,75,22,0.7731958762886598,23.0,97.0,75,75,75,1,True,True,True,True,True,True,True,True,pg_el,1,GERMINATED,0
pg4_3,0,97,54,43,0.5567010309278351,44.0,97.0,54,54,54,1,False,True,True,True,True,True,True,True,pg_el,1,GERMINATED,0
pg4_3,1,97,41,56,0.422680412371134,57.0,97.0,41,41,41,1,False,False,True,True,True,True,True,True,pg_el,1,GERMINATED,0
pg4_3,2,97,51,46,0.5257731958762887,47.0,97.0,51,51,51,1,False,True,True,True,True,True,True,True,pg_el,1,GERMINATED,0
pg4_3,3,97,74,23,0.7628865979381443,24.0,97.0,74,74,74,1,True,True,True,True,True,True,True,True,pg_el,1,GERMINATED,0
pg4_3,4,97,86,11,0.8865979381443299,12.0,97.0,86,86,86,1,True,True,True,True,True,True,True,True,pg_el,1,GERMINATED,0
pg4_3,5,97,67,30,0.6907216494845361,31.0,97.0,67,67,67,1,False,True,True,True,True,True,True,True,pg_el,1,GERMINATED,0
pg4_3,6,97,66,31,0.6804123711340206,31.0,97.0,65,65,1,2,False,True,True,True,True,True,True,True,pg_el,1,GERMINATED,1
pg4_3,7,97,78,19,0.8041237113402062,20.0,97.0,78,78,78,1,True,True,True,True,True,True,True,True,pg_el,1,GERMINATED,0
pg4_3,8,97,82,15,0.845360824742268,16.0,97.0,82,82,82,1,True,True,True,True,True,True,True,True,pg_el,1,GERMINATED,0
pg4_3,9,97,71,26,0.7319587628865979,27.0,97.0,71,71,71,1,False,True,True,True,True,True,True,True,pg_el,1,GERMINATED,0
pg4_4,0,97,49,48,0.5051546391752577,49.0,97.0,49,49,49,1,False,False,True,True,True,True,True,True,pg_el,1,GERMINATED,0
pg4_4,1,97,69,28,0.711340206185567,29.0,97.0,69,69,69,1,False,True,True,True,True,True,True,True,pg_el,1,GERMINATED,0
pg4_4,2,97,61,36,0.6288659793814433,37.0,97.0,61,61,61,1,False,True,True,True,True,True,True,True,pg_el,1,GERMINATED,0
pg4_4,3,97,58,39,0.5979381443298969,40.0,97.0,58,58,58,1,False,True,True,True,True,True,True,True,pg_el,1,GERMINATED,0
pg4_4,4,97,78,19,0.8041237113402062,18.0,97.0,77,77,1,2,True,True,True,True,True,True,True,True,pg_el,1,GERMINATED,1
pg4_4,5,97,78,19,0.8041237113402062,20.0,97.0,78,78,78,1,True,True,True,True,True,True,True,True,pg_el,1,GERMINATED,0
pg4_4,6,97,80,17,0.8247422680412371,18.0,97.0,80,80,80,1,True,True,True,True,True,True,True,True,pg_el,1,GERMINATED,0
pg4_4,7,97,59,38,0.6082474226804123,39.0,97.0,59,59,59,1,False,True,True,True,True,True,True,True,pg_el,1,GERMINATED,0
pg4_4,8,97,48,49,0.4948453608247423,50.0,97.0,48,48,48,1,False,False,True,True,True,True,True,True,pg_el,1,GERMINATED,0
pg4_4,9,97,67,30,0.6907216494845361,31.0,97.0,67,67,67,1,False,True,True,True,True,True,True,True,pg_el,1,GERMINATED,0
pg4_5,0,97,9,88,0.09278350515463918,89.0,97.0,9,9,9,1,False,False,False,True,True,False,False,False,pg_el,1,GERMINATED,0
pg4_5,1,97,84,13,0.865979381443299,14.0,97.0,84,84,84,1,True,True,True,True,True,True,True,True,pg_el,1,GERMINATED,0
pg4_5,2,97,69,28,0.711340206185567,29.0,97.0,69,69,69,1,False,True,True,True,True,True,True,True,pg_el,1,GERMINATED,0
pg4_5,3,97,59,38,0.6082474226804123,39.0,97.0,59,59,59,1,False,True,True,True,True,True,True,True,pg_el,1,GERMINATED,0
pg4_5,4,97,74,23,0.7628865979381443,24.0,97.0,74,74,74,1,True,True,True,True,True,True,True,True,pg_el,1,GERMINATED,0
pg4_5,5,97,86,11,0.8865979381443299,12.0,97.0,86,86,86,1,True,True,True,True,True,True,True,True,pg_el,1,GERMINATED,0
pg4_5,6,97,79,18,0.8144329896907216,19.0,97.0,79,79,79,1,True,True,True,True,True,True,True,True,pg_el,1,GERMINATED,0
pg4_5,7,97,80,17,0.8247422680412371,18.0,97.0,80,80,80,1,True,True,True,True,True,True,True,True,pg_el,1,GERMINATED,0
pg4_5,8,97,85,12,0.8762886597938144,13.0,97.0,85,85,85,1,True,True,True,True,True,True,True,True,pg_el,1,GERMINATED,0
pg4_5,9,97,71,26,0.7319587628865979,27.0,97.0,71,71,71,1,False,True,True,True,True,True,True,True,pg_el,1,GERMINATED,0
pg4_6,0,97,0,97,0.0,,,0,0,0,0,False,False,False,False,False,False,False,False,pg_im,0,NON-GERMINATED,0
pg4_6,1,97,55,42,0.5670103092783505,43.0,97.0,55,55,55,1,False,True,True,True,True,True,True,True,pg_el,1,GERMINATED,0
pg4_6,2,97,74,23,0.7628865979381443,24.0,97.0,74,74,74,1,True,True,True,True,True,True,True,True,pg_el,1,GERMINATED,0
pg4_6,3,97,75,22,0.7731958762886598,23.0,97.0,75,75,75,1,True,True,True,True,True,True,True,True,pg_el,1,GERMINATED,0
pg4_6,4,97,76,21,0.7835051546391752,22.0,97.0,76,76,76,1,True,True,True,True,True,True,True,True,pg_el,1,GERMINATED,0
pg4_6,5,97,71,26,0.7319587628865979,27.0,97.0,71,71,71,1,False,True,True,True,True,True,True,True,pg_el,1,GERMINATED,0
pg4_6,6,97,79,18,0.8144329896907216,19.0,97.0,79,79,79,1,True,True,True,True,True,True,True,True,pg_el,1,GERMINATED,0
pg4_6,7,97,65,32,0.6701030927835051,33.0,97.0,65,65,65,1,False,True,True,True,True,True,True,True,pg_el,1,GERMINATED,0
pg4_6,8,97,69,28,0.711340206185567,29.0,97.0,69,69,69,1,False,True,True,True,True,True,True,True,pg_el,1,GERMINATED,0
pg4_6,9,97,81,16,0.8350515463917526,17.0,97.0,81,81,81,1,True,True,True,True,True,True,True,True,pg_el,1,GERMINATED,0
pg4_7,0,97,82,15,0.845360824742268,16.0,97.0,82,82,82,1,True,True,True,True,True,True,True,True,pg_el,1,GERMINATED,0
pg4_7,1,97,66,31,0.6804123711340206,32.0,97.0,66,66,66,1,False,True,True,True,True,True,True,True,pg_el,1,GERMINATED,0
pg4_7,2,97,32,65,0.32989690721649484,66.0,97.0,32,32,32,1,False,False,True,True,True,True,True,True,pg_el,1,GERMINATED,0
pg4_7,3,97,0,97,0.0,,,0,0,0,0,False,False,False,False,False,False,False,False,pg_im,0,NON-GERMINATED,0
pg4_7,4,97,0,97,0.0,,,0,0,0,0,False,False,False,False,False,False,False,False,pg_im,0,NON-GERMINATED,0
pg4_7,5,97,0,97,0.0,,,0,0,0,0,False,False,False,False,False,False,False,False,pg_im,0,NON-GERMINATED,0
pg4_7,6,97,68,29,0.7010309278350515,30.0,97.0,68,68,68,1,False,True,True,True,True,True,True,True,pg_el,1,GERMINATED,0
pg4_7,7,97,56,41,0.5773195876288659,42.0,97.0,56,56,56,1,False,True,True,True,True,True,True,True,pg_el,1,GERMINATED,0
pg4_7,8,97,63,34,0.6494845360824743,35.0,97.0,63,63,63,1,False,True,True,True,True,True,True,True,pg_el,1,GERMINATED,0
pg4_7,9,97,75,22,0.7731958762886598,23.0,97.0,75,75,75,1,True,True,True,True,True,True,True,True,pg_el,1,GERMINATED,0
pg4_8,0,97,0,97,0.0,,,0,0,0,0,False,False,False,False,False,False,False,False,pg_im,0,NON-GERMINATED,0
pg4_8,1,97,52,45,0.5360824742268041,46.0,97.0,52,52,52,1,False,True,True,True,True,True,True,True,pg_el,1,GERMINATED,0
pg4_8,2,97,58,39,0.5979381443298969,40.0,97.0,58,58,58,1,False,True,True,True,True,True,True,True,pg_el,1,GERMINATED,0
pg4_8,3,97,82,15,0.845360824742268,16.0,97.0,82,82,82,1,True,True,True,True,True,True,True,True,pg_el,1,GERMINATED,0
pg4_8,4,97,64,33,0.6597938144329897,34.0,97.0,64,64,64,1,False,True,True,True,True,True,True,True,pg_el,1,GERMINATED,0
pg4_8,5,97,71,26,0.7319587628865979,27.0,97.0,71,71,71,1,False,True,True,True,True,True,True,True,pg_el,1,GERMINATED,0
pg4_8,6,97,61,36,0.6288659793814433,37.0,97.0,61,61,61,1,False,True,True,True,True,True,True,True,pg_el,1,GERMINATED,0
pg4_8,7,97,80,17,0.8247422680412371,18.0,97.0,80,80,80,1,True,True,True,True,True,True,True,True,pg_el,1,GERMINATED,0
pg4_8,8,97,80,17,0.8247422680412371,17.0,97.0,79,79,1,2,True,True,True,True,True,True,True,True,pg_el,1,GERMINATED,1
pg4_8,9,97,69,28,0.711340206185567,29.0,97.0,69,69,69,1,False,True,True,True,True,True,True,True,pg_el,1,GERMINATED,0
pg4_9,0,97,0,97,0.0,,,0,0,0,0,False,False,False,False,False,False,False,False,pg_im,0,NON-GERMINATED,0
pg4_9,1,97,0,97,0.0,,,0,0,0,0,False,False,False,False,False,False,False,False,pg_im,0,NON-GERMINATED,0
pg4_9,2,97,63,34,0.6494845360824743,35.0,97.0,63,63,63,1,False,True,True,True,True,True,True,True,pg_el,1,GERMINATED,0
pg4_9,3,97,59,38,0.6082474226804123,39.0,97.0,59,59,59,1,False,True,True,True,True,True,True,True,pg_el,1,GERMINATED,0
pg4_9,4,97,68,29,0.7010309278350515,29.0,97.0,67,67,1,2,False,True,True,True,True,True,True,True,pg_el,1,GERMINATED,1
pg4_9,5,97,61,36,0.6288659793814433,37.0,97.0,61,61,61,1,False,True,True,True,True,True,True,True,pg_el,1,GERMINATED,0
pg4_9,6,97,71,26,0.7319587628865979,27.0,97.0,71,71,71,1,False,True,True,True,True,True,True,True,pg_el,1,GERMINATED,0
pg4_9,7,97,54,43,0.5567010309278351,44.0,97.0,54,54,54,1,False,True,True,True,True,True,True,True,pg_el,1,GERMINATED,0
pg4_9,8,97,61,36,0.6288659793814433,37.0,97.0,61,61,61,1,False,True,True,True,True,True,True,True,pg_el,1,GERMINATED,0
pg4_9,9,97,69,28,0.711340206185567,29.0,97.0,69,69,69,1,False,True,True,True,True,True,True,True,pg_el,1,GERMINATED,0
pg5_1,0,97,0,97,0.0,,,0,0,0,0,False,False,False,False,False,False,False,False,pg_im,0,NON-GERMINATED,0
pg5_1,1,97,78,19,0.8041237113402062,20.0,97.0,78,78,78,1,True,True,True,True,True,True,True,True,pg_el,1,GERMINATED,0
pg5_1,2,97,61,36,0.6288659793814433,37.0,97.0,61,61,61,1,False,True,True,True,True,True,True,True,pg_el,1,GERMINATED,0
pg5_1,3,97,53,44,0.5463917525773195,45.0,97.0,53,53,53,1,False,True,True,True,True,True,True,True,pg_el,1,GERMINATED,0
pg5_1,4,97,67,30,0.6907216494845361,31.0,97.0,67,67,67,1,False,True,True,True,True,True,True,True,pg_el,1,GERMINATED,0
pg5_1,5,97,72,25,0.7422680412371134,26.0,97.0,72,72,72,1,False,True,True,True,True,True,True,True,pg_el,1,GERMINATED,0
pg5_1,6,97,60,37,0.6185567010309279,38.0,97.0,60,60,60,1,False,True,True,True,True,True,True,True,pg_el,1,GERMINATED,0
pg5_1,7,97,82,15,0.845360824742268,16.0,97.0,82,82,82,1,True,True,True,True,True,True,True,True,pg_el,1,GERMINATED,0
pg5_1,8,97,68,29,0.7010309278350515,30.0,97.0,68,68,68,1,False,True,True,True,True,True,True,True,pg_el,1,GERMINATED,0
pg5_1,9,97,76,21,0.7835051546391752,22.0,97.0,76,76,76,1,True,True,True,True,True,True,True,True,pg_el,1,GERMINATED,0
pg5_10,0,97,0,97,0.0,,,0,0,0,0,False,False,False,False,False,False,False,False,pg_im,0,NON-GERMINATED,0
pg5_10,1,97,0,97,0.0,,,0,0,0,0,False,False,False,False,False,False,False,False,pg_im,0,NON-GERMINATED,0
pg5_10,2,97,50,47,0.5154639175257731,48.0,97.0,50,50,50,1,False,True,True,True,True,True,True,True,pg_el,1,GERMINATED,0
pg5_10,3,97,76,21,0.7835051546391752,22.0,97.0,76,76,76,1,True,True,True,True,True,True,True,True,pg_el,1,GERMINATED,0
pg5_10,4,97,68,29,0.7010309278350515,30.0,97.0,68,68,68,1,False,True,True,True,True,True,True,True,pg_el,1,GERMINATED,0
pg5_10,5,97,69,28,0.711340206185567,29.0,97.0,69,69,69,1,False,True,True,True,True,True,True,True,pg_el,1,GERMINATED,0
pg5_10,6,97,67,30,0.6907216494845361,31.0,97.0,67,67,67,1,False,True,True,True,True,True,True,True,pg_el,1,GERMINATED,0
pg5_10,7,97,65,32,0.6701030927835051,33.0,97.0,65,65,65,1,False,True,True,True,True,True,True,True,pg_el,1,GERMINATED,0
pg5_10,8,97,74,23,0.7628865979381443,24.0,97.0,74,74,74,1,True,True,True,True,True,True,True,True,pg_el,1,GERMINATED,0
pg5_10,9,97,58,39,0.5979381443298969,40.0,97.0,58,58,58,1,False,True,True,True,True,True,True,True,pg_el,1,GERMINATED,0
pg5_11,0,97,76,21,0.7835051546391752,22.0,97.0,76,76,76,1,True,True,True,True,True,True,True,True,pg_el,1,GERMINATED,0
pg5_11,1,97,76,21,0.7835051546391752,22.0,97.0,76,76,76,1,True,True,True,True,True,True,True,True,pg_el,1,GERMINATED,0
pg5_11,2,97,64,33,0.6597938144329897,34.0,97.0,64,64,64,1,False,True,True,True,True,True,True,True,pg_el,1,GERMINATED,0
pg5_11,3,97,62,35,0.6391752577319587,36.0,97.0,62,62,62,1,False,True,True,True,True,True,True,True,pg_el,1,GERMINATED,0
pg5_11,4,97,74,23,0.7628865979381443,24.0,97.0,74,74,74,1,True,True,True,True,True,True,True,True,pg_el,1,GERMINATED,0
pg5_11,5,97,62,35,0.6391752577319587,36.0,97.0,62,62,62,1,False,True,True,True,True,True,True,True,pg_el,1,GERMINATED,0
pg5_11,6,97,0,97,0.0,,,0,0,0,0,False,False,False,False,False,False,False,False,pg_im,0,NON-GERMINATED,0
pg5_11,7,97,0,97,0.0,,,0,0,0,0,False,False,False,False,False,False,False,False,pg_im,0,NON-GERMINATED,0
pg5_11,8,97,76,21,0.7835051546391752,22.0,97.0,76,76,76,1,True,True,True,True,True,True,True,True,pg_el,1,GERMINATED,0
pg5_11,9,97,35,62,0.36082474226804123,63.0,97.0,35,35,35,1,False,False,True,True,True,True,True,True,pg_el,1,GERMINATED,0
pg5_12,0,97,59,38,0.6082474226804123,39.0,97.0,59,59,59,1,False,True,True,True,True,True,True,True,pg_el,1,GERMINATED,0
pg5_12,1,97,64,33,0.6597938144329897,34.0,97.0,64,64,64,1,False,True,True,True,True,True,True,True,pg_el,1,GERMINATED,0
pg5_12,2,97,66,31,0.6804123711340206,32.0,97.0,66,66,66,1,False,True,True,True,True,True,True,True,pg_el,1,GERMINATED,0
pg5_12,3,97,32,65,0.32989690721649484,66.0,97.0,32,32,32,1,False,False,True,True,True,True,True,True,pg_el,1,GERMINATED,0
pg5_12,4,97,0,97,0.0,,,0,0,0,0,False,False,False,False,False,False,False,False,pg_im,0,NON-GERMINATED,0
pg5_12,5,97,0,97,0.0,,,0,0,0,0,False,False,False,False,False,False,False,False,pg_im,0,NON-GERMINATED,0
pg5_12,6,97,39,58,0.4020618556701031,59.0,97.0,39,39,39,1,False,False,True,True,True,True,True,True,pg_el,1,GERMINATED,0
pg5_12,7,97,45,52,0.4639175257731959,53.0,97.0,45,45,45,1,False,False,True,True,True,True,True,True,pg_el,1,GERMINATED,0
pg5_12,8,97,49,48,0.5051546391752577,49.0,97.0,49,49,49,1,False,False,True,True,True,True,True,True,pg_el,1,GERMINATED,0
pg5_12,9,97,69,28,0.711340206185567,28.0,97.0,68,68,1,2,False,True,True,True,True,True,True,True,pg_el,1,GERMINATED,1
pg5_2,0,97,61,36,0.6288659793814433,37.0,97.0,61,61,61,1,False,True,True,True,True,True,True,True,pg_el,1,GERMINATED,0
pg5_2,1,97,68,29,0.7010309278350515,30.0,97.0,68,68,68,1,False,True,True,True,True,True,True,True,pg_el,1,GERMINATED,0
pg5_2,2,97,71,26,0.7319587628865979,27.0,97.0,71,71,71,1,False,True,True,True,True,True,True,True,pg_el,1,GERMINATED,0
pg5_2,3,97,73,24,0.7525773195876289,25.0,97.0,73,73,73,1,False,True,True,True,True,True,True,True,pg_el,1,GERMINATED,0
pg5_2,4,97,69,28,0.711340206185567,29.0,97.0,69,69,69,1,False,True,True,True,True,True,True,True,pg_el,1,GERMINATED,0
pg5_2,5,97,81,16,0.8350515463917526,17.0,97.0,81,81,81,1,True,True,True,True,True,True,True,True,pg_el,1,GERMINATED,0
pg5_2,6,97,71,26,0.7319587628865979,27.0,97.0,71,71,71,1,False,True,True,True,True,True,True,True,pg_el,1,GERMINATED,0
pg5_2,7,97,74,23,0.7628865979381443,24.0,97.0,74,74,74,1,True,True,True,True,True,True,True,True,pg_el,1,GERMINATED,0
pg5_2,8,97,72,25,0.7422680412371134,26.0,97.0,72,72,72,1,False,True,True,True,True,True,True,True,pg_el,1,GERMINATED,0
pg5_2,9,97,66,31,0.6804123711340206,32.0,97.0,66,66,66,1,False,True,True,True,True,True,True,True,pg_el,1,GERMINATED,0
pg5_3,0,97,0,97,0.0,,,0,0,0,0,False,False,False,False,False,False,False,False,pg_im,0,NON-GERMINATED,0
pg5_3,1,97,64,33,0.6597938144329897,33.0,97.0,63,63,1,2,False,True,True,True,True,True,True,True,pg_el,1,GERMINATED,1
pg5_3,2,97,65,32,0.6701030927835051,33.0,97.0,65,65,65,1,False,True,True,True,True,True,True,True,pg_el,1,GERMINATED,0
pg5_3,3,97,67,30,0.6907216494845361,31.0,97.0,67,67,67,1,False,True,True,True,True,True,True,True,pg_el,1,GERMINATED,0
pg5_3,4,97,13,84,0.13402061855670103,85.0,97.0,13,13,13,1,False,False,False,True,True,True,False,False,pg_el,1,GERMINATED,0
pg5_3,5,97,61,36,0.6288659793814433,37.0,97.0,61,61,61,1,False,True,True,True,True,True,True,True,pg_el,1,GERMINATED,0
pg5_3,6,97,81,16,0.8350515463917526,17.0,97.0,81,81,81,1,True,True,True,True,True,True,True,True,pg_el,1,GERMINATED,0
pg5_3,7,97,52,45,0.5360824742268041,46.0,97.0,52,52,52,1,False,True,True,True,True,True,True,True,pg_el,1,GERMINATED,0
pg5_3,8,97,73,24,0.7525773195876289,25.0,97.0,73,73,73,1,False,True,True,True,True,True,True,True,pg_el,1,GERMINATED,0
pg5_3,9,97,72,25,0.7422680412371134,26.0,97.0,72,72,72,1,False,True,True,True,True,True,True,True,pg_el,1,GERMINATED,0
pg5_5,0,97,20,77,0.20618556701030927,78.0,97.0,20,20,20,1,False,False,False,True,True,True,True,True,pg_el,1,GERMINATED,0
pg5_5,1,97,74,23,0.7628865979381443,24.0,97.0,74,74,74,1,True,True,True,True,True,True,True,True,pg_el,1,GERMINATED,0
pg5_5,2,97,70,27,0.7216494845360825,28.0,97.0,70,70,70,1,False,True,True,True,True,True,True,True,pg_el,1,GERMINATED,0
pg5_5,3,97,59,38,0.6082474226804123,39.0,97.0,59,59,59,1,False,True,True,True,True,True,True,True,pg_el,1,GERMINATED,0
pg5_5,4,97,43,54,0.44329896907216493,55.0,97.0,43,43,43,1,False,False,True,True,True,True,True,True,pg_el,1,GERMINATED,0
pg5_5,5,97,79,18,0.8144329896907216,19.0,97.0,79,79,79,1,True,True,True,True,True,True,True,True,pg_el,1,GERMINATED,0
pg5_5,6,97,62,35,0.6391752577319587,36.0,97.0,62,62,62,1,False,True,True,True,True,True,True,True,pg_el,1,GERMINATED,0
pg5_5,7,97,76,21,0.7835051546391752,22.0,97.0,76,76,76,1,True,True,True,True,True,True,True,True,pg_el,1,GERMINATED,0
pg5_5,8,97,65,32,0.6701030927835051,33.0,97.0,65,65,65,1,False,True,True,True,True,True,True,True,pg_el,1,GERMINATED,0
pg5_5,9,97,73,24,0.7525773195876289,25.0,97.0,73,73,73,1,False,True,True,True,True,True,True,True,pg_el,1,GERMINATED,0
pg5_6,0,97,74,23,0.7628865979381443,24.0,97.0,74,74,74,1,True,True,True,True,True,True,True,True,pg_el,1,GERMINATED,0
pg5_6,1,97,61,36,0.6288659793814433,35.0,97.0,60,60,1,2,False,True,True,True,True,True,True,True,pg_el,1,GERMINATED,1
pg5_6,2,97,0,97,0.0,,,0,0,0,0,False,False,False,False,False,False,False,False,pg_im,0,NON-GERMINATED,0
pg5_6,3,97,71,26,0.7319587628865979,27.0,97.0,71,71,71,1,False,True,True,True,True,True,True,True,pg_el,1,GERMINATED,0
pg5_6,4,97,67,30,0.6907216494845361,31.0,97.0,67,67,67,1,False,True,True,True,True,True,True,True,pg_el,1,GERMINATED,0
pg5_6,5,97,66,31,0.6804123711340206,32.0,97.0,66,66,66,1,False,True,True,True,True,True,True,True,pg_el,1,GERMINATED,0
pg5_6,6,97,68,29,0.7010309278350515,29.0,97.0,67,67,1,2,False,True,True,True,True,True,True,True,pg_el,1,GERMINATED,1
pg5_6,7,97,79,18,0.8144329896907216,19.0,97.0,79,79,79,1,True,True,True,True,True,True,True,True,pg_el,1,GERMINATED,0
pg5_6,8,97,59,38,0.6082474226804123,39.0,97.0,59,59,59,1,False,True,True,True,True,True,True,True,pg_el,1,GERMINATED,0
pg5_6,9,97,59,38,0.6082474226804123,39.0,97.0,59,59,59,1,False,True,True,True,True,True,True,True,pg_el,1,GERMINATED,0
pg5_7,0,97,55,42,0.5670103092783505,43.0,97.0,55,55,55,1,False,True,True,True,True,True,True,True,pg_el,1,GERMINATED,0
pg5_7,1,97,60,37,0.6185567010309279,38.0,97.0,60,60,60,1,False,True,True,True,True,True,True,True,pg_el,1,GERMINATED,0
pg5_7,2,97,67,30,0.6907216494845361,31.0,97.0,67,67,67,1,False,True,True,True,True,True,True,True,pg_el,1,GERMINATED,0
pg5_7,3,97,71,26,0.7319587628865979,27.0,97.0,71,71,71,1,False,True,True,True,True,True,True,True,pg_el,1,GERMINATED,0
pg5_7,4,97,0,97,0.0,,,0,0,0,0,False,False,False,False,False,False,False,False,pg_im,0,NON-GERMINATED,0
pg5_7,5,97,58,39,0.5979381443298969,40.0,97.0,58,58,58,1,False,True,True,True,True,True,True,True,pg_el,1,GERMINATED,0
pg5_7,6,97,60,37,0.6185567010309279,38.0,97.0,60,60,60,1,False,True,True,True,True,True,True,True,pg_el,1,GERMINATED,0
pg5_7,7,97,70,27,0.7216494845360825,28.0,97.0,70,70,70,1,False,True,True,True,True,True,True,True,pg_el,1,GERMINATED,0
pg5_7,8,97,69,28,0.711340206185567,29.0,97.0,69,69,69,1,False,True,True,True,True,True,True,True,pg_el,1,GERMINATED,0
pg5_7,9,97,57,40,0.5876288659793815,41.0,97.0,57,57,57,1,False,True,True,True,True,True,True,True,pg_el,1,GERMINATED,0
pg5_8,0,97,42,55,0.4329896907216495,56.0,97.0,42,42,42,1,False,False,True,True,True,True,True,True,pg_el,1,GERMINATED,0
pg5_8,1,97,79,18,0.8144329896907216,19.0,97.0,79,79,79,1,True,True,True,True,True,True,True,True,pg_el,1,GERMINATED,0
pg5_8,2,97,70,27,0.7216494845360825,28.0,97.0,70,70,70,1,False,True,True,True,True,True,True,True,pg_el,1,GERMINATED,0
pg5_8,3,97,55,42,0.5670103092783505,42.0,97.0,54,54,1,2,False,True,True,True,True,True,True,True,pg_el,1,GERMINATED,1
pg5_8,4,97,72,25,0.7422680412371134,26.0,97.0,72,72,72,1,False,True,True,True,True,True,True,True,pg_el,1,GERMINATED,0
pg5_8,5,97,35,62,0.36082474226804123,63.0,97.0,35,35,35,1,False,False,True,True,True,True,True,True,pg_el,1,GERMINATED,0
pg5_8,6,97,62,35,0.6391752577319587,36.0,97.0,62,62,62,1,False,True,True,True,True,True,True,True,pg_el,1,GERMINATED,0
pg5_8,7,97,58,39,0.5979381443298969,40.0,97.0,58,58,58,1,False,True,True,True,True,True,True,True,pg_el,1,GERMINATED,0
pg5_8,8,97,68,29,0.7010309278350515,29.0,97.0,67,67,1,2,False,True,True,True,True,True,True,True,pg_el,1,GERMINATED,1
pg5_8,9,97,76,21,0.7835051546391752,22.0,97.0,76,76,76,1,True,True,True,True,True,True,True,True,pg_el,1,GERMINATED,0
pg6_1,0,97,20,77,0.20618556701030927,78.0,97.0,20,20,20,1,False,False,False,True,True,True,True,True,pg_el,1,GERMINATED,0
pg6_1,1,97,74,23,0.7628865979381443,24.0,97.0,74,74,74,1,True,True,True,True,True,True,True,True,pg_el,1,GERMINATED,0
pg6_1,2,97,84,13,0.865979381443299,14.0,97.0,84,84,84,1,True,True,True,True,True,True,True,True,pg_el,1,GERMINATED,0
pg6_1,3,97,90,7,0.9278350515463918,8.0,97.0,90,90,90,1,True,True,True,True,True,True,True,True,pg_el,1,GERMINATED,0
pg6_1,4,97,77,20,0.7938144329896907,21.0,97.0,77,77,77,1,True,True,True,True,True,True,True,True,pg_el,1,GERMINATED,0
pg6_1,5,97,67,30,0.6907216494845361,31.0,97.0,67,67,67,1,False,True,True,True,True,True,True,True,pg_el,1,GERMINATED,0
pg6_1,6,97,76,21,0.7835051546391752,22.0,97.0,76,76,76,1,True,True,True,True,True,True,True,True,pg_el,1,GERMINATED,0
pg6_1,7,97,78,19,0.8041237113402062,20.0,97.0,78,78,78,1,True,True,True,True,True,True,True,True,pg_el,1,GERMINATED,0
pg6_1,8,97,78,19,0.8041237113402062,20.0,97.0,78,78,78,1,True,True,True,True,True,True,True,True,pg_el,1,GERMINATED,0
pg6_1,9,97,80,17,0.8247422680412371,18.0,97.0,80,80,80,1,True,True,True,True,True,True,True,True,pg_el,1,GERMINATED,0
pg6_10,0,97,79,18,0.8144329896907216,19.0,97.0,79,79,79,1,True,True,True,True,True,True,True,True,pg_el,1,GERMINATED,0
pg6_10,1,97,72,25,0.7422680412371134,26.0,97.0,72,72,72,1,False,True,True,True,True,True,True,True,pg_el,1,GERMINATED,0
pg6_10,2,97,83,14,0.8556701030927835,15.0,97.0,83,83,83,1,True,True,True,True,True,True,True,True,pg_el,1,GERMINATED,0
pg6_10,3,97,66,31,0.6804123711340206,32.0,97.0,66,66,66,1,False,True,True,True,True,True,True,True,pg_el,1,GERMINATED,0
pg6_10,4,97,78,19,0.8041237113402062,20.0,97.0,78,78,78,1,True,True,True,True,True,True,True,True,pg_el,1,GERMINATED,0
pg6_10,5,97,82,15,0.845360824742268,16.0,97.0,82,82,82,1,True,True,True,True,True,True,True,True,pg_el,1,GERMINATED,0
pg6_10,6,97,74,23,0.7628865979381443,24.0,97.0,74,74,74,1,True,True,True,True,True,True,True,True,pg_el,1,GERMINATED,0
pg6_10,7,97,62,35,0.6391752577319587,36.0,97.0,62,62,62,1,False,True,True,True,True,True,True,True,pg_el,1,GERMINATED,0
pg6_10,8,97,74,23,0.7628865979381443,24.0,97.0,74,74,74,1,True,True,True,True,True,True,True,True,pg_el,1,GERMINATED,0
pg6_10,9,97,70,27,0.7216494845360825,28.0,97.0,70,70,70,1,False,True,True,True,True,True,True,True,pg_el,1,GERMINATED,0
pg6_11,0,97,70,27,0.7216494845360825,28.0,97.0,70,70,70,1,False,True,True,True,True,True,True,True,pg_el,1,GERMINATED,0
pg6_11,1,97,37,60,0.38144329896907214,61.0,97.0,37,37,37,1,False,False,True,True,True,True,True,True,pg_el,1,GERMINATED,0
pg6_11,2,97,73,24,0.7525773195876289,25.0,97.0,73,73,73,1,False,True,True,True,True,True,True,True,pg_el,1,GERMINATED,0
pg6_11,3,97,48,49,0.4948453608247423,50.0,97.0,48,48,48,1,False,False,True,True,True,True,True,True,pg_el,1,GERMINATED,0
pg6_11,4,97,45,52,0.4639175257731959,53.0,97.0,45,45,45,1,False,False,True,True,True,True,True,True,pg_el,1,GERMINATED,0
pg6_11,5,97,57,40,0.5876288659793815,41.0,97.0,57,57,57,1,False,True,True,True,True,True,True,True,pg_el,1,GERMINATED,0
pg6_11,6,97,80,17,0.8247422680412371,18.0,97.0,80,80,80,1,True,True,True,True,True,True,True,True,pg_el,1,GERMINATED,0
pg6_11,7,97,71,26,0.7319587628865979,27.0,97.0,71,71,71,1,False,True,True,True,True,True,True,True,pg_el,1,GERMINATED,0
pg6_11,8,97,69,28,0.711340206185567,29.0,97.0,69,69,69,1,False,True,True,True,True,True,True,True,pg_el,1,GERMINATED,0
pg6_11,9,97,66,31,0.6804123711340206,32.0,97.0,66,66,66,1,False,True,True,True,True,True,True,True,pg_el,1,GERMINATED,0
pg6_12,0,97,79,18,0.8144329896907216,19.0,97.0,79,79,79,1,True,True,True,True,True,True,True,True,pg_el,1,GERMINATED,0
pg6_12,1,97,76,21,0.7835051546391752,22.0,97.0,76,76,76,1,True,True,True,True,True,True,True,True,pg_el,1,GERMINATED,0
pg6_12,2,97,61,36,0.6288659793814433,37.0,97.0,61,61,61,1,False,True,True,True,True,True,True,True,pg_el,1,GERMINATED,0
pg6_12,3,97,82,15,0.845360824742268,16.0,97.0,82,82,82,1,True,True,True,True,True,True,True,True,pg_el,1,GERMINATED,0
pg6_12,4,97,66,31,0.6804123711340206,31.0,97.0,65,65,1,2,False,True,True,True,True,True,True,True,pg_el,1,GERMINATED,1
pg6_12,5,97,84,13,0.865979381443299,14.0,97.0,84,84,84,1,True,True,True,True,True,True,True,True,pg_el,1,GERMINATED,0
pg6_12,6,97,0,97,0.0,,,0,0,0,0,False,False,False,False,False,False,False,False,pg_im,0,NON-GERMINATED,0
pg6_12,7,97,77,20,0.7938144329896907,20.0,97.0,76,76,1,2,True,True,True,True,True,True,True,True,pg_el,1,GERMINATED,1
pg6_12,8,97,59,38,0.6082474226804123,39.0,97.0,59,59,59,1,False,True,True,True,True,True,True,True,pg_el,1,GERMINATED,0
pg6_12,9,97,73,24,0.7525773195876289,25.0,97.0,73,73,73,1,False,True,True,True,True,True,True,True,pg_el,1,GERMINATED,0
pg6_2,0,97,0,97,0.0,,,0,0,0,0,False,False,False,False,False,False,False,False,pg_im,0,NON-GERMINATED,0
pg6_2,1,97,70,27,0.7216494845360825,28.0,97.0,70,70,70,1,False,True,True,True,True,True,True,True,pg_el,1,GERMINATED,0
pg6_2,2,97,70,27,0.7216494845360825,28.0,97.0,70,70,70,1,False,True,True,True,True,True,True,True,pg_el,1,GERMINATED,0
pg6_2,3,97,56,41,0.5773195876288659,42.0,97.0,56,56,56,1,False,True,True,True,True,True,True,True,pg_el,1,GERMINATED,0
pg6_2,4,97,72,25,0.7422680412371134,26.0,97.0,72,72,72,1,False,True,True,True,True,True,True,True,pg_el,1,GERMINATED,0
pg6_2,5,97,77,20,0.7938144329896907,21.0,97.0,77,77,77,1,True,True,True,True,True,True,True,True,pg_el,1,GERMINATED,0
pg6_2,6,97,74,23,0.7628865979381443,24.0,97.0,74,74,74,1,True,True,True,True,True,True,True,True,pg_el,1,GERMINATED,0
pg6_2,7,97,79,18,0.8144329896907216,19.0,97.0,79,79,79,1,True,True,True,True,True,True,True,True,pg_el,1,GERMINATED,0
pg6_2,8,97,63,34,0.6494845360824743,35.0,97.0,63,63,63,1,False,True,True,True,True,True,True,True,pg_el,1,GERMINATED,0
pg6_2,9,97,72,25,0.7422680412371134,26.0,97.0,72,72,72,1,False,True,True,True,True,True,True,True,pg_el,1,GERMINATED,0
pg6_3,0,97,0,97,0.0,,,0,0,0,0,False,False,False,False,False,False,False,False,pg_im,0,NON-GERMINATED,0
pg6_3,1,97,0,97,0.0,,,0,0,0,0,False,False,False,False,False,False,False,False,pg_im,0,NON-GERMINATED,0
pg6_3,2,97,58,39,0.5979381443298969,40.0,97.0,58,58,58,1,False,True,True,True,True,True,True,True,pg_el,1,GERMINATED,0
pg6_3,3,97,73,24,0.7525773195876289,25.0,97.0,73,73,73,1,False,True,True,True,True,True,True,True,pg_el,1,GERMINATED,0
pg6_3,4,97,64,33,0.6597938144329897,34.0,97.0,64,64,64,1,False,True,True,True,True,True,True,True,pg_el,1,GERMINATED,0
pg6_3,5,97,64,33,0.6597938144329897,34.0,97.0,64,64,64,1,False,True,True,True,True,True,True,True,pg_el,1,GERMINATED,0
pg6_3,6,97,40,57,0.41237113402061853,58.0,97.0,40,40,40,1,False,False,True,True,True,True,True,True,pg_el,1,GERMINATED,0
pg6_3,7,97,82,15,0.845360824742268,16.0,97.0,82,82,82,1,True,True,True,True,True,True,True,True,pg_el,1,GERMINATED,0
pg6_3,8,97,78,19,0.8041237113402062,20.0,97.0,78,78,78,1,True,True,True,True,True,True,True,True,pg_el,1,GERMINATED,0
pg6_3,9,97,67,30,0.6907216494845361,31.0,97.0,67,67,67,1,False,True,True,True,True,True,True,True,pg_el,1,GERMINATED,0
pg6_4,0,97,0,97,0.0,,,0,0,0,0,False,False,False,False,False,False,False,False,pg_im,0,NON-GERMINATED,0
pg6_4,1,97,56,41,0.5773195876288659,42.0,97.0,56,56,56,1,False,True,True,True,True,True,True,True,pg_el,1,GERMINATED,0
pg6_4,2,97,85,12,0.8762886597938144,13.0,97.0,85,85,85,1,True,True,True,True,True,True,True,True,pg_el,1,GERMINATED,0
pg6_4,3,97,59,38,0.6082474226804123,39.0,97.0,59,59,59,1,False,True,True,True,True,True,True,True,pg_el,1,GERMINATED,0
pg6_4,4,97,73,24,0.7525773195876289,25.0,97.0,73,73,73,1,False,True,True,True,True,True,True,True,pg_el,1,GERMINATED,0
pg6_4,5,97,76,21,0.7835051546391752,22.0,97.0,76,76,76,1,True,True,True,True,True,True,True,True,pg_el,1,GERMINATED,0
pg6_4,6,97,59,38,0.6082474226804123,39.0,97.0,59,59,59,1,False,True,True,True,True,True,True,True,pg_el,1,GERMINATED,0
pg6_4,7,97,65,32,0.6701030927835051,33.0,97.0,65,65,65,1,False,True,True,True,True,True,True,True,pg_el,1,GERMINATED,0
pg6_4,8,97,74,23,0.7628865979381443,24.0,97.0,74,74,74,1,True,True,True,True,True,True,True,True,pg_el,1,GERMINATED,0
pg6_4,9,97,73,24,0.7525773195876289,25.0,97.0,73,73,73,1,False,True,True,True,True,True,True,True,pg_el,1,GERMINATED,0
pg6_5,0,97,0,97,0.0,,,0,0,0,0,False,False,False,False,False,False,False,False,pg_im,0,NON-GERMINATED,0
pg6_5,1,97,0,97,0.0,,,0,0,0,0,False,False,False,False,False,False,False,False,pg_im,0,NON-GERMINATED,0
pg6_5,2,97,76,21,0.7835051546391752,22.0,97.0,76,76,76,1,True,True,True,True,True,True,True,True,pg_el,1,GERMINATED,0
pg6_5,3,97,76,21,0.7835051546391752,22.0,97.0,76,76,76,1,True,True,True,True,True,True,True,True,pg_el,1,GERMINATED,0
pg6_5,4,97,76,21,0.7835051546391752,22.0,97.0,76,76,76,1,True,True,True,True,True,True,True,True,pg_el,1,GERMINATED,0
pg6_5,5,97,81,16,0.8350515463917526,17.0,97.0,81,81,81,1,True,True,True,True,True,True,True,True,pg_el,1,GERMINATED,0
pg6_5,6,97,71,26,0.7319587628865979,27.0,97.0,71,71,71,1,False,True,True,True,True,True,True,True,pg_el,1,GERMINATED,0
pg6_5,7,97,69,28,0.711340206185567,29.0,97.0,69,69,69,1,False,True,True,True,True,True,True,True,pg_el,1,GERMINATED,0
pg6_5,8,97,72,25,0.7422680412371134,26.0,97.0,72,72,72,1,False,True,True,True,True,True,True,True,pg_el,1,GERMINATED,0
pg6_5,9,97,57,40,0.5876288659793815,41.0,97.0,57,57,57,1,False,True,True,True,True,True,True,True,pg_el,1,GERMINATED,0
pg6_5,10,97,70,27,0.7216494845360825,28.0,97.0,70,70,70,1,False,True,True,True,True,True,True,True,pg_el,1,GERMINATED,0
pg6_6,0,97,0,97,0.0,,,0,0,0,0,False,False,False,False,False,False,False,False,pg_im,0,NON-GERMINATED,0
pg6_6,1,97,87,10,0.8969072164948454,11.0,97.0,87,87,87,1,True,True,True,True,True,True,True,True,pg_el,1,GERMINATED,0
pg6_6,2,97,87,10,0.8969072164948454,11.0,97.0,87,87,87,1,True,True,True,True,True,True,True,True,pg_el,1,GERMINATED,0
pg6_6,3,97,75,22,0.7731958762886598,23.0,97.0,75,75,75,1,True,True,True,True,True,True,True,True,pg_el,1,GERMINATED,0
pg6_6,4,97,76,21,0.7835051546391752,22.0,97.0,76,76,76,1,True,True,True,True,True,True,True,True,pg_el,1,GERMINATED,0
pg6_6,5,97,67,30,0.6907216494845361,31.0,97.0,67,67,67,1,False,True,True,True,True,True,True,True,pg_el,1,GERMINATED,0
pg6_6,6,97,76,21,0.7835051546391752,22.0,97.0,76,76,76,1,True,True,True,True,True,True,True,True,pg_el,1,GERMINATED,0
pg6_6,7,97,76,21,0.7835051546391752,22.0,97.0,76,76,76,1,True,True,True,True,True,True,True,True,pg_el,1,GERMINATED,0
pg6_6,8,97,83,14,0.8556701030927835,15.0,97.0,83,83,83,1,True,True,True,True,True,True,True,True,pg_el,1,GERMINATED,0
pg6_6,9,97,90,7,0.9278350515463918,8.0,97.0,90,90,90,1,True,True,True,True,True,True,True,True,pg_el,1,GERMINATED,0
pg6_7,0,97,0,97,0.0,,,0,0,0,0,False,False,False,False,False,False,False,False,pg_im,0,NON-GERMINATED,0
pg6_7,1,97,34,63,0.35051546391752575,64.0,97.0,34,34,34,1,False,False,True,True,True,True,True,True,pg_el,1,GERMINATED,0
pg6_7,2,97,86,11,0.8865979381443299,12.0,97.0,86,86,86,1,True,True,True,True,True,True,True,True,pg_el,1,GERMINATED,0
pg6_7,3,97,84,13,0.865979381443299,14.0,97.0,84,84,84,1,True,True,True,True,True,True,True,True,pg_el,1,GERMINATED,0
pg6_7,4,97,80,17,0.8247422680412371,18.0,97.0,80,80,80,1,True,True,True,True,True,True,True,True,pg_el,1,GERMINATED,0
pg6_7,5,97,84,13,0.865979381443299,14.0,97.0,84,84,84,1,True,True,True,True,True,True,True,True,pg_el,1,GERMINATED,0
pg6_7,6,97,84,13,0.865979381443299,14.0,97.0,84,84,84,1,True,True,True,True,True,True,True,True,pg_el,1,GERMINATED,0
pg6_7,7,97,78,19,0.8041237113402062,20.0,97.0,78,78,78,1,True,True,True,True,True,True,True,True,pg_el,1,GERMINATED,0
pg6_7,8,97,70,27,0.7216494845360825,28.0,97.0,70,70,70,1,False,True,True,True,True,True,True,True,pg_el,1,GERMINATED,0
pg6_7,9,97,80,17,0.8247422680412371,18.0,97.0,80,80,80,1,True,True,True,True,True,True,True,True,pg_el,1,GERMINATED,0
pg6_8,0,97,0,97,0.0,,,0,0,0,0,False,False,False,False,False,False,False,False,pg_im,0,NON-GERMINATED,0
pg6_8,1,97,60,37,0.6185567010309279,38.0,97.0,60,60,60,1,False,True,True,True,True,True,True,True,pg_el,1,GERMINATED,0
pg6_8,2,97,67,30,0.6907216494845361,31.0,97.0,67,67,67,1,False,True,True,True,True,True,True,True,pg_el,1,GERMINATED,0
pg6_8,3,97,60,37,0.6185567010309279,38.0,97.0,60,60,60,1,False,True,True,True,True,True,True,True,pg_el,1,GERMINATED,0
pg6_8,4,97,81,16,0.8350515463917526,17.0,97.0,81,81,81,1,True,True,True,True,True,True,True,True,pg_el,1,GERMINATED,0
pg6_8,5,97,74,23,0.7628865979381443,23.0,97.0,73,73,1,2,True,True,True,True,True,True,True,True,pg_el,1,GERMINATED,1
pg6_8,6,97,66,31,0.6804123711340206,32.0,97.0,66,66,66,1,False,True,True,True,True,True,True,True,pg_el,1,GERMINATED,0
pg6_8,7,97,68,29,0.7010309278350515,30.0,97.0,68,68,68,1,False,True,True,True,True,True,True,True,pg_el,1,GERMINATED,0
pg6_8,8,97,29,68,0.29896907216494845,69.0,97.0,29,29,29,1,False,False,True,True,True,True,True,True,pg_el,1,GERMINATED,0
pg6_8,9,97,14,83,0.14432989690721648,84.0,97.0,14,14,14,1,False,False,False,True,True,True,False,False,pg_el,1,GERMINATED,0
pg6_9,0,97,71,26,0.7319587628865979,27.0,97.0,71,71,71,1,False,True,True,True,True,True,True,True,pg_el,1,GERMINATED,0
pg6_9,1,97,74,23,0.7628865979381443,24.0,97.0,74,74,74,1,True,True,True,True,True,True,True,True,pg_el,1,GERMINATED,0
pg6_9,2,97,73,24,0.7525773195876289,25.0,97.0,73,73,73,1,False,True,True,True,True,True,True,True,pg_el,1,GERMINATED,0
pg6_9,3,97,74,23,0.7628865979381443,24.0,97.0,74,74,74,1,True,True,True,True,True,True,True,True,pg_el,1,GERMINATED,0
pg6_9,4,97,72,25,0.7422680412371134,25.0,97.0,71,71,1,2,False,True,True,True,True,True,True,True,pg_el,1,GERMINATED,1
pg6_9,5,97,71,26,0.7319587628865979,27.0,97.0,71,71,71,1,False,True,True,True,True,True,True,True,pg_el,1,GERMINATED,0
pg6_9,6,97,70,27,0.7216494845360825,28.0,97.0,70,70,70,1,False,True,True,True,True,True,True,True,pg_el,1,GERMINATED,0
pg6_9,7,97,77,20,0.7938144329896907,21.0,97.0,77,77,77,1,True,True,True,True,True,True,True,True,pg_el,1,GERMINATED,0
pg6_9,8,97,59,38,0.6082474226804123,39.0,97.0,59,59,59,1,False,True,True,True,True,True,True,True,pg_el,1,GERMINATED,0
pg6_9,9,97,67,30,0.6907216494845361,31.0,97.0,67,67,67,1,False,True,True,True,True,True,True,True,pg_el,1,GERMINATED,0
pg7_1,0,97,0,97,0.0,,,0,0,0,0,False,False,False,False,False,False,False,False,pg_im,0,NON-GERMINATED,0
pg7_1,1,97,0,97,0.0,,,0,0,0,0,False,False,False,False,False,False,False,False,pg_im,0,NON-GERMINATED,0
pg7_1,2,97,0,97,0.0,,,0,0,0,0,False,False,False,False,False,False,False,False,pg_im,0,NON-GERMINATED,0
pg7_1,3,97,74,23,0.7628865979381443,24.0,97.0,74,74,74,1,True,True,True,True,True,True,True,True,pg_el,1,GERMINATED,0
pg7_1,4,97,66,31,0.6804123711340206,32.0,97.0,66,66,66,1,False,True,True,True,True,True,True,True,pg_el,1,GERMINATED,0
pg7_1,5,97,68,29,0.7010309278350515,30.0,97.0,68,68,68,1,False,True,True,True,True,True,True,True,pg_el,1,GERMINATED,0
pg7_1,6,97,79,18,0.8144329896907216,19.0,97.0,79,79,79,1,True,True,True,True,True,True,True,True,pg_el,1,GERMINATED,0
pg7_1,7,97,70,27,0.7216494845360825,28.0,97.0,70,70,70,1,False,True,True,True,True,True,True,True,pg_el,1,GERMINATED,0
pg7_1,8,97,67,30,0.6907216494845361,31.0,97.0,67,67,67,1,False,True,True,True,True,True,True,True,pg_el,1,GERMINATED,0
pg7_1,9,97,77,20,0.7938144329896907,21.0,97.0,77,77,77,1,True,True,True,True,True,True,True,True,pg_el,1,GERMINATED,0
pg7_10,0,97,82,15,0.845360824742268,16.0,97.0,82,82,82,1,True,True,True,True,True,True,True,True,pg_el,1,GERMINATED,0
pg7_10,1,97,75,22,0.7731958762886598,23.0,97.0,75,75,75,1,True,True,True,True,True,True,True,True,pg_el,1,GERMINATED,0
pg7_10,2,97,71,26,0.7319587628865979,27.0,97.0,71,71,71,1,False,True,True,True,True,True,True,True,pg_el,1,GERMINATED,0
pg7_10,3,97,57,40,0.5876288659793815,41.0,97.0,57,57,57,1,False,True,True,True,True,True,True,True,pg_el,1,GERMINATED,0
pg7_10,4,97,83,14,0.8556701030927835,15.0,97.0,83,83,83,1,True,True,True,True,True,True,True,True,pg_el,1,GERMINATED,0
pg7_10,5,97,44,53,0.4536082474226804,54.0,97.0,44,44,44,1,False,False,True,True,True,True,True,True,pg_el,1,GERMINATED,0
pg7_10,6,97,0,97,0.0,,,0,0,0,0,False,False,False,False,False,False,False,False,pg_im,0,NON-GERMINATED,0
pg7_10,7,97,0,97,0.0,,,0,0,0,0,False,False,False,False,False,False,False,False,pg_im,0,NON-GERMINATED,0
pg7_10,8,97,79,18,0.8144329896907216,19.0,97.0,79,79,79,1,True,True,True,True,True,True,True,True,pg_el,1,GERMINATED,0
pg7_10,9,97,85,12,0.8762886597938144,13.0,97.0,85,85,85,1,True,True,True,True,True,True,True,True,pg_el,1,GERMINATED,0
pg7_11,0,97,52,45,0.5360824742268041,46.0,97.0,52,52,52,1,False,True,True,True,True,True,True,True,pg_el,1,GERMINATED,0
pg7_11,1,97,80,17,0.8247422680412371,18.0,97.0,80,80,80,1,True,True,True,True,True,True,True,True,pg_el,1,GERMINATED,0
pg7_11,2,97,39,58,0.4020618556701031,58.0,97.0,38,38,1,2,False,False,True,True,True,True,True,True,pg_el,1,GERMINATED,1
pg7_11,3,97,46,51,0.4742268041237113,52.0,97.0,46,46,46,1,False,False,True,True,True,True,True,True,pg_el,1,GERMINATED,0
pg7_11,4,97,70,27,0.7216494845360825,27.0,97.0,69,69,1,2,False,True,True,True,True,True,True,True,pg_el,1,GERMINATED,1
pg7_11,5,97,82,15,0.845360824742268,16.0,97.0,82,82,82,1,True,True,True,True,True,True,True,True,pg_el,1,GERMINATED,0
pg7_11,6,97,82,15,0.845360824742268,16.0,97.0,82,82,82,1,True,True,True,True,True,True,True,True,pg_el,1,GERMINATED,0
pg7_11,7,97,83,14,0.8556701030927835,15.0,97.0,83,83,83,1,True,True,True,True,True,True,True,True,pg_el,1,GERMINATED,0
pg7_11,8,97,79,18,0.8144329896907216,19.0,97.0,79,79,79,1,True,True,True,True,True,True,True,True,pg_el,1,GERMINATED,0
pg7_11,9,97,76,21,0.7835051546391752,22.0,97.0,76,76,76,1,True,True,True,True,True,True,True,True,pg_el,1,GERMINATED,0
pg7_12,0,97,67,30,0.6907216494845361,31.0,97.0,67,67,67,1,False,True,True,True,True,True,True,True,pg_el,1,GERMINATED,0
pg7_12,1,97,0,97,0.0,,,0,0,0,0,False,False,False,False,False,False,False,False,pg_im,0,NON-GERMINATED,0
pg7_12,2,97,0,97,0.0,,,0,0,0,0,False,False,False,False,False,False,False,False,pg_im,0,NON-GERMINATED,0
pg7_12,3,97,47,50,0.4845360824742268,51.0,97.0,47,47,47,1,False,False,True,True,True,True,True,True,pg_el,1,GERMINATED,0
pg7_12,4,97,54,43,0.5567010309278351,42.0,97.0,53,53,1,2,False,True,True,True,True,True,True,True,pg_el,1,GERMINATED,1
pg7_12,5,97,71,26,0.7319587628865979,27.0,97.0,71,71,71,1,False,True,True,True,True,True,True,True,pg_el,1,GERMINATED,0
pg7_12,6,97,78,19,0.8041237113402062,20.0,97.0,78,78,78,1,True,True,True,True,True,True,True,True,pg_el,1,GERMINATED,0
pg7_12,7,97,71,26,0.7319587628865979,27.0,97.0,71,71,71,1,False,True,True,True,True,True,True,True,pg_el,1,GERMINATED,0
pg7_12,8,97,74,23,0.7628865979381443,24.0,97.0,74,74,74,1,True,True,True,True,True,True,True,True,pg_el,1,GERMINATED,0
pg7_12,9,97,48,49,0.4948453608247423,50.0,97.0,48,48,48,1,False,False,True,True,True,True,True,True,pg_el,1,GERMINATED,0
pg7_2,0,97,54,43,0.5567010309278351,44.0,97.0,54,54,54,1,False,True,True,True,True,True,True,True,pg_el,1,GERMINATED,0
pg7_2,1,97,39,58,0.4020618556701031,59.0,97.0,39,39,39,1,False,False,True,True,True,True,True,True,pg_el,1,GERMINATED,0
pg7_2,2,97,0,97,0.0,,,0,0,0,0,False,False,False,False,False,False,False,False,pg_im,0,NON-GERMINATED,0
pg7_2,3,97,63,34,0.6494845360824743,35.0,97.0,63,63,63,1,False,True,True,True,True,True,True,True,pg_el,1,GERMINATED,0
pg7_2,4,97,72,25,0.7422680412371134,26.0,97.0,72,72,72,1,False,True,True,True,True,True,True,True,pg_el,1,GERMINATED,0
pg7_2,5,97,80,17,0.8247422680412371,18.0,97.0,80,80,80,1,True,True,True,True,True,True,True,True,pg_el,1,GERMINATED,0
pg7_2,6,97,74,23,0.7628865979381443,24.0,97.0,74,74,74,1,True,True,True,True,True,True,True,True,pg_el,1,GERMINATED,0
pg7_2,7,97,75,22,0.7731958762886598,23.0,97.0,75,75,75,1,True,True,True,True,True,True,True,True,pg_el,1,GERMINATED,0
pg7_2,8,97,77,20,0.7938144329896907,21.0,97.0,77,77,77,1,True,True,True,True,True,True,True,True,pg_el,1,GERMINATED,0
pg7_2,9,97,70,27,0.7216494845360825,28.0,97.0,70,70,70,1,False,True,True,True,True,True,True,True,pg_el,1,GERMINATED,0
pg7_3,0,97,0,97,0.0,,,0,0,0,0,False,False,False,False,False,False,False,False,pg_im,0,NON-GERMINATED,0
pg7_3,1,97,12,85,0.12371134020618557,86.0,97.0,12,12,12,1,False,False,False,True,True,True,False,False,pg_el,1,GERMINATED,0
pg7_3,2,97,61,36,0.6288659793814433,37.0,97.0,61,61,61,1,False,True,True,True,True,True,True,True,pg_el,1,GERMINATED,0
pg7_3,3,97,55,42,0.5670103092783505,43.0,97.0,55,55,55,1,False,True,True,True,True,True,True,True,pg_el,1,GERMINATED,0
pg7_3,4,97,63,34,0.6494845360824743,35.0,97.0,63,63,63,1,False,True,True,True,True,True,True,True,pg_el,1,GERMINATED,0
pg7_3,5,97,77,20,0.7938144329896907,21.0,97.0,77,77,77,1,True,True,True,True,True,True,True,True,pg_el,1,GERMINATED,0
pg7_3,6,97,68,29,0.7010309278350515,30.0,97.0,68,68,68,1,False,True,True,True,True,True,True,True,pg_el,1,GERMINATED,0
pg7_3,7,97,66,31,0.6804123711340206,32.0,97.0,66,66,66,1,False,True,True,True,True,True,True,True,pg_el,1,GERMINATED,0
pg7_3,8,97,67,30,0.6907216494845361,31.0,97.0,67,67,67,1,False,True,True,True,True,True,True,True,pg_el,1,GERMINATED,0
pg7_3,9,97,76,21,0.7835051546391752,22.0,97.0,76,76,76,1,True,True,True,True,True,True,True,True,pg_el,1,GERMINATED,0
pg7_4,0,97,80,17,0.8247422680412371,18.0,97.0,80,80,80,1,True,True,True,True,True,True,True,True,pg_el,1,GERMINATED,0
pg7_4,1,97,32,65,0.32989690721649484,66.0,97.0,32,32,32,1,False,False,True,True,True,True,True,True,pg_el,1,GERMINATED,0
pg7_4,2,97,83,14,0.8556701030927835,15.0,97.0,83,83,83,1,True,True,True,True,True,True,True,True,pg_el,1,GERMINATED,0
pg7_4,3,97,75,22,0.7731958762886598,23.0,97.0,75,75,75,1,True,True,True,True,True,True,True,True,pg_el,1,GERMINATED,0
pg7_4,4,97,61,36,0.6288659793814433,37.0,97.0,61,61,61,1,False,True,True,True,True,True,True,True,pg_el,1,GERMINATED,0
pg7_4,5,97,84,13,0.865979381443299,14.0,97.0,84,84,84,1,True,True,True,True,True,True,True,True,pg_el,1,GERMINATED,0
pg7_4,6,97,74,23,0.7628865979381443,24.0,97.0,74,74,74,1,True,True,True,True,True,True,True,True,pg_el,1,GERMINATED,0
pg7_4,7,97,69,28,0.711340206185567,29.0,97.0,69,69,69,1,False,True,True,True,True,True,True,True,pg_el,1,GERMINATED,0
pg7_4,8,97,63,34,0.6494845360824743,35.0,97.0,63,63,63,1,False,True,True,True,True,True,True,True,pg_el,1,GERMINATED,0
pg7_4,9,97,67,30,0.6907216494845361,31.0,97.0,67,67,67,1,False,True,True,True,True,True,True,True,pg_el,1,GERMINATED,0
pg7_5,0,97,68,29,0.7010309278350515,30.0,97.0,68,68,68,1,False,True,True,True,True,True,True,True,pg_el,1,GERMINATED,0
pg7_5,1,97,24,73,0.24742268041237114,74.0,97.0,24,24,24,1,False,False,False,True,True,True,True,True,pg_el,1,GERMINATED,0
pg7_5,2,97,44,53,0.4536082474226804,54.0,97.0,44,44,44,1,False,False,True,True,True,True,True,True,pg_el,1,GERMINATED,0
pg7_5,3,97,80,17,0.8247422680412371,18.0,97.0,80,80,80,1,True,True,True,True,True,True,True,True,pg_el,1,GERMINATED,0
pg7_5,4,97,58,39,0.5979381443298969,40.0,97.0,58,58,58,1,False,True,True,True,True,True,True,True,pg_el,1,GERMINATED,0
pg7_5,5,97,63,34,0.6494845360824743,35.0,97.0,63,63,63,1,False,True,True,True,True,True,True,True,pg_el,1,GERMINATED,0
pg7_5,6,97,79,18,0.8144329896907216,19.0,97.0,79,79,79,1,True,True,True,True,True,True,True,True,pg_el,1,GERMINATED,0
pg7_5,7,97,62,35,0.6391752577319587,36.0,97.0,62,62,62,1,False,True,True,True,True,True,True,True,pg_el,1,GERMINATED,0
pg7_5,8,97,77,20,0.7938144329896907,21.0,97.0,77,77,77,1,True,True,True,True,True,True,True,True,pg_el,1,GERMINATED,0
pg7_5,9,97,67,30,0.6907216494845361,31.0,97.0,67,67,67,1,False,True,True,True,True,True,True,True,pg_el,1,GERMINATED,0
pg7_6,0,97,68,29,0.7010309278350515,30.0,97.0,68,68,68,1,False,True,True,True,True,True,True,True,pg_el,1,GERMINATED,0
pg7_6,1,97,83,14,0.8556701030927835,15.0,97.0,83,83,83,1,True,True,True,True,True,True,True,True,pg_el,1,GERMINATED,0
pg7_6,2,97,74,23,0.7628865979381443,24.0,97.0,74,74,74,1,True,True,True,True,True,True,True,True,pg_el,1,GERMINATED,0
pg7_6,3,97,83,14,0.8556701030927835,15.0,97.0,83,83,83,1,True,True,True,True,True,True,True,True,pg_el,1,GERMINATED,0
pg7_6,4,97,85,12,0.8762886597938144,13.0,97.0,85,85,85,1,True,True,True,True,True,True,True,True,pg_el,1,GERMINATED,0
pg7_6,5,97,63,34,0.6494845360824743,35.0,97.0,63,63,63,1,False,True,True,True,True,True,True,True,pg_el,1,GERMINATED,0
pg7_6,6,97,64,33,0.6597938144329897,34.0,97.0,64,64,64,1,False,True,True,True,True,True,True,True,pg_el,1,GERMINATED,0
pg7_6,7,97,71,26,0.7319587628865979,27.0,97.0,71,71,71,1,False,True,True,True,True,True,True,True,pg_el,1,GERMINATED,0
pg7_6,8,97,82,15,0.845360824742268,16.0,97.0,82,82,82,1,True,True,True,True,True,True,True,True,pg_el,1,GERMINATED,0
pg7_6,9,97,85,12,0.8762886597938144,13.0,97.0,85,85,85,1,True,True,True,True,True,True,True,True,pg_el,1,GERMINATED,0
pg7_7,0,97,0,97,0.0,,,0,0,0,0,False,False,False,False,False,False,False,False,pg_im,0,NON-GERMINATED,0
pg7_7,1,97,0,97,0.0,,,0,0,0,0,False,False,False,False,False,False,False,False,pg_im,0,NON-GERMINATED,0
pg7_7,2,97,0,97,0.0,,,0,0,0,0,False,False,False,False,False,False,False,False,pg_im,0,NON-GERMINATED,0
pg7_7,3,97,76,21,0.7835051546391752,22.0,97.0,76,76,76,1,True,True,True,True,True,True,True,True,pg_el,1,GERMINATED,0
pg7_7,4,97,66,31,0.6804123711340206,32.0,97.0,66,66,66,1,False,True,True,True,True,True,True,True,pg_el,1,GERMINATED,0
pg7_7,5,97,64,33,0.6597938144329897,34.0,97.0,64,64,64,1,False,True,True,True,True,True,True,True,pg_el,1,GERMINATED,0
pg7_7,6,97,51,46,0.5257731958762887,47.0,97.0,51,51,51,1,False,True,True,True,True,True,True,True,pg_el,1,GERMINATED,0
pg7_7,7,97,72,25,0.7422680412371134,26.0,97.0,72,72,72,1,False,True,True,True,True,True,True,True,pg_el,1,GERMINATED,0
pg7_7,8,97,73,24,0.7525773195876289,25.0,97.0,73,73,73,1,False,True,True,True,True,True,True,True,pg_el,1,GERMINATED,0
pg7_7,9,97,70,27,0.7216494845360825,28.0,97.0,70,70,70,1,False,True,True,True,True,True,True,True,pg_el,1,GERMINATED,0
pg7_8,0,97,67,30,0.6907216494845361,31.0,97.0,67,67,67,1,False,True,True,True,True,True,True,True,pg_el,1,GERMINATED,0
pg7_8,1,97,0,97,0.0,,,0,0,0,0,False,False,False,False,False,False,False,False,pg_im,0,NON-GERMINATED,0
pg7_8,2,97,74,23,0.7628865979381443,24.0,97.0,74,74,74,1,True,True,True,True,True,True,True,True,pg_el,1,GERMINATED,0
pg7_8,3,97,79,18,0.8144329896907216,19.0,97.0,79,79,79,1,True,True,True,True,True,True,True,True,pg_el,1,GERMINATED,0
pg7_8,4,97,84,13,0.865979381443299,14.0,97.0,84,84,84,1,True,True,True,True,True,True,True,True,pg_el,1,GERMINATED,0
pg7_8,5,97,73,24,0.7525773195876289,25.0,97.0,73,73,73,1,False,True,True,True,True,True,True,True,pg_el,1,GERMINATED,0
pg7_8,6,97,81,16,0.8350515463917526,17.0,97.0,81,81,81,1,True,True,True,True,True,True,True,True,pg_el,1,GERMINATED,0
pg7_8,7,97,71,26,0.7319587628865979,27.0,97.0,71,71,71,1,False,True,True,True,True,True,True,True,pg_el,1,GERMINATED,0
pg7_8,8,97,43,54,0.44329896907216493,55.0,97.0,43,43,43,1,False,False,True,True,True,True,True,True,pg_el,1,GERMINATED,0
pg7_8,9,97,0,97,0.0,,,0,0,0,0,False,False,False,False,False,False,False,False,pg_im,0,NON-GERMINATED,0
pg7_9,0,97,58,39,0.5979381443298969,40.0,97.0,58,58,58,1,False,True,True,True,True,True,True,True,pg_el,1,GERMINATED,0
pg7_9,1,97,45,52,0.4639175257731959,53.0,97.0,45,45,45,1,False,False,True,True,True,True,True,True,pg_el,1,GERMINATED,0
pg7_9,2,97,75,22,0.7731958762886598,23.0,97.0,75,75,75,1,True,True,True,True,True,True,True,True,pg_el,1,GERMINATED,0
pg7_9,3,97,65,32,0.6701030927835051,33.0,97.0,65,65,65,1,False,True,True,True,True,True,True,True,pg_el,1,GERMINATED,0
pg7_9,4,97,74,23,0.7628865979381443,24.0,97.0,74,74,74,1,True,True,True,True,True,True,True,True,pg_el,1,GERMINATED,0
pg7_9,5,97,65,32,0.6701030927835051,33.0,97.0,65,65,65,1,False,True,True,True,True,True,True,True,pg_el,1,GERMINATED,0
pg7_9,6,97,65,32,0.6701030927835051,33.0,97.0,65,65,65,1,False,True,True,True,True,True,True,True,pg_el,1,GERMINATED,0
pg7_9,7,97,77,20,0.7938144329896907,21.0,97.0,77,77,77,1,True,True,True,True,True,True,True,True,pg_el,1,GERMINATED,0
pg7_9,8,97,53,44,0.5463917525773195,45.0,97.0,53,53,53,1,False,True,True,True,True,True,True,True,pg_el,1,GERMINATED,0
pg7_9,9,97,73,24,0.7525773195876289,25.0,97.0,73,73,73,1,False,True,True,True,True,True,True,True,pg_el,1,GERMINATED,0
pg8_1,0,97,69,28,0.711340206185567,29.0,97.0,69,69,69,1,False,True,True,True,True,True,True,True,pg_el,1,GERMINATED,0
pg8_1,1,97,61,36,0.6288659793814433,37.0,97.0,61,61,61,1,False,True,True,True,True,True,True,True,pg_el,1,GERMINATED,0
pg8_1,2,97,63,34,0.6494845360824743,35.0,97.0,63,63,63,1,False,True,True,True,True,True,True,True,pg_el,1,GERMINATED,0
pg8_1,3,97,82,15,0.845360824742268,16.0,97.0,82,82,82,1,True,True,True,True,True,True,True,True,pg_el,1,GERMINATED,0
pg8_1,4,97,59,38,0.6082474226804123,39.0,97.0,59,59,59,1,False,True,True,True,True,True,True,True,pg_el,1,GERMINATED,0
pg8_1,5,97,71,26,0.7319587628865979,27.0,97.0,71,71,71,1,False,True,True,True,True,True,True,True,pg_el,1,GERMINATED,0
pg8_1,6,97,58,39,0.5979381443298969,38.0,97.0,56,56,2,2,False,True,True,True,True,True,True,True,pg_el,1,GERMINATED,1
pg8_1,7,97,72,25,0.7422680412371134,26.0,97.0,72,72,72,1,False,True,True,True,True,True,True,True,pg_el,1,GERMINATED,0
pg8_1,8,97,79,18,0.8144329896907216,19.0,97.0,79,79,79,1,True,True,True,True,True,True,True,True,pg_el,1,GERMINATED,0
pg8_1,9,97,62,35,0.6391752577319587,36.0,97.0,62,62,62,1,False,True,True,True,True,True,True,True,pg_el,1,GERMINATED,0
pg8_1,10,97,71,26,0.7319587628865979,27.0,97.0,71,71,71,1,False,True,True,True,True,True,True,True,pg_el,1,GERMINATED,0
pg8_1,11,97,90,7,0.9278350515463918,4.0,97.0,86,86,4,2,True,True,True,True,True,True,True,True,pg_el,1,GERMINATED,1
